cod_ccpp,NOMCP,CAPITAL,ubigeo_distrito,ubigeo_provincia,ubigeo_departamento,nombre_distrito,nombre_provincia,departamento,altitud_m,t_min,distance_km,routable,cod_destino_cercano,poblacion,urbano_rural
237604,Reventazon,0,200801,2008,20,SECHURA,SECHURA,PIURA,27,,,False,,6886.5,urbano
226439,Mina de Sal Zapayal,0,200801,2008,20,SECHURA,SECHURA,PIURA,1,,,False,,857.7,rural
242240,Garita Garcia,0,200801,2008,20,SECHURA,SECHURA,PIURA,3,,,False,,2735.5,urbano
616252,El Sauce,0,200801,2008,20,SECHURA,SECHURA,PIURA,50,,,False,,771.3,rural
622034,Vega Del Caballo,0,200801,2008,20,SECHURA,SECHURA,PIURA,24,77.25825554531457,70.65505127399402,True,00032108,1989.8,rural
683685,Las Dunas,0,200801,2008,20,SECHURA,SECHURA,PIURA,0,,,False,,5244.3,urbano
529689,San Jose de Los Molinos,0,200304,2003,20,HUARMACA,HUANCABAMBA,PIURA,1725,,,False,,199.5,rural
551685,Limon,0,200304,2003,20,HUARMACA,HUANCABAMBA,PIURA,1822,2.468968310548591,1.7319734648874683,True,00002272,303.3,rural
240373,Hacienda Limon,0,200304,2003,20,HUARMACA,HUANCABAMBA,PIURA,1107,44.39818679116452,50.8986937853691,True,00002272,515.8,rural
217633,Pacaypampa,0,200304,2003,20,HUARMACA,HUANCABAMBA,PIURA,1503,,,False,,53.0,rural
214044,Tallacas,0,200304,2003,20,HUARMACA,HUANCABAMBA,PIURA,2525,26.28666696679812,21.698257356539614,True,00002272,1044.8,rural
242888,Piedra Parada,0,200304,2003,20,HUARMACA,HUANCABAMBA,PIURA,1878,3.6677324756513974,3.9614150536955903,True,00002272,180.1,rural
214174,Carrizal De Tres Horcones,0,200304,2003,20,HUARMACA,HUANCABAMBA,PIURA,1255,19.554095947245376,12.403536687973956,True,00002272,252.0,rural
235682,Huaychau,0,200304,2003,20,HUARMACA,HUANCABAMBA,PIURA,2199,50.447314752946305,49.19350389155578,True,00002272,683.2,rural
550382,Yumbe De Porcuya,0,200304,2003,20,HUARMACA,HUANCABAMBA,PIURA,1633,20.287721634115282,13.611142347265265,True,00002272,119.4,rural
651846,Chilcapampa,0,200304,2003,20,HUARMACA,HUANCABAMBA,PIURA,2640,44.30024003816725,33.707306070785705,True,00002272,1231.2,rural
657577,El Sauce (El Sauce de Porcuya),0,200304,2003,20,HUARMACA,HUANCABAMBA,PIURA,1946,,,False,,428.3,rural
213884,Overal,0,200304,2003,20,HUARMACA,HUANCABAMBA,PIURA,632,16.16476860219396,18.54129053466191,True,00002272,211.0,rural
543904,Chinche,0,200304,2003,20,HUARMACA,HUANCABAMBA,PIURA,1411,3.6677324756513974,3.9614150536955903,True,00002272,162.6,rural
622592,Limon de Porcuya,0,200304,2003,20,HUARMACA,HUANCABAMBA,PIURA,1597,0.17549144455045623,0.08774572227522813,True,00002272,352.1,rural
244381,Zapotal,0,200304,2003,20,HUARMACA,HUANCABAMBA,PIURA,1153,37.95988518440891,43.7437250167863,True,00002272,336.0,rural
680495,Eucalipto De Porcuya,0,200304,2003,20,HUARMACA,HUANCABAMBA,PIURA,1896,9.115484347482765,6.01667597884623,True,00002272,187.8,rural
119198,San Pedro,0,200805,2008,20,VICE,SECHURA,PIURA,3,24.433214258053006,18.073615582082653,True,00031075,592.5,rural
222083,Hacienda Santa Clara,0,200110,2001,20,LA UNION,PIURA,PIURA,13,10.750450031508244,7.441664430757987,True,00002124,1737.7,rural
531598,Petroperu,0,200801,2008,20,SECHURA,SECHURA,PIURA,86,,,False,,4349.8,urbano
553124,El Impulso,0,200806,2008,20,RINCONADA LLICUAR,SECHURA,PIURA,10,7.979755981222993,6.166795118056521,True,00002157,1038.0,rural
213731,Santa Rosa,0,200801,2008,20,SECHURA,SECHURA,PIURA,7,7.994764259587326,5.698330335567259,True,00018922,618.9,rural
215874,Santa Ana,0,200801,2008,20,SECHURA,SECHURA,PIURA,10,7.461762045212234,3.8316923923137276,True,00018922,583.0,rural
224452,San Antonio,0,200804,2008,20,CRISTO NOS VALGA,SECHURA,PIURA,7,12.113048685356254,8.619434554534402,True,00002157,1397.2,rural
551669,Vista Florida,0,200806,2008,20,RINCONADA LLICUAR,SECHURA,PIURA,12,8.205186792769531,6.827189716197121,True,00002157,2532.1,urbano
616729,Salitral,0,200806,2008,20,RINCONADA LLICUAR,SECHURA,PIURA,11,4.275328372581307,3.333391123186246,True,00002157,2020.9,urbano
219573,Hacienda Monte Viejo,0,200110,2001,20,LA UNION,PIURA,PIURA,11,10.68409864094033,6.817206947885876,True,00002124,876.3,rural
618320,Santa Isabel,0,200805,2008,20,VICE,SECHURA,PIURA,17,1.6692658531506293,1.0069295469917183,True,00031075,3823.7,urbano
121134,Hacienda La Constancia,0,200805,2008,20,VICE,SECHURA,PIURA,12,3.046065953903579,2.8648425951946934,True,00031075,399.5,rural
658734,El Bendito,0,200110,2001,20,LA UNION,PIURA,PIURA,39,4.568617769720726,2.8191413587963705,True,00002151,1746.0,rural
549810,El Porvenir,0,200801,2008,20,SECHURA,SECHURA,PIURA,11,0.5918247738623401,0.3845670893949475,True,00018922,2897.6,urbano
563640,Las Capillas,0,200801,2008,20,SECHURA,SECHURA,PIURA,15,1.2055520319559618,0.8310639611309019,True,00025102,1889.0,rural
625042,Victor Raul Haya de La Torre,0,200801,2008,20,SECHURA,SECHURA,PIURA,6,2.007773389684672,1.4256598188957563,True,00025102,1185.9,rural
652277,La Florida,0,200801,2008,20,SECHURA,SECHURA,PIURA,11,1.5180453191935845,1.0114594807625314,True,00025102,1686.1,rural
624131,Nuevo Chulliyachi,0,200801,2008,20,SECHURA,SECHURA,PIURA,11,2.250467387888228,1.5962108748454367,True,00025102,1327.2,rural
130606,Letira,0,200805,2008,20,VICE,SECHURA,PIURA,12,5.928806434226887,5.162353300310299,True,00031075,3852.2,urbano
131107,Pampa  de Loro,0,200801,2008,20,SECHURA,SECHURA,PIURA,9,9.2677725279921,7.511681377781737,True,00018922,950.0,rural
652278,Nueva Esperanza,0,200801,2008,20,SECHURA,SECHURA,PIURA,9,0.6804516422655422,0.42141541620962075,True,00025102,2502.2,urbano
118446,Sanchez,0,200805,2008,20,VICE,SECHURA,PIURA,15,3.4314577977817877,2.345840150141725,True,00031075,1738.9,rural
123098,Constante,0,200801,2008,20,SECHURA,SECHURA,PIURA,4,14.431589595605491,14.123416529844329,True,00025102,1457.6,rural
130613,Chusis,0,200801,2008,20,SECHURA,SECHURA,PIURA,22,4.656336309579587,4.283468021640211,True,00018922,653.7,rural
226914,Palo Parado,0,200801,2008,20,SECHURA,SECHURA,PIURA,0,12.5623826612653,11.090561591601432,True,00025102,460.6,rural
683686,Juan De Los Rios - Vice,0,200805,2008,20,VICE,SECHURA,PIURA,39,,,False,,2993.5,urbano
683687,Brisas Del Mar - Nuevo Parachique,0,200801,2008,20,SECHURA,SECHURA,PIURA,12,,,False,,5400.3,urbano
245605,San Martin de Letira,0,200110,2001,20,LA UNION,PIURA,PIURA,16,14.053106493072843,9.151844001114757,True,00002124,4176.1,urbano
617169,San Vicente,0,200110,2001,20,LA UNION,PIURA,PIURA,21,6.1879335224771514,4.007026721901074,True,00011733,9702.1,urbano
690412,Santa Elena,0,200109,2001,20,LA ARENA,PIURA,PIURA,23,13.346441908280376,9.067095563605005,True,00002124,6213.8,urbano
114788,Santa Filomena,0,200803,2008,20,BERNAL,SECHURA,PIURA,11,5.734732166713764,4.092215001178368,True,00002157,439.9,rural
246742,Hacienda San Juan de Chato,0,200110,2001,20,LA UNION,PIURA,PIURA,13,7.790561896694856,5.815110415930312,True,00032108,946.6,rural
114156,La Victoria,0,200107,2001,20,CURA MORI,PIURA,PIURA,27,1.4443149715273433,0.7490585062318131,True,00002137,1414.5,rural
121984,Catacaos,3,200105,2001,20,CATACAOS,PIURA,PIURA,27,0.2501376776234901,0.13792000016836095,True,00036970,6734.0,urbano
616890,Nuevo Chato Grande,0,200107,2001,20,CURA MORI,PIURA,PIURA,21,14.373724243095465,10.20781465966362,True,00002137,806.9,rural
219407,Hacienda Santa Maria,0,200109,2001,20,LA ARENA,PIURA,PIURA,24,4.610773527720571,3.017766893605383,True,00002124,1645.4,rural
652455,Ciudad Noe,0,200107,2001,20,CURA MORI,PIURA,PIURA,23,14.36827356368782,9.925422639517244,True,00002137,1799.7,rural
610901,La Coscola,0,200801,2008,20,SECHURA,SECHURA,PIURA,59,,,False,,554.6,rural
569175,Juan Velasco Alvarado,0,200105,2001,20,CATACAOS,PIURA,PIURA,26,1.6285325698275228,1.048783642261744,True,00026927,975.5,rural
222329,Pedregal Chico,0,200105,2001,20,CATACAOS,PIURA,PIURA,24,6.466110523358439,5.9988063367594595,True,00002124,791.5,rural
223560,Fundo Yolanda Gonzales,0,200105,2001,20,CATACAOS,PIURA,PIURA,23,6.096117546288754,5.774807165722284,True,00002124,1396.9,rural
525304,Monteverde,0,200105,2001,20,CATACAOS,PIURA,PIURA,174,98.08039347311362,66.06905846562988,True,00002178,1164.4,rural
614437,Maria Vega de la Redonda,0,200801,2008,20,SECHURA,SECHURA,PIURA,114,,,False,,764.0,rural
130306,Cucungara,3,200107,2001,20,CURA MORI,PIURA,PIURA,23,0.9362891832468861,0.6339979487626112,True,00002137,2298.4,urbano
519061,San Ramon,0,200804,2008,20,CRISTO NOS VALGA,SECHURA,PIURA,22,24.23669158342961,23.997453742091654,True,00032108,1371.2,rural
129963,Cerritos,0,200804,2008,20,CRISTO NOS VALGA,SECHURA,PIURA,17,14.076131057823202,10.687230117658265,True,00002157,1661.8,rural
241657,El Venado,0,200105,2001,20,CATACAOS,PIURA,PIURA,242,,,False,,832.0,rural
224039,Santa Rosa,0,200803,2008,20,BERNAL,SECHURA,PIURA,11,14.254320848171593,8.987848260183771,True,00032108,429.8,rural
227821,Guadalupe,0,200803,2008,20,BERNAL,SECHURA,PIURA,16,12.854750501313893,8.413343616939406,True,00032108,603.1,rural
237573,Tierras Nuevas,0,200803,2008,20,BERNAL,SECHURA,PIURA,10,8.53400421369281,5.482737065377169,True,00002157,3532.9,urbano
227311,Nemesio / Noria Nemesio,0,200404,2004,20,LA MATANZA,MORROPON,PIURA,249,53.661666308453235,30.175202017207827,True,00002164,445.7,rural
650106,Almirante Grau,0,200107,2001,20,CURA MORI,PIURA,PIURA,20,15.04740959380506,10.951534569918673,True,00002137,1968.1,rural
125871,Chato Chico,0,200107,2001,20,CURA MORI,PIURA,PIURA,26,8.645871867246623,5.574627681658198,True,00002137,2800.6,urbano
229670,Hacienda Cruz Verde,0,200109,2001,20,LA ARENA,PIURA,PIURA,16,2.4976252474112073,2.403040629553399,True,00002124,609.2,rural
133192,Tamarindo Bajo,0,200110,2001,20,LA UNION,PIURA,PIURA,14,5.664163717332215,4.158665338366285,True,00002124,1425.6,rural
122788,Chuchal de Santiago,0,200802,2008,20,BELLAVISTA DE LA UNION,SECHURA,PIURA,18,3.8263715956104734,3.0701900226684113,True,00011733,417.7,rural
621207,Zona de La Prada,0,200105,2001,20,CATACAOS,PIURA,PIURA,192,,,False,,2268.5,urbano
545654,Santuyal,0,200109,2001,20,LA ARENA,PIURA,PIURA,21,6.705230962223461,4.981031960223828,True,00002124,1690.0,rural
118140,Los Mores,0,200107,2001,20,CURA MORI,PIURA,PIURA,20,,,False,,1211.8,rural
233964,Hacienda San Carlos,0,200107,2001,20,CURA MORI,PIURA,PIURA,20,8.940694626284138,5.864804672794961,True,00002137,2984.5,urbano
126075,Tamarindo Alto,0,200109,2001,20,LA ARENA,PIURA,PIURA,20,5.664163717332215,4.158665338366285,True,00002124,795.1,rural
535303,La Bruja,0,200107,2001,20,CURA MORI,PIURA,PIURA,49,12.093633961942176,12.824978492114314,True,00010723,3083.4,urbano
239325,La Hipoteca,0,200105,2001,20,CATACAOS,PIURA,PIURA,25,15.45039169747009,7.982237865752969,True,00026927,822.1,rural
524977,La Campiña,0,200105,2001,20,CATACAOS,PIURA,PIURA,22,6.023032710178216,4.4923157113243315,True,00026927,1773.8,rural
110987,Narihuala,0,200105,2001,20,CATACAOS,PIURA,PIURA,26,5.817227155802914,4.433271247335258,True,00026927,637.4,rural
212246,San Pablo,0,200105,2001,20,CATACAOS,PIURA,PIURA,31,7.770865924139984,9.362471844619519,True,00010723,949.4,rural
126151,Rinconada,0,200105,2001,20,CATACAOS,PIURA,PIURA,24,3.3289098149881635,2.922497020085704,True,00026927,3725.2,urbano
243592,El Gredal,0,200105,2001,20,CATACAOS,PIURA,PIURA,40,6.731929670446212,7.823192849976504,True,00010723,2732.3,urbano
558123,Cumbibira Norte,0,200105,2001,20,CATACAOS,PIURA,PIURA,27,15.08032341271999,10.944712404168229,True,00002124,4642.8,urbano
127321,El Seis,0,200401,2004,20,CHULUCANAS,MORROPON,PIURA,191,19.50078824941388,13.094762987688146,True,00002164,561.9,rural
560673,Alto el Brujo,0,200803,2008,20,BERNAL,SECHURA,PIURA,22,8.419020709164272,6.525146926657153,True,00002157,541.4,rural
553475,Lucas Cutivalu II Etapa,0,200105,2001,20,CATACAOS,PIURA,PIURA,27,1.3828980365105215,0.8446108195345212,True,00026927,3022.1,urbano
683344,26 De Noviembre,0,200107,2001,20,CURA MORI,PIURA,PIURA,21,0.7163142898003124,0.35815714490015627,True,00002137,2797.7,urbano
656345,Valverde,0,200804,2008,20,CRISTO NOS VALGA,SECHURA,PIURA,27,20.82075417154365,19.50069824616488,True,00032108,450.5,rural
657454,La Huaca,0,200801,2008,20,SECHURA,SECHURA,PIURA,79,,,False,,396.1,rural
658733,La Bocana,0,200802,2008,20,BELLAVISTA DE LA UNION,SECHURA,PIURA,18,1.8033711994050718,1.3843563591639103,True,00011733,16677.2,urbano
651830,Cayetano Heredia,0,200105,2001,20,CATACAOS,PIURA,PIURA,28,1.3425660351290862,0.8218279745673883,True,00026927,0.0,rural
549194,Sincape,0,200109,2001,20,LA ARENA,PIURA,PIURA,23,4.91775677976406,2.534363696813327,True,00002124,2405.8,urbano
514893,Rio Viejo Sur,0,200109,2001,20,LA ARENA,PIURA,PIURA,19,6.4520464660818,4.168560766188255,True,00002124,2811.8,urbano
124740,Rio Viejo Norte,0,200109,2001,20,LA ARENA,PIURA,PIURA,19,7.095070814691014,4.8553125819540615,True,00002124,615.5,rural
118366,Pampa Chica,0,200109,2001,20,LA ARENA,PIURA,PIURA,21,5.763785416146276,3.7097200662312395,True,00002124,1794.8,rural
110286,Casarana,0,200109,2001,20,LA ARENA,PIURA,PIURA,20,3.12964697827212,3.0385056754781203,True,00002124,2221.0,urbano
241239,El Tabanco,0,200108,2001,20,EL TALLAN,PIURA,PIURA,22,14.884416464796256,11.520382231150473,True,00032108,959.3,rural
524444,Nuevo Piedral,0,200108,2001,20,EL TALLAN,PIURA,PIURA,20,14.12109994840946,10.12936114503925,True,00032108,1464.7,rural
538591,Nuevo Tamarindo,0,200109,2001,20,LA ARENA,PIURA,PIURA,21,3.293597946294558,2.691654540825487,True,00002124,3595.2,urbano
549723,San Pedro,0,200109,2001,20,LA ARENA,PIURA,PIURA,20,3.0933063203722244,2.5989766552275966,True,00002124,0.0,rural
240944,Nuevo Monte Grande,0,200109,2001,20,LA ARENA,PIURA,PIURA,27,3.470276234155927,2.8883612023986913,True,00002124,1338.4,rural
622455,Laguna de Los Prado,0,200109,2001,20,LA ARENA,PIURA,PIURA,21,2.2910876273787637,1.7145099661892687,True,00002124,4687.2,urbano
116848,Alto de Los More,0,200109,2001,20,LA ARENA,PIURA,PIURA,27,3.9117772900492915,2.304843451574046,True,00002124,6292.3,urbano
119171,Monte Redondo,0,200110,2001,20,LA UNION,PIURA,PIURA,16,5.0326486630100336,4.077829635442729,True,00011733,2481.9,urbano
236815,Sinchao Grande,0,200108,2001,20,EL TALLAN,PIURA,PIURA,16,0.5357190860552097,0.2897280418551812,True,00032108,2393.5,urbano
128352,Canizal Grande,0,200110,2001,20,LA UNION,PIURA,PIURA,18,8.92588312114898,5.318250021729083,True,00011733,2127.0,urbano
226767,Canizal Chico,0,200110,2001,20,LA UNION,PIURA,PIURA,13,6.543987770056205,5.192464025917023,True,00032108,2358.4,urbano
653705,Nuevo Vega del Chico,0,200803,2008,20,BERNAL,SECHURA,PIURA,17,5.155326097879176,3.7632414267901275,True,00002157,481.6,rural
680469,Pan de Azufre,0,200801,2008,20,SECHURA,SECHURA,PIURA,53,31.373519188716312,35.977851054606944,True,00032108,2070.2,urbano
683683,El Gredal,0,200105,2001,20,CATACAOS,PIURA,PIURA,24,7.358064165821808,3.9360740999288275,True,00026927,888.3,rural
690563,Venecia De San Clemente,0,200802,2008,20,BELLAVISTA DE LA UNION,SECHURA,PIURA,16,3.7246204218577317,2.375073783905324,True,00002157,1777.7,rural
690564,La Algarrobera,0,200804,2008,20,CRISTO NOS VALGA,SECHURA,PIURA,29,20.112609726473863,18.663424386755093,True,00032108,632.7,rural
212215,Comiceria Morante,0,200105,2001,20,CATACAOS,PIURA,PIURA,240,,,False,,757.0,rural
117275,Huamala,0,200302,2003,20,CANCHAQUE,HUANCABAMBA,PIURA,1265,,,False,,477.9,rural
124570,Chalpa,0,200304,2003,20,HUARMACA,HUANCABAMBA,PIURA,613,95.35125213717305,89.54847089862989,True,00002266,425.1,rural
227601,El Tocto,0,200304,2003,20,HUARMACA,HUANCABAMBA,PIURA,269,68.75870861082356,41.091674798040195,True,00002272,423.8,rural
224922,Coyana,0,200304,2003,20,HUARMACA,HUANCABAMBA,PIURA,2024,93.24220373424693,51.56593161535246,True,00002272,70.7,rural
518192,Yahuangate,0,200304,2003,20,HUARMACA,HUANCABAMBA,PIURA,1891,,,False,,118.8,rural
546410,Molino Viejo,0,200304,2003,20,HUARMACA,HUANCABAMBA,PIURA,388,,,False,,183.6,rural
242754,Mac Mac,0,200304,2003,20,HUARMACA,HUANCABAMBA,PIURA,1957,90.57751020019752,55.68989847033481,True,00002272,111.1,rural
227351,Achira,0,200304,2003,20,HUARMACA,HUANCABAMBA,PIURA,1461,,,False,,327.1,rural
210096,Bellavista,0,200306,2003,20,SAN MIGUEL DE EL FAIQUE,HUANCABAMBA,PIURA,834,36.59352792854511,39.34640550190477,True,00002228,403.7,rural
526498,Huacas Bajo,0,200306,2003,20,SAN MIGUEL DE EL FAIQUE,HUANCABAMBA,PIURA,224,22.760550380939865,23.207931696365318,True,00002228,1687.2,rural
212374,Mantequillera,0,200306,2003,20,SAN MIGUEL DE EL FAIQUE,HUANCABAMBA,PIURA,232,24.119239621383944,24.793069143550078,True,00002228,801.4,rural
533881,Piedra Grande,0,200304,2003,20,HUARMACA,HUANCABAMBA,PIURA,1170,75.90160833893374,62.55743623532668,True,00002228,169.8,rural
235895,Jaguay del Papayo,0,200404,2004,20,LA MATANZA,MORROPON,PIURA,237,,,False,,1338.8,rural
236652,Campanas,0,200302,2003,20,CANCHAQUE,HUANCABAMBA,PIURA,981,51.63026739510963,39.50043774634779,True,00002228,642.3,rural
541817,Agua Azul,0,200302,2003,20,CANCHAQUE,HUANCABAMBA,PIURA,1346,52.93885589424211,38.40994733040406,True,00002228,487.8,rural
223969,Ternique,0,200404,2004,20,LA MATANZA,MORROPON,PIURA,143,22.39706656287912,21.100168750210536,True,00002178,646.7,rural
617034,Chanizo,0,200306,2003,20,SAN MIGUEL DE EL FAIQUE,HUANCABAMBA,PIURA,266,27.964839094146203,28.770192287941054,True,00002228,672.2,rural
113408,Loma Larga Baja,0,200306,2003,20,SAN MIGUEL DE EL FAIQUE,HUANCABAMBA,PIURA,398,30.311876336942255,31.949820858617972,True,00002228,682.0,rural
537771,Hualtacal,0,200302,2003,20,CANCHAQUE,HUANCABAMBA,PIURA,254,,,False,,393.7,rural
229628,La Flor,0,200306,2003,20,SAN MIGUEL DE EL FAIQUE,HUANCABAMBA,PIURA,471,34.28974512822146,35.42128608037941,True,00002228,352.0,rural
549561,Potrerillo,0,200302,2003,20,CANCHAQUE,HUANCABAMBA,PIURA,488,30.30894312035685,30.76120186526692,True,00002228,280.6,rural
619514,Cardal,0,200407,2004,20,SAN JUAN DE BIGOTE,MORROPON,PIURA,262,18.21526508411641,13.165213052223297,True,00002228,137.7,rural
120711,Salitral,3,200406,2004,20,SALITRAL,MORROPON,PIURA,158,8.275086088563926,6.738754973618931,True,00002228,1358.2,rural
515799,Andanjo,0,200302,2003,20,CANCHAQUE,HUANCABAMBA,PIURA,1713,51.19624642990661,40.23575086460755,True,00030253,550.1,rural
123132,Huerequeque,0,200302,2003,20,CANCHAQUE,HUANCABAMBA,PIURA,1576,47.32629984865287,38.26694924880482,True,00030253,115.9,rural
120342,La Vaqueria,0,200302,2003,20,CANCHAQUE,HUANCABAMBA,PIURA,1548,46.155447918357105,37.16157903591856,True,00030253,87.8,rural
232323,El Pasmo,0,200302,2003,20,CANCHAQUE,HUANCABAMBA,PIURA,1512,53.066418575995705,40.61706436473785,True,00030253,139.0,rural
113364,San Juan,0,200406,2004,20,SALITRAL,MORROPON,PIURA,146,11.858917279382121,10.09886121004636,True,00002228,1365.1,rural
543135,Los Guayaquiles,0,200407,2004,20,SAN JUAN DE BIGOTE,MORROPON,PIURA,354,16.762505552703665,11.541407862472866,True,00002228,57.6,rural
119016,Hualas,0,200402,2004,20,BUENOS AIRES,MORROPON,PIURA,172,18.819746519860136,18.35726044247169,True,00002228,767.1,rural
112610,Hispon,0,200404,2004,20,LA MATANZA,MORROPON,PIURA,152,,,False,,334.0,rural
121066,Morroponcito,0,200402,2004,20,BUENOS AIRES,MORROPON,PIURA,137,19.86736486294846,19.579481842741398,True,00002228,183.0,rural
130660,El Ala,0,200402,2004,20,BUENOS AIRES,MORROPON,PIURA,134,19.86736486294846,19.579481842741398,True,00002228,553.6,rural
124252,Pampas de Cilia,0,200302,2003,20,CANCHAQUE,HUANCABAMBA,PIURA,775,26.84799966825887,21.681854495440863,True,00030253,465.2,rural
124654,Chanchape,0,200404,2004,20,LA MATANZA,MORROPON,PIURA,112,14.404487648448026,8.884506387657217,True,00002178,639.9,rural
657570,Nueva Esperanza,0,200407,2004,20,SAN JUAN DE BIGOTE,MORROPON,PIURA,244,15.96822226633046,11.973800927100385,True,00002228,425.0,rural
657693,Los Huancas,0,200304,2003,20,HUARMACA,HUANCABAMBA,PIURA,646,95.35125213717305,89.54847089862989,True,00002266,137.0,rural
657791,El Limon,0,200407,2004,20,SAN JUAN DE BIGOTE,MORROPON,PIURA,592,22.146217407892845,16.549844835347628,True,00002228,151.9,rural
658719,Frejolillo,0,200304,2003,20,HUARMACA,HUANCABAMBA,PIURA,321,84.83857634724583,70.74137833573407,True,00002272,205.4,rural
658721,Afiladera,0,200306,2003,20,SAN MIGUEL DE EL FAIQUE,HUANCABAMBA,PIURA,847,36.625083102676584,39.362183088970504,True,00002228,1077.6,rural
682307,Nueva Esperanza de Los Molinos,0,200304,2003,20,HUARMACA,HUANCABAMBA,PIURA,378,47.86888459029599,38.63040454521434,True,00002228,991.1,rural
131153,La Zapata,0,200404,2004,20,LA MATANZA,MORROPON,PIURA,189,,,False,,419.6,rural
564461,Faicalito,0,200406,2004,20,SALITRAL,MORROPON,PIURA,395,42.57472985120872,34.95368634834288,True,00002228,1042.4,rural
132146,La Loma,0,200304,2003,20,HUARMACA,HUANCABAMBA,PIURA,1317,98.94769722706344,70.38858996030841,True,00002228,138.3,rural
116003,Laguna de Paltama,0,200304,2003,20,HUARMACA,HUANCABAMBA,PIURA,1279,84.22571730290029,62.86829302028388,True,00002228,348.2,rural
235660,Jajan,0,200304,2003,20,HUARMACA,HUANCABAMBA,PIURA,2277,83.63369714212178,68.85395749032558,True,00002272,714.1,rural
225965,Hualquiro,0,200304,2003,20,HUARMACA,HUANCABAMBA,PIURA,1847,90.57751020019752,55.68989847033481,True,00002272,264.3,rural
123756,Limon,0,200304,2003,20,HUARMACA,HUANCABAMBA,PIURA,285,83.53868775159195,69.87478593863148,True,00002272,440.7,rural
549808,Alto Miraflores,0,200304,2003,20,HUARMACA,HUANCABAMBA,PIURA,1340,,,False,,268.6,rural
228889,Nuevo San Martin,0,200304,2003,20,HUARMACA,HUANCABAMBA,PIURA,1239,88.41169652700522,62.98630334996092,True,00002228,243.4,rural
516868,Pirga,0,200304,2003,20,HUARMACA,HUANCABAMBA,PIURA,1409,93.58723596499688,83.00322476617022,True,00002272,209.7,rural
529845,Huabal,0,200302,2003,20,CANCHAQUE,HUANCABAMBA,PIURA,607,38.40240045268498,38.42962404630089,True,00002228,439.0,rural
524765,Los Huarapos,0,200407,2004,20,SAN JUAN DE BIGOTE,MORROPON,PIURA,1098,42.47634635633657,29.98636410818333,True,00002228,310.2,rural
523722,Quitahuajara,0,200306,2003,20,SAN MIGUEL DE EL FAIQUE,HUANCABAMBA,PIURA,1468,67.74059204430941,57.22876980457404,True,00002228,526.6,rural
530080,La Alberca,0,200406,2004,20,SALITRAL,MORROPON,PIURA,182,13.532258389361099,12.310791416634293,True,00002228,833.2,rural
113575,Palo Blanco,0,200406,2004,20,SALITRAL,MORROPON,PIURA,194,16.74313225360765,16.063478114274083,True,00002228,1106.4,rural
119818,Piedra Blanca,0,200406,2004,20,SALITRAL,MORROPON,PIURA,166,,,False,,467.0,rural
126492,Mangamanguilla,0,200406,2004,20,SALITRAL,MORROPON,PIURA,152,16.131492666356547,10.013529324308589,True,00002228,511.5,rural
129654,Quemazon,0,200407,2004,20,SAN JUAN DE BIGOTE,MORROPON,PIURA,248,12.447439851233291,8.8775735682582,True,00002228,976.0,rural
118214,Barrios Bajo,0,200407,2004,20,SAN JUAN DE BIGOTE,MORROPON,PIURA,344,18.595975096501867,13.177195094054396,True,00002228,272.6,rural
540002,Santa Rosa,0,200407,2004,20,SAN JUAN DE BIGOTE,MORROPON,PIURA,186,9.354488041112262,4.688336277206146,True,00002228,413.8,rural
124310,Dotor,0,200407,2004,20,SAN JUAN DE BIGOTE,MORROPON,PIURA,243,15.366797661214706,11.825279646382988,True,00002228,553.6,rural
623324,Palo Negro,0,200407,2004,20,SAN JUAN DE BIGOTE,MORROPON,PIURA,326,16.805205928076973,11.56275805015952,True,00002228,107.6,rural
653976,Nuevo Porvenir,0,200105,2001,20,CATACAOS,PIURA,PIURA,224,58.68142661030379,40.03053139552105,True,00002178,415.4,rural
654159,Colombia,0,200304,2003,20,HUARMACA,HUANCABAMBA,PIURA,281,68.64396993557632,41.03430546041658,True,00002272,69.1,rural
680445,Nueva Esperanza,0,200801,2008,20,SECHURA,SECHURA,PIURA,92,99.09031692748414,88.17409707208158,True,00002178,646.0,rural
680476,Loma Grande,0,200304,2003,20,HUARMACA,HUANCABAMBA,PIURA,1412,68.99760268203161,41.33058114847357,True,00002272,114.9,rural
221751,Laccho,0,200304,2003,20,HUARMACA,HUANCABAMBA,PIURA,952,82.96047562920475,59.35215608476061,True,00002228,492.3,rural
690532,El Progreso,0,200404,2004,20,LA MATANZA,MORROPON,PIURA,145,17.89729045837697,18.88373507759779,True,00002178,418.1,rural
690538,Nuevo Porvenir,0,200407,2004,20,SAN JUAN DE BIGOTE,MORROPON,PIURA,429,25.975595581385768,19.600651384028986,True,00030253,399.1,rural
690540,La Union,0,200407,2004,20,SAN JUAN DE BIGOTE,MORROPON,PIURA,185,6.076189242148459,3.0491868777242432,True,00002228,1858.8,rural
613327,Huamala Alto,0,200302,2003,20,CANCHAQUE,HUANCABAMBA,PIURA,1321,,,False,,536.4,rural
528931,Soñorillo,0,200306,2003,20,SAN MIGUEL DE EL FAIQUE,HUANCABAMBA,PIURA,2503,35.6806898143246,23.228842894238703,True,00002266,650.3,rural
547233,Machay,0,200306,2003,20,SAN MIGUEL DE EL FAIQUE,HUANCABAMBA,PIURA,2804,68.9732372075767,46.66214964847803,True,00033982,513.0,rural
220475,Chupicusha,0,200304,2003,20,HUARMACA,HUANCABAMBA,PIURA,2382,110.71934767824276,95.5564433990036,True,00002266,162.3,rural
234187,Quesera,0,200304,2003,20,HUARMACA,HUANCABAMBA,PIURA,1535,25.92990650881084,17.372598930395633,True,00002272,191.6,rural
130205,Huaricanchi Alto,0,200307,2003,20,SONDOR,HUANCABAMBA,PIURA,2191,4.050893850440775,2.028434518407539,True,00002262,532.4,rural
243458,Guylos,0,200304,2003,20,HUARMACA,HUANCABAMBA,PIURA,2462,,,False,,897.3,rural
127394,Pasajeras 1,0,200304,2003,20,HUARMACA,HUANCABAMBA,PIURA,1170,33.537030457511,37.88829246415004,True,00002272,1430.4,rural
115116,Landa,0,200304,2003,20,HUARMACA,HUANCABAMBA,PIURA,2100,82.24225819039727,47.95290890265639,True,00002272,86.6,rural
225035,Frutilla,0,200304,2003,20,HUARMACA,HUANCABAMBA,PIURA,2504,48.402435418231,49.97930437980452,True,00002272,126.7,rural
129600,Pampa Verde,0,200304,2003,20,HUARMACA,HUANCABAMBA,PIURA,2555,39.9545097045404,45.75534152295921,True,00002272,33.4,rural
227614,Cajunga,0,200304,2003,20,HUARMACA,HUANCABAMBA,PIURA,2473,,,False,,261.6,rural
222149,Corpacucho,0,200304,2003,20,HUARMACA,HUANCABAMBA,PIURA,2258,82.52138601011767,62.895701157601216,True,00002272,429.1,rural
211443,Tingo,0,200304,2003,20,HUARMACA,HUANCABAMBA,PIURA,2139,,,False,,239.5,rural
227420,Yaguro,0,200304,2003,20,HUARMACA,HUANCABAMBA,PIURA,2124,65.26833543336468,65.46381297905391,True,00002272,139.5,rural
238167,Paucas,0,200304,2003,20,HUARMACA,HUANCABAMBA,PIURA,2360,71.38640923159605,65.52962249874248,True,00002272,118.3,rural
647585,Cruz De Piedra,0,200304,2003,20,HUARMACA,HUANCABAMBA,PIURA,2856,58.42826545319816,59.050550609543535,True,00002272,347.2,rural
536658,Portugal,0,200304,2003,20,HUARMACA,HUANCABAMBA,PIURA,1365,,,False,,357.3,rural
532401,Pampa Blanca,0,200304,2003,20,HUARMACA,HUANCABAMBA,PIURA,2004,123.60818695541266,102.00086303758856,True,00002266,375.7,rural
532042,Maza,0,200304,2003,20,HUARMACA,HUANCABAMBA,PIURA,1644,84.33740152083907,76.83666847006499,True,00002272,309.3,rural
237738,Talluran,0,200304,2003,20,HUARMACA,HUANCABAMBA,PIURA,2302,58.70351541374598,63.45603554858138,True,00002272,271.1,rural
651848,Cruz Roja,0,200304,2003,20,HUARMACA,HUANCABAMBA,PIURA,2099,65.80980178775536,68.16533474035997,True,00002272,573.4,rural
651852,San Francisco De Landa,0,200304,2003,20,HUARMACA,HUANCABAMBA,PIURA,2512,100.66445745434531,57.16400853463041,True,00002272,446.0,rural
213235,Ligueron,0,200307,2003,20,SONDOR,HUANCABAMBA,PIURA,2207,,,False,,367.2,rural
242607,Las Juntas,0,200307,2003,20,SONDOR,HUANCABAMBA,PIURA,1653,,,False,,676.7,rural
239313,Cucho,0,200304,2003,20,HUARMACA,HUANCABAMBA,PIURA,2417,68.52668453338838,70.76903432040737,True,00002266,189.2,rural
515042,Rosa de Castilla,0,200304,2003,20,HUARMACA,HUANCABAMBA,PIURA,2906,93.3068957573767,87.72914098687068,True,00002266,112.6,rural
615143,Hinton de Sahuatirca,0,200304,2003,20,HUARMACA,HUANCABAMBA,PIURA,1944,61.61337122087011,66.63480356299696,True,00002266,390.7,rural
515436,Yamalan,0,200304,2003,20,HUARMACA,HUANCABAMBA,PIURA,2103,60.81833611083174,66.91486010912905,True,00002266,314.5,rural
238761,Sarsa,0,200304,2003,20,HUARMACA,HUANCABAMBA,PIURA,2628,,,False,,264.1,rural
531444,Pichanatuna,0,200304,2003,20,HUARMACA,HUANCABAMBA,PIURA,2576,59.60316481438911,65.25998702487894,True,00002266,204.4,rural
236673,Laguna Saguatirca,0,200304,2003,20,HUARMACA,HUANCABAMBA,PIURA,1546,78.10400897419134,78.17889187494838,True,00002266,70.6,rural
212323,Shangapampa,0,200304,2003,20,HUARMACA,HUANCABAMBA,PIURA,2842,70.01794677655832,68.37489196731117,True,00002266,285.4,rural
121648,La Sidra,0,200304,2003,20,HUARMACA,HUANCABAMBA,PIURA,1407,,,False,,193.0,rural
218585,Fundo Tayuran,0,200304,2003,20,HUARMACA,HUANCABAMBA,PIURA,2275,,,False,,329.5,rural
124840,Chitua,0,200304,2003,20,HUARMACA,HUANCABAMBA,PIURA,1421,,,False,,303.1,rural
211195,Paraton,0,200304,2003,20,HUARMACA,HUANCABAMBA,PIURA,2437,106.81874111719296,68.4508825756782,True,00002266,297.3,rural
540456,Nueva Esperanza,0,200304,2003,20,HUARMACA,HUANCABAMBA,PIURA,1596,78.87141708508899,75.10632298182435,True,00002272,40.0,rural
625603,Naranjo Pampa,0,200304,2003,20,HUARMACA,HUANCABAMBA,PIURA,1714,48.97611079317337,55.19113709235858,True,00002266,181.5,rural
539264,Chicope,0,200307,2003,20,SONDOR,HUANCABAMBA,PIURA,2085,125.44528603511527,64.20398453498635,True,00002262,339.7,rural
244773,Cajarana,0,200308,2003,20,SONDORILLO,HUANCABAMBA,PIURA,2556,74.0270933316919,52.055058682927665,True,00002266,355.5,rural
520239,Hualanga Pampa,0,200304,2003,20,HUARMACA,HUANCABAMBA,PIURA,1400,62.856779721074595,56.71706276258939,True,00002266,274.1,rural
510405,Cashapite,0,200304,2003,20,HUARMACA,HUANCABAMBA,PIURA,1572,82.22800261205433,69.82397394060618,True,00002266,240.1,rural
513229,La Loma,0,200307,2003,20,SONDOR,HUANCABAMBA,PIURA,1830,,,False,,336.3,rural
531298,Lucumo Huasimal,0,200306,2003,20,SAN MIGUEL DE EL FAIQUE,HUANCABAMBA,PIURA,2280,86.2263580057085,65.27235113971588,True,00002228,317.6,rural
240534,Tunas,0,200308,2003,20,SONDORILLO,HUANCABAMBA,PIURA,1501,,,False,,553.8,rural
126977,Portachuelo,0,200306,2003,20,SAN MIGUEL DE EL FAIQUE,HUANCABAMBA,PIURA,2179,80.10839408125028,52.22972808531482,True,00033982,190.0,rural
226778,Chunya,0,200307,2003,20,SONDOR,HUANCABAMBA,PIURA,1964,,,False,,1233.2,rural
233887,El Tambo,0,200302,2003,20,CANCHAQUE,HUANCABAMBA,PIURA,2916,35.3639427729437,29.936131854470055,True,00033982,1380.2,rural
546264,Sahyguas,0,200308,2003,20,SONDORILLO,HUANCABAMBA,PIURA,2120,4.609024734560037,4.8598684864893,True,00002266,686.0,rural
222619,Lagunas,0,200306,2003,20,SAN MIGUEL DE EL FAIQUE,HUANCABAMBA,PIURA,1981,69.92900991231004,56.08729396503999,True,00002228,327.0,rural
229105,Cheque,0,200307,2003,20,SONDOR,HUANCABAMBA,PIURA,2329,,,False,,272.9,rural
510589,Shanga,0,200308,2003,20,SONDORILLO,HUANCABAMBA,PIURA,2864,19.25553075410953,12.446658736240872,True,00002266,449.6,rural
532976,Virgen del Carmen,0,200308,2003,20,SONDORILLO,HUANCABAMBA,PIURA,1844,0.21050665410530464,0.10525332705265232,True,00002266,575.3,rural
682982,Burra Corral,0,200304,2003,20,HUARMACA,HUANCABAMBA,PIURA,2131,,,False,,344.9,rural
683318,Alto De La Paloma,0,200304,2003,20,HUARMACA,HUANCABAMBA,PIURA,2204,58.73352096772002,64.68842981812712,True,00002266,318.7,rural
237326,Pagay,0,200304,2003,20,HUARMACA,HUANCABAMBA,PIURA,2578,124.58625398067642,103.36882009852054,True,00002266,498.0,rural
239970,Lanchi,0,200304,2003,20,HUARMACA,HUANCABAMBA,PIURA,1999,95.90908629837405,88.15131270906924,True,00002266,362.5,rural
656281,Naranjo Alto,0,200304,2003,20,HUARMACA,HUANCABAMBA,PIURA,1219,83.27309385335052,79.58428562573368,True,00002272,201.6,rural
656043,Miraflores,0,200304,2003,20,HUARMACA,HUANCABAMBA,PIURA,2539,70.31447455843733,64.99365516216312,True,00002272,217.3,rural
654146,Algarrobito,0,200304,2003,20,HUARMACA,HUANCABAMBA,PIURA,2707,55.631289920009216,57.652062842949064,True,00002272,410.2,rural
654165,Anchirca,0,200304,2003,20,HUARMACA,HUANCABAMBA,PIURA,1348,78.87141708508899,75.10632298182435,True,00002272,69.6,rural
656136,El Eucalipto,0,200304,2003,20,HUARMACA,HUANCABAMBA,PIURA,2307,48.402435418231,49.97930437980452,True,00002272,326.3,rural
656740,Limapampa,0,200304,2003,20,HUARMACA,HUANCABAMBA,PIURA,2239,59.71971930144022,63.964137492428506,True,00002272,303.0,rural
656746,Tierra Acabada,0,200304,2003,20,HUARMACA,HUANCABAMBA,PIURA,2114,83.66361393951667,48.66358677721608,True,00002272,57.6,rural
657679,Congoña,0,200304,2003,20,HUARMACA,HUANCABAMBA,PIURA,2533,,,False,,450.9,rural
657680,Laguna Grande,0,200304,2003,20,HUARMACA,HUANCABAMBA,PIURA,2393,,,False,,136.6,rural
657543,Talla,0,200304,2003,20,HUARMACA,HUANCABAMBA,PIURA,1644,101.99795382586471,88.73746699402673,True,00002272,171.4,rural
657630,Union Catolica,0,200304,2003,20,HUARMACA,HUANCABAMBA,PIURA,2592,67.03004111146691,66.88093913476546,True,00002266,182.3,rural
657632,Nuevo Canchaque,0,200304,2003,20,HUARMACA,HUANCABAMBA,PIURA,2658,99.76081618814264,64.92192011115303,True,00002266,165.7,rural
657634,Nueva Esperanza,0,200304,2003,20,HUARMACA,HUANCABAMBA,PIURA,2707,124.58625398067642,103.36882009852054,True,00002266,213.8,rural
657625,Naranjo Alto,0,200304,2003,20,HUARMACA,HUANCABAMBA,PIURA,1900,64.40310259859129,68.02966925185756,True,00002266,138.5,rural
657626,Sumuche Bajo,0,200304,2003,20,HUARMACA,HUANCABAMBA,PIURA,2270,55.19600693356046,62.44768258947685,True,00002266,332.7,rural
657664,Corral Pampa,0,200304,2003,20,HUARMACA,HUANCABAMBA,PIURA,2703,106.6791220371129,94.41525412673879,True,00002266,159.1,rural
657666,Laño de Lona,0,200304,2003,20,HUARMACA,HUANCABAMBA,PIURA,2250,122.78697376315924,101.59025644146183,True,00002266,514.6,rural
657669,Las Palmeras,0,200304,2003,20,HUARMACA,HUANCABAMBA,PIURA,2316,53.505587699377955,57.72523138103348,True,00002272,167.3,rural
657702,Quebrada Grande,0,200304,2003,20,HUARMACA,HUANCABAMBA,PIURA,2164,,,False,,12.3,rural
657703,Palo Blanco,0,200304,2003,20,HUARMACA,HUANCABAMBA,PIURA,2109,,,False,,68.8,rural
657704,Pampa Grande,0,200304,2003,20,HUARMACA,HUANCABAMBA,PIURA,2305,66.03064895700335,70.75381455959605,True,00002272,231.4,rural
657787,Puquio,0,200304,2003,20,HUARMACA,HUANCABAMBA,PIURA,2514,90.60608231063758,85.92859868904459,True,00002266,124.3,rural
682352,Loma Grande,0,200308,2003,20,SONDORILLO,HUANCABAMBA,PIURA,2540,64.90084529245087,47.49193466330714,True,00002266,466.3,rural
541953,Imbo,0,200307,2003,20,SONDOR,HUANCABAMBA,PIURA,2302,82.11222613633619,42.53745458559681,True,00002262,1045.1,rural
233543,Manirca,0,200306,2003,20,SAN MIGUEL DE EL FAIQUE,HUANCABAMBA,PIURA,2072,67.58940627976003,54.917492148764985,True,00002228,558.4,rural
516380,Tallapampa,0,200306,2003,20,SAN MIGUEL DE EL FAIQUE,HUANCABAMBA,PIURA,2360,47.220311454221154,30.921923987503074,True,00002266,228.5,rural
236219,Succharana,0,200304,2003,20,HUARMACA,HUANCABAMBA,PIURA,1509,74.75099990556699,72.14065240180302,True,00002266,285.3,rural
651853,San Miguel de Succhapampa,0,200304,2003,20,HUARMACA,HUANCABAMBA,PIURA,2194,64.50784885908989,68.75961648325813,True,00002266,311.8,rural
133342,Huarmaca,3,200304,2003,20,HUARMACA,HUANCABAMBA,PIURA,2176,58.24635805823001,64.8720820225792,True,00002266,500.8,rural
522734,Zururan,0,200304,2003,20,HUARMACA,HUANCABAMBA,PIURA,2280,49.708669827247576,50.03544598696374,True,00002266,451.6,rural
510835,Las Ovejerias,0,200308,2003,20,SONDORILLO,HUANCABAMBA,PIURA,2268,30.258672378562956,33.35412560864644,True,00002266,997.0,rural
531066,Victor Raul,0,200304,2003,20,HUARMACA,HUANCABAMBA,PIURA,1685,74.09469410080335,75.35499317628003,True,00002266,105.4,rural
531720,Laguna de Succhirca,0,200304,2003,20,HUARMACA,HUANCABAMBA,PIURA,1520,76.13341790113869,76.7365814079403,True,00002266,338.3,rural
111818,San Antonio de Succhirca,0,200304,2003,20,HUARMACA,HUANCABAMBA,PIURA,1558,78.46570835133751,78.42002479304581,True,00002266,135.9,rural
566452,Santa Cruz de Lipanga,0,200304,2003,20,HUARMACA,HUANCABAMBA,PIURA,2710,110.09710767708366,96.12424694672416,True,00002266,268.8,rural
618696,Estribo Tacana,0,200304,2003,20,HUARMACA,HUANCABAMBA,PIURA,2678,116.46355071523566,99.30746846580016,True,00002266,283.2,rural
123560,Chamana,0,200304,2003,20,HUARMACA,HUANCABAMBA,PIURA,2139,95.90908629837405,88.15131270906924,True,00002266,98.2,rural
117799,Falso Corral,0,200304,2003,20,HUARMACA,HUANCABAMBA,PIURA,2127,81.54362029678802,79.8986975362467,True,00002266,162.4,rural
227747,San Isidro,0,200304,2003,20,HUARMACA,HUANCABAMBA,PIURA,2420,73.21305260224236,66.44294418406564,True,00002272,413.8,rural
110896,Union de Tunaspampa,0,200304,2003,20,HUARMACA,HUANCABAMBA,PIURA,2529,49.67155095041571,54.672193358152306,True,00002272,723.7,rural
230489,San Juan de Palomataz,0,200304,2003,20,HUARMACA,HUANCABAMBA,PIURA,2651,39.9729176774878,45.77681749139785,True,00002272,652.2,rural
123062,Santa Teresa,0,200304,2003,20,HUARMACA,HUANCABAMBA,PIURA,2462,53.145405578749696,60.038814378920996,True,00002272,347.5,rural
236365,Pampa Grande,0,200304,2003,20,HUARMACA,HUANCABAMBA,PIURA,2548,64.73827320682729,65.73505518244565,True,00002266,251.7,rural
515226,Animas,0,200304,2003,20,HUARMACA,HUANCABAMBA,PIURA,2030,58.27557196904424,60.90697697484886,True,00002272,692.5,rural
611852,Callancas,0,200304,2003,20,HUARMACA,HUANCABAMBA,PIURA,2157,64.70216905833516,65.19137503437614,True,00002272,445.7,rural
128281,Calangla,0,200306,2003,20,SAN MIGUEL DE EL FAIQUE,HUANCABAMBA,PIURA,2163,79.6899588228122,60.96776842029108,True,00002228,261.5,rural
128012,Santa Ana,0,200306,2003,20,SAN MIGUEL DE EL FAIQUE,HUANCABAMBA,PIURA,1694,61.4514095329847,51.84849377537733,True,00002228,423.1,rural
132823,Ulpamache,0,200308,2003,20,SONDORILLO,HUANCABAMBA,PIURA,2950,22.180552138177763,14.396672992286364,True,00002266,974.7,rural
654140,Hualanga,0,200304,2003,20,HUARMACA,HUANCABAMBA,PIURA,1619,79.94434627399443,76.36268647619794,True,00002272,309.5,rural
654321,La Hacienda,0,200304,2003,20,HUARMACA,HUANCABAMBA,PIURA,2508,107.3422867283705,93.86791292406748,True,00002266,156.2,rural
654327,La Cruz,0,200304,2003,20,HUARMACA,HUANCABAMBA,PIURA,1968,48.97611079317337,55.19113709235858,True,00002266,187.4,rural
654329,Huayaquil,0,200304,2003,20,HUARMACA,HUANCABAMBA,PIURA,870,,,False,,195.6,rural
657785,Palo Blanco,0,200304,2003,20,HUARMACA,HUANCABAMBA,PIURA,2544,66.2399193808533,68.57836430811103,True,00002266,117.2,rural
657786,Alto Miraflores,0,200304,2003,20,HUARMACA,HUANCABAMBA,PIURA,2255,34.17002080442921,39.547418103936366,True,00002272,1415.2,rural
680426,Piedra Grande,0,200304,2003,20,HUARMACA,HUANCABAMBA,PIURA,2273,80.38229065067526,77.60807157962338,True,00002266,355.1,rural
680501,Limon,0,200304,2003,20,HUARMACA,HUANCABAMBA,PIURA,1736,57.701814408835915,62.06848101801889,True,00002266,239.3,rural
680535,Laguna Grande,0,200304,2003,20,HUARMACA,HUANCABAMBA,PIURA,2603,34.98099125108953,39.952903327266526,True,00002272,164.2,rural
539582,Quevedos,0,200307,2003,20,SONDOR,HUANCABAMBA,PIURA,2392,,,False,,530.2,rural
539133,Mitupampa,0,200308,2003,20,SONDORILLO,HUANCABAMBA,PIURA,2764,21.04649417592881,13.535289871131235,True,00002266,195.1,rural
511628,Tierra Negra,0,200308,2003,20,SONDORILLO,HUANCABAMBA,PIURA,2467,15.16804427105678,9.721667747539035,True,00002266,461.4,rural
125128,Yangua,0,200307,2003,20,SONDOR,HUANCABAMBA,PIURA,2501,125.44528603511527,64.20398453498635,True,00002262,247.9,rural
541428,La Lima,0,200308,2003,20,SONDORILLO,HUANCABAMBA,PIURA,2216,15.441202302831268,14.310331304334825,True,00002266,817.9,rural
131708,Mancucur,0,200307,2003,20,SONDOR,HUANCABAMBA,PIURA,1979,,,False,,680.5,rural
227826,Huaricanchi Bajo,0,200307,2003,20,SONDOR,HUANCABAMBA,PIURA,2147,2.5531242109866117,1.2795496986804573,True,00002262,854.8,rural
124208,Chantaco,0,200307,2003,20,SONDOR,HUANCABAMBA,PIURA,2185,7.575641764041679,6.743995249143702,True,00002262,674.7,rural
523143,La Soccha,0,200308,2003,20,SONDORILLO,HUANCABAMBA,PIURA,2028,6.447256221713599,4.1465281532568445,True,00002266,587.8,rural
542190,Nueva Esperanza,0,200301,2003,20,HUANCABAMBA,HUANCABAMBA,PIURA,2775,17.368661206454785,16.685884784509355,True,00033982,1921.9,rural
536729,El Comun,0,200307,2003,20,SONDOR,HUANCABAMBA,PIURA,1833,0.8857411280692309,0.9643186842032254,True,00002262,514.1,rural
684135,Los Olivos,0,200308,2003,20,SONDORILLO,HUANCABAMBA,PIURA,2566,14.029983970407253,8.962960880439352,True,00002266,524.8,rural
684172,Nueva Libertad,0,200308,2003,20,SONDORILLO,HUANCABAMBA,PIURA,2656,89.88755978390344,59.98529190903344,True,00002266,620.4,rural
690519,Pashul Sitio,0,200304,2003,20,HUARMACA,HUANCABAMBA,PIURA,2191,59.77917078425596,61.967713824653224,True,00002272,451.6,rural
690520,Nueva Esperanza,0,200304,2003,20,HUARMACA,HUANCABAMBA,PIURA,1596,78.87141708508899,75.10632298182435,True,00002272,0.0,rural
690522,Nuevo Amanecer,0,200304,2003,20,HUARMACA,HUANCABAMBA,PIURA,3078,,,False,,346.9,rural
690526,Shanga,0,200308,2003,20,SONDORILLO,HUANCABAMBA,PIURA,2170,9.691575706714998,10.789511287336758,True,00002266,808.3,rural
110346,Las Arenas,0,200504,2005,20,COLAN,PAITA,PIURA,3,17.296284565044168,11.131703418892181,True,00002025,517.8,rural
215897,Hacienda Santa Clara,0,200505,2005,20,LA HUACA,PAITA,PIURA,25,7.256878698386297,6.267795540646373,True,00002019,591.3,rural
237124,Hacienda Concepcion,0,200505,2005,20,LA HUACA,PAITA,PIURA,34,2.170719331281771,1.712482813807467,True,00002028,218.7,rural
213304,Hacienda Corral Quemado,0,200505,2005,20,LA HUACA,PAITA,PIURA,32,2.6407746696369645,2.424713566392333,True,00002028,252.9,rural
612240,Lucas Cativalu,0,200606,2006,20,MIGUEL CHECA,SULLANA,PIURA,60,8.544532298807997,4.281598390146012,True,00029582,1452.7,rural
129174,Chalaco,0,200606,2006,20,MIGUEL CHECA,SULLANA,PIURA,65,3.4804821493319507,2.683734621023711,True,00002019,1039.3,rural
127970,Sojo,3,200606,2006,20,MIGUEL CHECA,SULLANA,PIURA,50,0.4674378266770789,0.23371891333853945,True,00002019,2187.5,urbano
210557,Hacienda San Jose,0,200505,2005,20,LA HUACA,PAITA,PIURA,26,,,False,,275.5,rural
220537,Hacienda Rinconada,0,200502,2005,20,AMOTAPE,PAITA,PIURA,10,4.814947655775683,3.3267546189313832,True,00002025,992.1,rural
224425,Saman de Afuera,0,200605,2006,20,MARCAVELICA,SULLANA,PIURA,48,10.207414460356663,10.11264193819385,True,00002032,1986.9,rural
682351,Piedra Rodada,0,200507,2005,20,VICHAYAL,PAITA,PIURA,14,0.6783506687934228,0.5549504629672293,True,00002078,972.7,rural
246629,Agua Amarga,0,200703,2007,20,LA BREA,TALARA,PIURA,262,,,False,,201.7,rural
232412,Minas de Yeso,0,200606,2006,20,MIGUEL CHECA,SULLANA,PIURA,131,10.926862641783332,15.361407312418091,True,00002087,3576.6,urbano
620760,Los Cangrejos,0,200501,2005,20,PAITA,PAITA,PIURA,6,10.7273789733945,9.759350848253591,True,00024958,2448.7,urbano
234134,La Arena Chiquita,0,200504,2005,20,COLAN,PAITA,PIURA,4,17.296284565044168,11.131703418892181,True,00002025,831.8,rural
234626,Hacienda San Jose,0,200505,2005,20,LA HUACA,PAITA,PIURA,18,3.6912374007577426,1.8456187003788718,True,00002027,2387.2,urbano
535176,Mal Paso,0,200504,2005,20,COLAN,PAITA,PIURA,43,6.730759080318611,3.831526542911136,True,00002025,161.8,rural
126193,Hacienda Tahona,0,200503,2005,20,ARENAL,PAITA,PIURA,17,4.221893813666221,2.6830433226737735,True,00002025,257.9,rural
216173,San Agustin,0,200603,2006,20,IGNACIO ESCUDERO,SULLANA,PIURA,17,,,False,,1036.2,rural
212654,Hacienda Santa Grimanesa,0,200603,2006,20,IGNACIO ESCUDERO,SULLANA,PIURA,27,,,False,,945.6,rural
235491,San Silvestre,0,200503,2005,20,ARENAL,PAITA,PIURA,28,0.9571175654601914,0.5087251332815356,True,00002025,1175.8,rural
230227,Vega del Chino,0,200507,2005,20,VICHAYAL,PAITA,PIURA,4,10.516982068633546,8.386867825280836,True,00002078,3027.6,urbano
535392,Mallares,0,200605,2006,20,MARCAVELICA,SULLANA,PIURA,71,6.162718724461744,8.576813188458186,True,00002032,6596.2,urbano
229507,Mina,0,200507,2005,20,VICHAYAL,PAITA,PIURA,62,4.440207638208266,4.273315787528715,True,00002078,275.0,rural
234205,La Tercera,0,200605,2006,20,MARCAVELICA,SULLANA,PIURA,54,10.634358429861633,11.321733279376538,True,00002042,1400.1,rural
538010,San Francisco,0,200502,2005,20,AMOTAPE,PAITA,PIURA,25,6.531423954959303,6.45793628505449,True,00002078,901.2,rural
617631,Pescado,0,200603,2006,20,IGNACIO ESCUDERO,SULLANA,PIURA,82,,,False,,641.5,rural
216926,La Orejona,0,200703,2007,20,LA BREA,TALARA,PIURA,317,,,False,,190.9,rural
658729,El Campamento,0,200505,2005,20,LA HUACA,PAITA,PIURA,52,3.2017913682856767,2.7557644963330827,True,00002019,1149.1,rural
557799,San Rafael,0,200501,2005,20,PAITA,PAITA,PIURA,26,1.7334678469948734,0.8667339234974366,True,00025565,12815.4,urbano
564819,La Molina,0,200501,2005,20,PAITA,PAITA,PIURA,73,0.5925584137797909,0.36109455574758265,True,00029021,21097.9,urbano
569092,13 de Julio,0,200501,2005,20,PAITA,PAITA,PIURA,17,1.8991382758211512,1.0006840079136199,True,00025565,10553.1,urbano
570259,San Isidro,0,200501,2005,20,PAITA,PAITA,PIURA,75,0.3781950175867301,0.189097508793365,True,00030274,27615.6,urbano
110404,Monte Lima,0,200603,2006,20,IGNACIO ESCUDERO,SULLANA,PIURA,29,5.274228827725793,4.106150295279942,True,00002049,5767.4,urbano
127376,San Pedro,0,200603,2006,20,IGNACIO ESCUDERO,SULLANA,PIURA,36,0.604791257227249,0.7665707767548385,True,00002042,5072.2,urbano
552004,San Martin,0,200603,2006,20,IGNACIO ESCUDERO,SULLANA,PIURA,31,1.4445548715108705,1.4923840478323789,True,00002042,1256.2,rural
525871,San Juan de La Virgen,0,200603,2006,20,IGNACIO ESCUDERO,SULLANA,PIURA,38,3.0250938980195694,4.274733912603408,True,00002042,2681.3,urbano
237810,Santa Sofia,0,200603,2006,20,IGNACIO ESCUDERO,SULLANA,PIURA,38,11.096923049711204,9.259001546672891,True,00002042,2404.5,urbano
112151,Miramar,0,200507,2005,20,VICHAYAL,PAITA,PIURA,15,5.244160146729263,5.0639372082094924,True,00002078,908.4,rural
527465,Soledad,0,200507,2005,20,VICHAYAL,PAITA,PIURA,18,4.4664079025075685,4.304342833884966,True,00002078,100.2,rural
538337,Sechurita,0,200506,2005,20,TAMARINDO,PAITA,PIURA,24,0.5711275883765895,0.3921790369857897,True,00002049,476.8,rural
129629,Tamarindo,3,200506,2005,20,TAMARINDO,PAITA,PIURA,30,0.8903005024028506,0.4451502512014254,True,00002049,2891.7,urbano
117598,Amotape,3,200502,2005,20,AMOTAPE,PAITA,PIURA,17,3.1333555686779304,2.1283426654398525,True,00002025,826.4,rural
548804,Nomara,0,200505,2005,20,LA HUACA,PAITA,PIURA,52,4.587546077737349,4.448694658297403,True,00002028,950.2,rural
114958,La Esmeralda,0,200504,2005,20,COLAN,PAITA,PIURA,0,15.350065533898016,13.801725777494639,True,00002021,6947.3,urbano
516852,Isla San Lorenzo,0,200504,2005,20,COLAN,PAITA,PIURA,5,14.061869724748219,9.96754475208433,True,00002078,1479.7,rural
130293,Nueva Esperanza,0,200501,2005,20,PAITA,PAITA,PIURA,69,1.8405226659088223,1.2486245629644945,True,00025565,10312.6,urbano
110962,Paita,2,200501,2005,20,PAITA,PAITA,PIURA,7,0.41551313429295755,0.24520279609662649,True,00025565,4352.5,urbano
114704,La Islilla,0,200501,2005,20,PAITA,PAITA,PIURA,11,22.34451180017864,18.65627992494637,True,00024958,408.6,rural
655394,Viviate,0,200505,2005,20,LA HUACA,PAITA,PIURA,28,0.30528219378032706,0.1933331467180288,True,00002028,2827.0,urbano
520774,Tahona Alta,0,200504,2005,20,COLAN,PAITA,PIURA,72,6.3015623059613795,3.6476410377494357,True,00002025,5316.8,urbano
690546,La Islilla Alta,0,200501,2005,20,PAITA,PAITA,PIURA,70,19.30076480102658,16.48659698090453,True,00024958,6797.3,urbano
690550,La Chapala,0,200603,2006,20,IGNACIO ESCUDERO,SULLANA,PIURA,64,2.3959347867041516,3.993224644506919,True,00002042,1864.7,rural
690551,Las Pampas De Hualcatal,0,200603,2006,20,IGNACIO ESCUDERO,SULLANA,PIURA,35,1.3156723153114867,2.192787192185811,True,00002042,1487.2,rural
692511,Santa Rosa,0,200505,2005,20,LA HUACA,PAITA,PIURA,75,7.142077954807647,6.735710728146224,True,00002028,3233.8,urbano
114226,Castilla,3,200104,2001,20,CASTILLA,PIURA,PIURA,34,0.3295592115203841,0.18419707175063077,True,00031498,7213.8,urbano
224500,Hacienda La Union,0,200101,2001,20,PIURA,PIURA,PIURA,34,1.9378445675421503,1.1592284863048032,True,00031655,3402.3,urbano
110960,Simbila,0,200105,2001,20,CATACAOS,PIURA,PIURA,25,0.5369022874999684,0.27716624534594475,True,00010723,5245.5,urbano
240169,Hacienda Monteverde,0,200104,2001,20,CASTILLA,PIURA,PIURA,37,3.2812951325600226,2.077473501824831,True,00019951,12571.2,urbano
625390,Santiaguero,0,200401,2004,20,CHULUCANAS,MORROPON,PIURA,157,15.967789546739336,10.252485116372453,True,00002164,623.8,rural
117723,Piura,1,200101,2001,20,PIURA,PIURA,PIURA,36,0.13098381237548248,0.06549190618774126,True,00031791,18735.4,urbano
563652,Nuevo Catacaos,0,200105,2001,20,CATACAOS,PIURA,PIURA,25,1.8301728775120816,1.3711756460209479,True,00026927,2442.2,urbano
131402,Paccha,0,200401,2004,20,CHULUCANAS,MORROPON,PIURA,78,0.716012995968717,0.6322099015194211,True,00002165,2841.8,urbano
111046,La Rita,0,200114,2001,20,TAMBO GRANDE,PIURA,PIURA,115,14.454389073564949,11.690972477060424,True,00027663,2870.0,urbano
624363,San Francisco,0,200401,2004,20,CHULUCANAS,MORROPON,PIURA,84,3.1635964310724565,2.6832616619298015,True,00002165,1339.1,rural
617427,San Miguel,0,200101,2001,20,PIURA,PIURA,PIURA,65,15.825309320575826,17.474624670110032,True,00028989,777.0,rural
127912,Casanas,0,200401,2004,20,CHULUCANAS,MORROPON,PIURA,98,10.217223757056484,6.203155788738221,True,00002165,1592.6,rural
128062,San Rafael,0,200104,2001,20,CASTILLA,PIURA,PIURA,52,23.173591730289495,18.07874138600649,True,00002013,2188.9,urbano
651052,Nueva La Greda,0,200114,2001,20,TAMBO GRANDE,PIURA,PIURA,107,7.541342647233232,6.576653968341928,True,00027663,3142.5,urbano
532384,Los Zapatas,0,200114,2001,20,TAMBO GRANDE,PIURA,PIURA,77,6.5945009608552665,3.5812411441781635,True,00001981,1178.4,rural
120346,Olivares San Fernando,0,200114,2001,20,TAMBO GRANDE,PIURA,PIURA,66,15.222680538813659,12.946521138064698,True,00002013,3087.4,urbano
242584,La Loma,0,200114,2001,20,TAMBO GRANDE,PIURA,PIURA,93,2.698077477758104,2.591069807089855,True,00027663,4283.1,urbano
130776,Progreso Bajo,0,200114,2001,20,TAMBO GRANDE,PIURA,PIURA,98,23.11467420845849,20.29240750759601,True,00002013,2557.1,urbano
116793,San Carlos,0,200114,2001,20,TAMBO GRANDE,PIURA,PIURA,75,19.24438960239352,16.309791104891925,True,00002013,3708.8,urbano
613163,La Capilla,0,200601,2006,20,SULLANA,SULLANA,PIURA,73,2.0475429039960473,1.5079132544389247,True,00002017,12999.2,urbano
219673,La Ponderosa,0,200601,2006,20,SULLANA,SULLANA,PIURA,137,,,False,,1453.0,rural
651203,San Martin San Isidro I,0,200111,2001,20,LAS LOMAS,PIURA,PIURA,184,4.703904121891368,3.4072786766960537,True,00001978,316.5,rural
610928,Cero Cinco,0,200114,2001,20,TAMBO GRANDE,PIURA,PIURA,185,10.263712258686366,5.658050845342715,True,00001978,1006.0,rural
619994,Nuevo Maray,0,200114,2001,20,TAMBO GRANDE,PIURA,PIURA,305,23.58230504293266,14.296809433255655,True,00026022,485.4,rural
132310,Pelingara,0,200111,2001,20,LAS LOMAS,PIURA,PIURA,182,13.66700312005687,7.897182185379228,True,00001943,585.4,rural
234349,San Baltazar,0,200114,2001,20,TAMBO GRANDE,PIURA,PIURA,54,19.505330975796824,17.531667936010976,True,00002013,2545.5,urbano
120437,Tejedores Bajo,0,200114,2001,20,TAMBO GRANDE,PIURA,PIURA,139,16.15380203217345,9.983471146878692,True,00001978,1474.5,rural
121186,Hacienda Santa Rosa,0,200608,2006,20,SALITRAL,SULLANA,PIURA,53,3.479096729731276,3.285606077477482,True,00002058,864.4,rural
221605,Carneros,0,200114,2001,20,TAMBO GRANDE,PIURA,PIURA,120,8.48427324224371,7.620322172040224,True,00001978,1058.4,rural
128275,Cerro de Leones,0,200114,2001,20,TAMBO GRANDE,PIURA,PIURA,154,24.61835157991218,14.502235164843773,True,00001978,1642.4,rural
520666,Santa Elena de Yahuar Huaca,0,200114,2001,20,TAMBO GRANDE,PIURA,PIURA,163,21.601422994617156,18.18106609390543,True,00011684,438.7,rural
237391,Viduque,0,200105,2001,20,CATACAOS,PIURA,PIURA,28,2.7319437693804853,1.7697917977634916,True,00010723,3436.9,urbano
612208,Palo Parado,0,200105,2001,20,CATACAOS,PIURA,PIURA,27,4.645659830740787,3.5843864761607844,True,00002117,7483.6,urbano
536473,Tacala,0,200104,2001,20,CASTILLA,PIURA,PIURA,42,0.09565483303263136,0.04782741651631568,True,00029954,7509.1,urbano
220219,Desmotadora Copsa,0,200101,2001,20,PIURA,PIURA,PIURA,35,0.5201190097624908,0.2600595048812454,True,00024495,17193.4,urbano
227861,Desmotadora U.c.i.s.a.,0,200115,2001,20,VEINTISEIS DE OCTUBRE,PIURA,PIURA,39,1.438668338026193,0.6937532461081273,True,00027492,6339.6,urbano
111401,La Noria Vieja,0,200401,2004,20,CHULUCANAS,MORROPON,PIURA,152,,,False,,788.5,rural
230799,Planta de La I.p.c.,0,200115,2001,20,VEINTISEIS DE OCTUBRE,PIURA,PIURA,40,1.2936541158613502,0.8292623170699501,True,00038037,5282.5,urbano
129533,El Chipe,0,200101,2001,20,PIURA,PIURA,PIURA,36,0.471385366667778,0.2715425612246655,True,00013727,6894.2,urbano
550864,El Veintiuno,0,200104,2001,20,CASTILLA,PIURA,PIURA,63,3.8236969432112344,3.9776218682448636,True,00002102,2897.0,urbano
125413,Terela,0,200104,2001,20,CASTILLA,PIURA,PIURA,40,14.246240188308896,11.106067976547003,True,00032668,6970.7,urbano
233271,La Providencia,0,200101,2001,20,PIURA,PIURA,PIURA,39,3.3572974632089987,2.1725778693680393,True,00012795,11478.6,urbano
235567,El Molino,0,200101,2001,20,PIURA,PIURA,PIURA,45,12.861813628596199,10.527343903354456,True,00012952,4419.3,urbano
625276,Loma el Mirador,0,200104,2001,20,CASTILLA,PIURA,PIURA,193,14.340362464123478,16.210125499742258,True,00002102,1392.6,rural
231974,Palo Santo,0,200104,2001,20,CASTILLA,PIURA,PIURA,229,19.15687443304227,21.86632893971439,True,00002102,700.5,rural
532832,San Jose,0,200401,2004,20,CHULUCANAS,MORROPON,PIURA,142,9.116896835116963,10.596900918942,True,00002164,454.2,rural
643002,Cruz De Caña,0,200114,2001,20,TAMBO GRANDE,PIURA,PIURA,241,20.432760893600893,23.798742320506598,True,00002164,854.0,rural
112774,La Mariposa,0,200101,2001,20,PIURA,PIURA,PIURA,43,5.303366700918067,4.25435371357401,True,00012952,9953.7,urbano
310348,Santa Rosa de Lima Km. 32,0,200401,2004,20,CHULUCANAS,MORROPON,PIURA,243,16.47897033138519,19.18598666458827,True,00002164,900.9,rural
310387,Km. 35,0,200401,2004,20,CHULUCANAS,MORROPON,PIURA,195,13.206963072186397,15.368644862189676,True,00002164,466.0,rural
533215,San Martin CP-3 Hualtaco I,0,200114,2001,20,TAMBO GRANDE,PIURA,PIURA,132,14.05293682557565,11.623896664388024,True,00011684,1537.7,rural
213974,Granja Experimental,0,200101,2001,20,PIURA,PIURA,PIURA,81,13.688837592903761,16.94089874864402,True,00028989,3283.6,urbano
310134,Alto Grande,0,200104,2001,20,CASTILLA,PIURA,PIURA,197,,,False,,2032.0,urbano
210519,El Coco,0,200401,2004,20,CHULUCANAS,MORROPON,PIURA,83,10.367208292500461,5.1836041462502305,True,00031235,3594.7,urbano
217270,Callejones de Los Chuecas,0,200114,2001,20,TAMBO GRANDE,PIURA,PIURA,103,13.727053284160851,8.051173335071653,True,00002165,1782.9,rural
122301,San Vicente Medio Piura,0,200104,2001,20,CASTILLA,PIURA,PIURA,50,23.916062531208897,19.49791312722854,True,00032668,3428.5,urbano
612131,Cruce de Vega,0,200114,2001,20,TAMBO GRANDE,PIURA,PIURA,86,1.9243219113959422,1.6406056833105258,True,00001981,1821.0,rural
230646,Santa Rosa de Curvan,0,200114,2001,20,TAMBO GRANDE,PIURA,PIURA,76,10.834636532621506,7.573017446263097,True,00001981,1495.5,rural
111579,Progreso Alto,0,200114,2001,20,TAMBO GRANDE,PIURA,PIURA,108,27.1120650950536,23.397531193293347,True,00002013,2357.2,urbano
621725,Monteverde Bajo,0,200114,2001,20,TAMBO GRANDE,PIURA,PIURA,112,11.386119220900955,5.6930596104504785,True,00001981,1131.9,rural
572744,Andres Razuri,0,200114,2001,20,TAMBO GRANDE,PIURA,PIURA,68,0.30508942538669237,0.15254471269334618,True,00014016,4652.5,urbano
231375,Hacienda Santa Agreda,0,200114,2001,20,TAMBO GRANDE,PIURA,PIURA,60,28.28901575814947,23.717756478267074,True,00027663,2930.4,urbano
626656,Jesus Del Valle,0,200114,2001,20,TAMBO GRANDE,PIURA,PIURA,101,17.530306923597653,18.55033463105278,True,00011684,1095.4,rural
564476,Froilan Alama,0,200114,2001,20,TAMBO GRANDE,PIURA,PIURA,65,1.1168409241144979,0.7253512467581766,True,00011684,12094.4,urbano
237097,Yanacones,0,200601,2006,20,SULLANA,SULLANA,PIURA,72,3.140657996453791,2.439429736393837,True,00028989,14437.7,urbano
535420,La Pala,0,200114,2001,20,TAMBO GRANDE,PIURA,PIURA,84,4.34065075972085,4.34065075972085,True,00011684,1394.5,rural
553483,Urbanizacion Lopez Albujar  II Etapa,0,200601,2006,20,SULLANA,SULLANA,PIURA,61,1.232325710395711,0.7694970773331337,True,00028989,5122.6,urbano
235897,Pueblo Nuevo,0,200114,2001,20,TAMBO GRANDE,PIURA,PIURA,106,13.660104801312082,6.830052400656043,True,00001981,638.4,rural
235156,Hacienda Santa Clara,0,200114,2001,20,TAMBO GRANDE,PIURA,PIURA,62,13.060606441958807,10.070879170978733,True,00011684,3347.2,urbano
652431,Pedro Silva Arevalo,0,200601,2006,20,SULLANA,SULLANA,PIURA,65,1.2092843317644388,0.6524921284640509,True,00002012,7784.4,urbano
562779,Sanchez Cerro,0,200601,2006,20,SULLANA,SULLANA,PIURA,61,0.23373918822455578,0.11686959411227789,True,00002018,17158.5,urbano
542570,Guaraguaos Alto,0,200114,2001,20,TAMBO GRANDE,PIURA,PIURA,112,13.660104801312082,6.830052400656043,True,00001981,968.5,rural
569894,Villa Primavera,0,200601,2006,20,SULLANA,SULLANA,PIURA,65,0.5594435884601807,0.2797217942300904,True,00002012,10276.1,urbano
227312,Ventarrones,0,200601,2006,20,SULLANA,SULLANA,PIURA,62,0.5369444983212642,0.26847224916063217,True,00034593,9308.2,urbano
553407,9 de Octubre,0,200601,2006,20,SULLANA,SULLANA,PIURA,64,1.2017746008966168,0.644391606353978,True,00002011,23670.8,urbano
556278,15 de Marzo,0,200601,2006,20,SULLANA,SULLANA,PIURA,65,1.5769605769417956,0.9241437225806738,True,00002011,8674.8,urbano
621829,Manuel Seoane Corrales,0,200114,2001,20,TAMBO GRANDE,PIURA,PIURA,107,,,False,,1105.1,rural
223337,Rancho Las Vegas,0,200114,2001,20,TAMBO GRANDE,PIURA,PIURA,75,3.8051967248044813,4.091486389209342,True,00011684,4262.6,urbano
120565,Hacienda La Capilla,0,200601,2006,20,SULLANA,SULLANA,PIURA,70,2.585799793238368,1.8313319657290363,True,00002017,1842.7,rural
221848,Hacienda Bocana,0,200601,2006,20,SULLANA,SULLANA,PIURA,52,1.8502597539961718,0.9251298769980858,True,00002012,6426.0,urbano
535339,Cahuide,0,200114,2001,20,TAMBO GRANDE,PIURA,PIURA,102,13.928143064417375,15.901590452091053,True,00011684,1072.4,rural
235777,San Pedrillo Hualtaco III,0,200114,2001,20,TAMBO GRANDE,PIURA,PIURA,107,12.681019593720368,8.529488978719149,True,00011684,595.5,rural
625517,Santa Elena,0,200114,2001,20,TAMBO GRANDE,PIURA,PIURA,100,29.833974052353128,15.148269302806563,True,00001978,1309.2,rural
120783,Chica Alta,0,200114,2001,20,TAMBO GRANDE,PIURA,PIURA,90,10.512325767171474,11.305212302981602,True,00011684,831.9,rural
133505,Sullana,2,200601,2006,20,SULLANA,SULLANA,PIURA,61,0.3097128462745456,0.19767818602789167,True,00025320,39759.2,urbano
625811,Chapan Coposo,0,200114,2001,20,TAMBO GRANDE,PIURA,PIURA,113,13.51787150718281,8.860898020942107,True,00011684,544.5,rural
522537,Atahualpa,0,200114,2001,20,TAMBO GRANDE,PIURA,PIURA,88,12.647663443040194,14.144367143507168,True,00011684,1351.9,rural
526358,Amaru Inca Yupanqui,0,200114,2001,20,TAMBO GRANDE,PIURA,PIURA,97,10.271910463268728,11.49589826588722,True,00011684,711.3,rural
225878,Buenavista,0,200605,2006,20,MARCAVELICA,SULLANA,PIURA,51,0.09506436952432919,0.158440615873882,True,00002032,2538.7,urbano
211877,Esperanza,0,200608,2006,20,SALITRAL,SULLANA,PIURA,41,0.9523007148038124,0.7800754440671788,True,00002032,1810.2,rural
114061,Marcavelica,3,200605,2006,20,MARCAVELICA,SULLANA,PIURA,48,0.5036574072090898,0.3352517033537827,True,00002032,0.0,rural
122603,Garabato,0,200605,2006,20,MARCAVELICA,SULLANA,PIURA,41,1.7438968992751147,2.1434851969242,True,00002032,6002.4,urbano
615444,Wiracocha,0,200114,2001,20,TAMBO GRANDE,PIURA,PIURA,103,9.754453046863686,9.459175690501167,True,00011684,1437.7,rural
220168,Coco Bajo,0,200608,2006,20,SALITRAL,SULLANA,PIURA,41,2.161499548204225,1.3178381699990915,True,00002058,1391.4,rural
622499,Peñarol,0,200114,2001,20,TAMBO GRANDE,PIURA,PIURA,120,13.240527838983494,8.710879360818355,True,00011684,1343.3,rural
544245,Hualtaco 2  San Pablo,0,200114,2001,20,TAMBO GRANDE,PIURA,PIURA,97,17.87852140448022,12.825670402867164,True,00011684,1319.2,rural
231051,Coco,0,200608,2006,20,SALITRAL,SULLANA,PIURA,51,1.5954218215505735,0.7977109107752869,True,00002058,192.3,rural
217678,Transbal,0,200601,2006,20,SULLANA,SULLANA,PIURA,59,3.854659459142781,3.1038225451988106,True,00034591,1279.9,rural
523655,Valle San Juan,0,200114,2001,20,TAMBO GRANDE,PIURA,PIURA,176,22.78867194838605,15.575934865920464,True,00001978,507.2,rural
223788,Bajada de Piedras / Piedras Rodada,0,200114,2001,20,TAMBO GRANDE,PIURA,PIURA,258,25.748368274261733,14.416212969512214,True,00001943,1164.2,rural
117007,Santa Monica,0,200601,2006,20,SULLANA,SULLANA,PIURA,90,19.46544467794577,16.569232297324394,True,00002060,403.5,rural
115681,Lourdes,0,200601,2006,20,SULLANA,SULLANA,PIURA,92,19.634592526692124,16.65380622169757,True,00002060,902.3,rural
537443,Viviano Espinoza,0,200114,2001,20,TAMBO GRANDE,PIURA,PIURA,221,3.85140687829059,2.1454115699310106,True,00001943,1426.5,rural
217060,El Oriente,0,200608,2006,20,SALITRAL,SULLANA,PIURA,51,0.7252671903527523,0.36263359517637617,True,00002058,2372.7,urbano
543761,Santa Rosa de Yaranche,0,200114,2001,20,TAMBO GRANDE,PIURA,PIURA,156,11.148256749531361,7.432171166354241,True,00001978,1464.6,rural
650104,La Libertad CP 15,0,200114,2001,20,TAMBO GRANDE,PIURA,PIURA,126,9.69789850225766,7.133222789549712,True,00001978,583.8,rural
531839,San Isidro,0,200114,2001,20,TAMBO GRANDE,PIURA,PIURA,126,9.549514452763463,7.059030764802613,True,00001978,3023.3,urbano
245390,Soria,0,200607,2006,20,QUERECOTILLO,SULLANA,PIURA,60,2.4409201229306707,2.256193862410299,True,00031452,718.5,rural
216119,San Enrique,0,200607,2006,20,QUERECOTILLO,SULLANA,PIURA,52,2.673535147361145,2.5275780575791855,True,00031452,1315.5,rural
622629,Jose Olaya Somate Alto,0,200601,2006,20,SULLANA,SULLANA,PIURA,147,30.49577206310225,27.325021478773408,True,00011684,282.0,rural
245209,Somate Alto 317,0,200601,2006,20,SULLANA,SULLANA,PIURA,146,,,False,,818.1,rural
510441,Juan Velasco Alvarado,0,200114,2001,20,TAMBO GRANDE,PIURA,PIURA,179,23.671020232847628,17.62897526529905,True,00011684,457.4,rural
533295,Pachacutec,0,200114,2001,20,TAMBO GRANDE,PIURA,PIURA,111,22.68167342837057,18.53884485854169,True,00011684,700.0,rural
238466,Fundo Laborincona,0,200601,2006,20,SULLANA,SULLANA,PIURA,156,29.62056244866953,26.88741667155705,True,00011684,475.3,rural
610565,9 de Octubre CP 11,0,200114,2001,20,TAMBO GRANDE,PIURA,PIURA,177,18.745928409916555,12.95231974763659,True,00001978,312.0,rural
245321,Tejedores 9-6,0,200114,2001,20,TAMBO GRANDE,PIURA,PIURA,182,,,False,,1576.6,rural
548160,Cp 6,0,200111,2001,20,LAS LOMAS,PIURA,PIURA,182,4.696628553597226,4.434175028253127,True,00001943,1268.8,rural
541891,Nueva Esperanza Alta,0,200114,2001,20,TAMBO GRANDE,PIURA,PIURA,214,17.44981518485707,8.944615723214252,True,00001943,801.0,rural
123758,Somate Bajo,0,200601,2006,20,SULLANA,SULLANA,PIURA,85,19.685203838703135,17.303069384048694,True,00002060,1404.4,rural
237627,La Horca,0,200607,2006,20,QUERECOTILLO,SULLANA,PIURA,75,10.085412204026541,9.515829762390293,True,00031452,1973.8,rural
116061,La Peña,0,200607,2006,20,QUERECOTILLO,SULLANA,PIURA,70,12.155909287532825,11.000029790496576,True,00031452,2545.4,urbano
560253,Santa Rosa de Piedra Rodada,0,200601,2006,20,SULLANA,SULLANA,PIURA,88,20.164048062297287,15.757560226093508,True,00034591,3492.3,urbano
554256,Iii Etapa La Primavera,0,200104,2001,20,CASTILLA,PIURA,PIURA,29,2.426301654557001,1.2131508272785008,True,00029954,4564.6,urbano
552697,San Pedro,0,200101,2001,20,PIURA,PIURA,PIURA,33,0.8329458052214063,0.41647290261070313,True,00002094,0.0,rural
554867,Zona Industrial,0,200115,2001,20,VEINTISEIS DE OCTUBRE,PIURA,PIURA,41,0.9704304834406351,0.7341196554181145,True,00038037,10006.6,urbano
554918,Bancaria,0,200101,2001,20,PIURA,PIURA,PIURA,34,0.09965322227526152,0.04982661113763076,True,00034009,14761.7,urbano
552626,Tupac Amaru,0,200602,2006,20,BELLAVISTA,SULLANA,PIURA,63,2.8069573862579906,1.4034786931289953,True,00032497,13724.7,urbano
683163,Alberto Temple Seminario,0,200101,2001,20,PIURA,PIURA,PIURA,32,2.2597134015230194,1.1298567007615095,True,00002094,0.0,rural
683167,La Peninsula,0,200115,2001,20,VEINTISEIS DE OCTUBRE,PIURA,PIURA,27,1.5995887369832937,1.0663924913221958,True,00035666,9713.7,urbano
683168,San Jose Obrero,0,200115,2001,20,VEINTISEIS DE OCTUBRE,PIURA,PIURA,27,1.9941484001172254,1.185187604045356,True,00017353,4889.4,urbano
683171,Las Mercedes,0,200101,2001,20,PIURA,PIURA,PIURA,35,1.5959009999401919,1.0827065722142177,True,00034009,9449.2,urbano
683173,Villa Hermosa,0,200115,2001,20,VEINTISEIS DE OCTUBRE,PIURA,PIURA,35,2.2428655388536014,1.5293670712500795,True,00002093,43642.0,urbano
683174,Santa Margarita,0,200115,2001,20,VEINTISEIS DE OCTUBRE,PIURA,PIURA,44,2.077315621827699,1.2079702233669227,True,00022000,9819.4,urbano
683175,Juan Valer,0,200101,2001,20,PIURA,PIURA,PIURA,37,1.6460909874646439,0.9352994162789243,True,00022000,0.0,rural
683181,Ollanta Humala,0,200101,2001,20,PIURA,PIURA,PIURA,46,2.6023453306659667,1.5450242207562774,True,00030872,10310.4,urbano
683345,Calixto Balarezo Ortiz,0,200104,2001,20,CASTILLA,PIURA,PIURA,31,1.117456000216357,0.5863765673099655,True,00031610,12895.6,urbano
683346,Tupac Amaru II Etapa Sector 3,0,200115,2001,20,VEINTISEIS DE OCTUBRE,PIURA,PIURA,31,1.3848815307982638,0.8626373398210292,True,00035666,6977.6,urbano
683419,La Bendicion De Dios,0,200114,2001,20,TAMBO GRANDE,PIURA,PIURA,64,1.6802618505980458,0.8401309252990231,True,00014016,4163.1,urbano
683418,Manuel A. Odria,0,200114,2001,20,TAMBO GRANDE,PIURA,PIURA,79,4.154373182950087,4.38440601855223,True,00011684,3013.2,urbano
683417,La Puerta,0,200111,2001,20,LAS LOMAS,PIURA,PIURA,178,4.032272521005761,2.688181680670507,True,00001978,1022.1,rural
683415,Señor De Los Milagros,0,200104,2001,20,CASTILLA,PIURA,PIURA,37,1.7880287845138072,0.8940143922569039,True,00029954,6419.5,urbano
683420,Nuevo San Pedro,0,200114,2001,20,TAMBO GRANDE,PIURA,PIURA,115,16.035491563799216,10.26714011253045,True,00001981,1094.6,rural
560309,Santa Maria del Pinar,0,200101,2001,20,PIURA,PIURA,PIURA,39,0.6877286943609274,0.4352025379332383,True,00012795,11536.9,urbano
656355,Ex Cat Sojo,0,200114,2001,20,TAMBO GRANDE,PIURA,PIURA,107,20.837338382316695,20.657245187736134,True,00002013,4195.2,urbano
657212,El Mango Malingas,0,200114,2001,20,TAMBO GRANDE,PIURA,PIURA,95,0.7203604382682302,0.36018021913411513,True,00001981,1748.0,rural
657213,El Palto Malingas,0,200114,2001,20,TAMBO GRANDE,PIURA,PIURA,88,4.7897869938373505,2.738245569651304,True,00001981,974.3,rural
657214,El Porvenir,0,200101,2001,20,PIURA,PIURA,PIURA,55,11.889884580006225,17.003806089718438,True,00028989,1771.3,rural
656346,San Vicente Cieneguillo Norte,0,200601,2006,20,SULLANA,SULLANA,PIURA,98,11.526931164218531,8.237185194986152,True,00002013,2420.5,urbano
657811,Nuevo Horizonte,0,200114,2001,20,TAMBO GRANDE,PIURA,PIURA,215,5.711117388341764,3.075266824956598,True,00001943,539.0,rural
657541,Bodegas de Sancor,0,200401,2004,20,CHULUCANAS,MORROPON,PIURA,90,2.825404576776294,1.5587764114357563,True,00002165,1752.9,rural
657618,Alto Talarita,0,200401,2004,20,CHULUCANAS,MORROPON,PIURA,113,16.663651235171436,10.905943262811428,True,00002165,1591.6,rural
657674,Capac Yupanqui,0,200114,2001,20,TAMBO GRANDE,PIURA,PIURA,136,20.741827447740157,15.872887894679822,True,00011684,987.6,rural
657788,San Jose de Pavitas (Km 50),0,200401,2004,20,CHULUCANAS,MORROPON,PIURA,116,1.3729966531704996,1.0095685901925582,True,00002164,2161.3,urbano
657789,El Recreo,0,200401,2004,20,CHULUCANAS,MORROPON,PIURA,121,18.575214668257487,11.241278791956317,True,00030759,572.3,rural
657796,Nuevo Progreso Cieneguillo Sur,0,200601,2006,20,SULLANA,SULLANA,PIURA,66,7.227372687252394,10.643844170703664,True,00028989,1583.2,rural
657798,Las Mercedes Ii,0,200101,2001,20,PIURA,PIURA,PIURA,50,10.905056584536698,11.111446449620232,True,00002087,1013.0,rural
657809,Cerro el Ereo,0,200111,2001,20,LAS LOMAS,PIURA,PIURA,197,10.174862043852562,7.704616175836463,True,00001943,1247.9,rural
655864,Pingolita,0,200111,2001,20,LAS LOMAS,PIURA,PIURA,158,16.320198574974988,10.891896362759773,True,00001978,678.9,rural
557753,28 De Julio,0,200104,2001,20,CASTILLA,PIURA,PIURA,29,1.2871302429177798,0.7051792005040862,True,00023387,3659.4,urbano
557514,Almirante Miguel Grau,0,200101,2001,20,PIURA,PIURA,PIURA,34,1.5063815623157528,0.9434969836916044,True,00031655,0.0,rural
556168,Jorge Basadre,0,200602,2006,20,BELLAVISTA,SULLANA,PIURA,61,0.8367692071831148,0.41838460359155744,True,00032497,11665.5,urbano
558382,Nuevo Horizonte,0,200104,2001,20,CASTILLA,PIURA,PIURA,45,1.7927071016052167,0.8963535508026083,True,00029954,8892.1,urbano
682283,Santa Grimanesa / Somate Alto Km 23,0,200601,2006,20,SULLANA,SULLANA,PIURA,163,27.19094551642259,20.187811898644846,True,00011684,899.8,rural
682284,Jose Olaya / Somate Alto Km 31,0,200601,2006,20,SULLANA,SULLANA,PIURA,147,29.777809000241174,26.96603994734287,True,00011684,105.6,rural
682287,Canal Mocho las Mercedes,0,200601,2006,20,SULLANA,SULLANA,PIURA,67,9.852645401751348,11.268729910224403,True,00028989,1326.0,rural
559134,4 de Octubre,0,200101,2001,20,PIURA,PIURA,PIURA,46,1.3162304621565573,0.8407292714103678,True,00027492,5616.1,urbano
563473,Los Heraldos,0,200115,2001,20,VEINTISEIS DE OCTUBRE,PIURA,PIURA,38,0.7472044041289945,0.5073643391330639,True,00032452,10639.5,urbano
562505,Las Capullanas,0,200115,2001,20,VEINTISEIS DE OCTUBRE,PIURA,PIURA,38,0.5774880908132366,0.3544302802870888,True,00038037,27663.3,urbano
566177,6 De Setiembre,0,200101,2001,20,PIURA,PIURA,PIURA,31,1.7003772255977958,1.0764411496947093,True,00031655,5856.5,urbano
564663,Consuelo De Velasco,0,200115,2001,20,VEINTISEIS DE OCTUBRE,PIURA,PIURA,33,1.2498285491652907,0.8073351169813786,True,00017353,10257.2,urbano
571664,Los Tallanes,0,200101,2001,20,PIURA,PIURA,PIURA,37,0.9960846108063988,0.7776974136580606,True,00032452,6131.3,urbano
567002,Las Palmeras,0,200101,2001,20,PIURA,PIURA,PIURA,30,2.3821134288014907,1.306795694351469,True,00031655,0.0,rural
570124,El Bosque,0,200104,2001,20,CASTILLA,PIURA,PIURA,30,0.6509757073202351,0.4454954015231885,True,00029585,14813.3,urbano
570914,Andres Avelino Caceres,0,200101,2001,20,PIURA,PIURA,PIURA,30,2.7819847310023564,1.390992365501178,True,00002094,1837.3,rural
570472,Campo Polo,0,200104,2001,20,CASTILLA,PIURA,PIURA,33,0.7967452391810128,0.5275983789233982,True,00023387,5088.2,urbano
569917,Los Ficus,0,200115,2001,20,VEINTISEIS DE OCTUBRE,PIURA,PIURA,38,0.797345770020487,0.6197039106242567,True,00032452,8149.7,urbano
651813,Residencial Piura,0,200101,2001,20,PIURA,PIURA,PIURA,34,0.6197434028118586,0.4131622685412391,True,00026929,0.0,rural
651814,San Juan Bosco,0,200101,2001,20,PIURA,PIURA,PIURA,25,2.7819847310023564,1.390992365501178,True,00002094,2164.8,urbano
573946,Nuestra Señora de Fatima,0,200115,2001,20,VEINTISEIS DE OCTUBRE,PIURA,PIURA,36,0.32830947302766356,0.18701817580900787,True,00017353,10309.6,urbano
574163,Los Cocos del Chipe,0,200101,2001,20,PIURA,PIURA,PIURA,33,1.2355085513389321,0.6629321856822105,True,00012952,13187.7,urbano
651803,Chavin de Huantar,0,200101,2001,20,PIURA,PIURA,PIURA,29,0.7566930797920887,0.37834653989604444,True,00002094,5612.8,urbano
651806,La Molina,0,200115,2001,20,VEINTISEIS DE OCTUBRE,PIURA,PIURA,39,2.386014023387499,1.3482455872863037,True,00030872,17153.6,urbano
651824,Nuevo Castilla,0,200104,2001,20,CASTILLA,PIURA,PIURA,44,1.5347193943721584,0.8313453725641684,True,00002102,19190.8,urbano
651827,Virgen De La Paz,0,200104,2001,20,CASTILLA,PIURA,PIURA,34,1.5267016475913404,0.7633508237956702,True,00029954,0.0,rural
652274,El Mogote,0,200401,2004,20,CHULUCANAS,MORROPON,PIURA,102,12.901863941058389,9.260659097338213,True,00034562,1144.9,rural
125103,Miraflores,0,200608,2006,20,SALITRAL,SULLANA,PIURA,57,4.50583462146049,2.6788208042099706,True,00002058,1756.6,rural
120518,Vichayal,0,200607,2006,20,QUERECOTILLO,SULLANA,PIURA,54,1.8558790811169623,1.2441337321758226,True,00031452,7581.2,urbano
653566,Santa Elena Baja,0,200607,2006,20,QUERECOTILLO,SULLANA,PIURA,69,3.149821292596538,1.7987215578467728,True,00031452,3035.5,urbano
130239,Santa Elena Alta,0,200607,2006,20,QUERECOTILLO,SULLANA,PIURA,77,3.939655632269952,2.9660311819246323,True,00031452,1166.2,rural
113470,Chocan,0,200607,2006,20,QUERECOTILLO,SULLANA,PIURA,87,11.916061380560645,13.52979996097689,True,00002060,1907.7,rural
549231,Nueva Esperanza de San Francisco,0,200607,2006,20,QUERECOTILLO,SULLANA,PIURA,84,12.415707265635199,13.797393420591776,True,00031452,1843.6,rural
222177,Pueblo Nuevo,0,200607,2006,20,QUERECOTILLO,SULLANA,PIURA,76,5.440080647070379,4.983721265646943,True,00031452,2363.2,urbano
653744,Las Palmeras,0,200605,2006,20,MARCAVELICA,SULLANA,PIURA,60,1.6812579738003033,1.1499704459140347,True,00002032,616.5,rural
654230,Nueva Esperanza,0,200601,2006,20,SULLANA,SULLANA,PIURA,73,3.655568444691361,3.0042770379731003,True,00034591,1975.5,rural
654232,Mejia,0,200601,2006,20,SULLANA,SULLANA,PIURA,74,8.09920061308576,5.829284840210419,True,00002013,8049.3,urbano
654237,Cieneguillo Sur Lateral A,0,200601,2006,20,SULLANA,SULLANA,PIURA,71,18.669076272803828,11.954708867904822,True,00002013,2084.8,urbano
132334,El Papayo,0,200114,2001,20,TAMBO GRANDE,PIURA,PIURA,137,29.97681891816536,28.396608447937265,True,00011684,2772.8,urbano
528059,Cieneguillo Sur Santa Rosa,0,200601,2006,20,SULLANA,SULLANA,PIURA,61,15.823778904407256,13.85319648200847,True,00028989,1010.9,rural
680383,San Jose Obrero Somate Alto Km 26,0,200601,2006,20,SULLANA,SULLANA,PIURA,171,23.562879552823787,19.243372856473613,True,00011684,301.4,rural
557686,Señor De Los Milagros,0,200114,2001,20,TAMBO GRANDE,PIURA,PIURA,74,19.841541193213875,17.73565118663559,True,00011684,2188.0,urbano
555583,Sagrado Corazon De Jesus,0,200114,2001,20,TAMBO GRANDE,PIURA,PIURA,66,1.2849290256782868,0.6424645128391435,True,00014016,7601.4,urbano
573695,Vega De Cieneguillo,0,200101,2001,20,PIURA,PIURA,PIURA,63,14.363139527221346,16.743539773432794,True,00028989,651.8,rural
555336,CP-16 Jesus Maria,0,200114,2001,20,TAMBO GRANDE,PIURA,PIURA,135,,,False,,1137.6,rural
683951,Cieneguillo Centro,0,200601,2006,20,SULLANA,SULLANA,PIURA,65,1.8873335676813636,1.1417806124444714,True,00002011,6671.3,urbano
683982,Nuevo San Vicente Sector 2,0,200601,2006,20,SULLANA,SULLANA,PIURA,98,11.526931164218531,8.237185194986152,True,00002013,4652.9,urbano
690404,San Francisco De Asis,0,200101,2001,20,PIURA,PIURA,PIURA,46,9.596901734211741,10.457369024457753,True,00002087,3369.8,urbano
690405,Mi Cautivo,0,200104,2001,20,CASTILLA,PIURA,PIURA,65,5.212528360578944,5.560776590970089,True,00002102,3083.2,urbano
690417,Señor Cautivo,0,200111,2001,20,LAS LOMAS,PIURA,PIURA,196,10.642510909051955,6.553208816761477,True,00001943,617.5,rural
690422,Senor Cautivo,0,200114,2001,20,TAMBO GRANDE,PIURA,PIURA,76,3.955331703027777,3.6716154749423606,True,00001981,1583.0,rural
683900,Alto Milagro,0,200206,2002,20,PACAIPAMPA,AYABACA,PIURA,2331,,,False,,147.1,rural
310443,Km 65,0,200404,2004,20,LA MATANZA,MORROPON,PIURA,132,7.048274537511175,6.125092105095358,True,00002178,353.9,rural
126745,Cajalobos,0,200402,2004,20,BUENOS AIRES,MORROPON,PIURA,140,21.02455539247472,12.168556244184112,True,00033482,2823.2,urbano
517757,Monte Grande,0,200302,2003,20,CANCHAQUE,HUANCABAMBA,PIURA,1159,35.291014358954484,20.611977612220677,True,00030253,115.0,rural
132446,Tierras Duras Alto,0,200404,2004,20,LA MATANZA,MORROPON,PIURA,129,4.481652403006323,2.5477642056238716,True,00002178,2769.4,urbano
111888,Sapse,0,200302,2003,20,CANCHAQUE,HUANCABAMBA,PIURA,1034,23.486091152074103,14.122786519205135,True,00030253,91.3,rural
536741,Pedregal,0,200305,2003,20,LALAQUIZ,HUANCABAMBA,PIURA,1092,1.4882603662804605,0.8473058276969345,True,00030253,291.8,rural
532855,La Virgen,0,200302,2003,20,CANCHAQUE,HUANCABAMBA,PIURA,1327,25.512197142233315,15.811208177671144,True,00030253,38.6,rural
113432,Pampa de La Hacienda,0,200405,2004,20,MORROPON,MORROPON,PIURA,153,5.023073076667754,3.1582755854114923,True,00033482,1020.4,rural
615537,Km 62 Santa Rosa,0,200404,2004,20,LA MATANZA,MORROPON,PIURA,129,4.865706828248322,3.871733532140223,True,00002178,442.5,rural
132569,Laynas,0,200404,2004,20,LA MATANZA,MORROPON,PIURA,109,7.344293966029458,5.26817057183023,True,00002178,1192.8,rural
519010,Papayal Bajo,0,200302,2003,20,CANCHAQUE,HUANCABAMBA,PIURA,796,22.391972979143596,12.325558881428723,True,00030253,336.0,rural
130465,Hacienda Nueva Pabur,0,200404,2004,20,LA MATANZA,MORROPON,PIURA,113,3.690377321157951,2.4602515474386335,True,00002178,1310.0,rural
549210,Los Milagros,0,200305,2003,20,LALAQUIZ,HUANCABAMBA,PIURA,911,0.841097051397352,0.4282592707966895,True,00030253,117.8,rural
513747,Los Pozos,0,200305,2003,20,LALAQUIZ,HUANCABAMBA,PIURA,1069,0.7972938320111458,0.39864691600557295,True,00030253,223.8,rural
549823,La Mesa,0,200208,2002,20,SAPILLICA,AYABACA,PIURA,641,19.761695517478316,13.17446367831888,True,00001955,220.7,rural
526876,Cuesta Laguna / Puerta de Laguna,0,200208,2002,20,SAPILLICA,AYABACA,PIURA,1565,1.6604719005645137,1.1069812670430093,True,00001955,389.7,rural
540444,Andurco Alto,0,200201,2002,20,AYABACA,AYABACA,PIURA,1971,81.93639669665588,75.06767623002102,True,00001970,170.5,rural
129591,La Menta,0,200111,2001,20,LAS LOMAS,PIURA,PIURA,401,29.518246460357883,23.643094794474987,True,00026022,527.7,rural
239684,Coyonas,0,200111,2001,20,LAS LOMAS,PIURA,PIURA,1270,,,False,,186.1,rural
521413,Huancayo,0,200201,2002,20,AYABACA,AYABACA,PIURA,2349,,,False,,578.0,rural
211165,Limon,0,200204,2002,20,LAGUNAS,AYABACA,PIURA,806,14.208039711897893,16.475547681357874,True,00031459,219.0,rural
527505,Monte Verde,0,200111,2001,20,LAS LOMAS,PIURA,PIURA,507,37.84457692535333,28.198559080956436,True,00026022,313.7,rural
246418,Puente Tondopa,0,200204,2002,20,LAGUNAS,AYABACA,PIURA,830,14.03419763376177,16.2727319235324,True,00031459,418.8,rural
615975,Pambarumbe Norte,0,200408,2004,20,SANTA CATALINA DE MOSSA,MORROPON,PIURA,1195,27.091047124850324,26.868069352753242,True,00033482,182.7,rural
518168,Culcas Alto,0,200202,2002,20,FRIAS,AYABACA,PIURA,2365,19.400598857460377,12.933732571640252,True,00002171,372.7,rural
611977,La Peña,0,200401,2004,20,CHULUCANAS,MORROPON,PIURA,141,36.772786098024966,18.386393049012487,True,00001981,1723.7,rural
531027,Huasipe,0,200202,2002,20,FRIAS,AYABACA,PIURA,999,20.109454036820157,13.37935988272167,True,00002171,871.6,rural
211403,Palte,0,200410,2004,20,YAMANGO,MORROPON,PIURA,1226,39.089801725047096,26.971862717207152,True,00002192,252.4,rural
112700,Km 2 Santa Rosa,0,200401,2004,20,CHULUCANAS,MORROPON,PIURA,110,1.9066616541223136,1.81154870102703,True,00002164,2525.9,urbano
538492,Quebrada de las Damas,0,200405,2004,20,MORROPON,MORROPON,PIURA,151,25.85011242106161,17.128070466205,True,00002178,344.7,rural
542502,Laguna Colorada,0,200408,2004,20,SANTA CATALINA DE MOSSA,MORROPON,PIURA,1469,31.117301023728896,25.125345698993893,True,00033482,348.7,rural
532810,Ventarrona,0,200305,2003,20,LALAQUIZ,HUANCABAMBA,PIURA,636,17.10526736969486,11.892754253409384,True,00030253,517.4,rural
536130,San Ramon de Las Vegas,0,200302,2003,20,CANCHAQUE,HUANCABAMBA,PIURA,683,16.505226779620223,13.047860101577477,True,00030253,502.1,rural
112609,El Tongo,0,200404,2004,20,LA MATANZA,MORROPON,PIURA,113,6.401191241231904,4.019287828311267,True,00002178,398.5,rural
622721,San Martin Alto,0,200407,2004,20,SAN JUAN DE BIGOTE,MORROPON,PIURA,815,17.25426221601741,9.422321679119724,True,00002192,356.3,rural
515229,Vista Alegre,0,200305,2003,20,LALAQUIZ,HUANCABAMBA,PIURA,1282,25.512197142233315,15.811208177671144,True,00030253,194.4,rural
529775,Chasqueros,0,200305,2003,20,LALAQUIZ,HUANCABAMBA,PIURA,886,27.002000504738717,14.261248481633945,True,00002192,211.7,rural
522401,Higuerones,0,200408,2004,20,SANTA CATALINA DE MOSSA,MORROPON,PIURA,381,20.107940092284352,14.473081894629232,True,00033482,456.0,rural
513131,San Juan De San Lorenzo,0,200305,2003,20,LALAQUIZ,HUANCABAMBA,PIURA,1099,27.002000504738717,14.261248481633945,True,00002192,59.0,rural
612083,Mercado Jarrin,0,200401,2004,20,CHULUCANAS,MORROPON,PIURA,109,1.683392730580708,1.1463425513192804,True,00028439,1257.1,rural
623801,Vaqueria,0,200408,2004,20,SANTA CATALINA DE MOSSA,MORROPON,PIURA,1550,40.80536020347033,29.969375288864605,True,00033482,145.4,rural
541564,Miraflores,0,200403,2004,20,CHALACO,MORROPON,PIURA,2672,,,False,,229.2,rural
619668,Naranjal,0,200408,2004,20,SANTA CATALINA DE MOSSA,MORROPON,PIURA,1092,27.37829575029064,27.182690425712515,True,00033482,184.8,rural
517011,Cochinito,0,200408,2004,20,SANTA CATALINA DE MOSSA,MORROPON,PIURA,1126,27.135820563387085,26.960778002419936,True,00033482,0.0,rural
547506,Sural,0,200408,2004,20,SANTA CATALINA DE MOSSA,MORROPON,PIURA,1422,40.05669973903776,29.595045056648324,True,00033482,160.9,rural
129465,Fatima de Chapica,0,200401,2004,20,CHULUCANAS,MORROPON,PIURA,142,12.648945461327777,7.590177362122609,True,00028439,1154.0,rural
517933,Rinconada Zapotal,0,200405,2004,20,MORROPON,MORROPON,PIURA,126,3.74659804103153,2.9864948738692947,True,00033482,1881.3,rural
117763,Vicus,0,200401,2004,20,CHULUCANAS,MORROPON,PIURA,100,5.669338481972489,5.788261488205395,True,00002164,1870.8,rural
117470,Calores,0,200401,2004,20,CHULUCANAS,MORROPON,PIURA,155,22.0973904056777,16.849601137409746,True,00030759,1823.1,rural
211255,San Pedro,0,200405,2004,20,MORROPON,MORROPON,PIURA,160,24.831441457559738,17.303598578504953,True,00002178,408.7,rural
626072,El Aromo,0,200401,2004,20,CHULUCANAS,MORROPON,PIURA,116,10.762062703380195,7.245572108822074,True,00028439,2790.4,urbano
542924,Las Velas / Las Vegas,0,200408,2004,20,SANTA CATALINA DE MOSSA,MORROPON,PIURA,1058,19.90153678824768,19.80229329421057,True,00033482,422.8,rural
242759,Los Arevalos,0,200206,2002,20,PACAIPAMPA,AYABACA,PIURA,2913,54.508279331551286,34.85948581662044,True,00030253,128.7,rural
224427,Tulpas,0,200410,2004,20,YAMANGO,MORROPON,PIURA,1257,,,False,,628.0,rural
224134,Chexche,0,200410,2004,20,YAMANGO,MORROPON,PIURA,1638,,,False,,371.9,rural
243793,Hacienda Tajanacas,0,200405,2004,20,MORROPON,MORROPON,PIURA,301,7.101713583508863,7.002470089471756,True,00033482,513.8,rural
516712,San Jose del Chorro,0,200405,2004,20,MORROPON,MORROPON,PIURA,127,15.995190121285615,11.438504997496107,True,00002178,3358.9,urbano
519473,Nuevo Porvenir,0,200410,2004,20,YAMANGO,MORROPON,PIURA,1827,53.77451222405953,34.314217966713365,True,00002192,134.2,rural
623074,El Tayo,0,200305,2003,20,LALAQUIZ,HUANCABAMBA,PIURA,2343,32.7436519504935,21.408833809848502,True,00030253,237.1,rural
527341,El Porvenir,0,200405,2004,20,MORROPON,MORROPON,PIURA,135,19.52670232729277,13.204261100499687,True,00002178,592.7,rural
527006,Huanchali,0,200410,2004,20,YAMANGO,MORROPON,PIURA,2109,,,False,,153.7,rural
215924,Las Aradas,0,200410,2004,20,YAMANGO,MORROPON,PIURA,1725,53.77451222405953,34.314217966713365,True,00002192,77.7,rural
239168,El Manzano,0,200206,2002,20,PACAIPAMPA,AYABACA,PIURA,2972,48.198173562319965,31.70443293200478,True,00030253,244.0,rural
229049,La Playa,0,200410,2004,20,YAMANGO,MORROPON,PIURA,2809,,,False,,326.6,rural
549420,El Palmo,0,200403,2004,20,CHALACO,MORROPON,PIURA,2104,62.38177911336043,49.31170037755377,True,00033482,214.8,rural
611718,Jose Abelardo Quiñones Gonzales,0,200403,2004,20,CHALACO,MORROPON,PIURA,2325,55.95557745597331,47.44387040863955,True,00033482,280.5,rural
229897,Infiernillo,0,200403,2004,20,CHALACO,MORROPON,PIURA,2287,57.820940266156775,48.39178067339248,True,00033482,743.3,rural
229731,Bordo Mocho,0,200409,2004,20,SANTO DOMINGO,MORROPON,PIURA,632,31.828169113909098,16.679023148428563,True,00033482,257.5,rural
239133,Chinchahual,0,200206,2002,20,PACAIPAMPA,AYABACA,PIURA,3068,,,False,,306.2,rural
524341,Vista Alegre,0,200403,2004,20,CHALACO,MORROPON,PIURA,3116,70.12465360816911,35.82257503334914,True,00002192,238.6,rural
546815,Mejico,0,200206,2002,20,PACAIPAMPA,AYABACA,PIURA,2040,103.23011425562487,72.89597772887069,True,00002257,675.4,rural
114849,Carpinteros,0,200403,2004,20,CHALACO,MORROPON,PIURA,2023,,,False,,321.5,rural
522846,Santa Ana,0,200403,2004,20,CHALACO,MORROPON,PIURA,1342,33.78637818358383,33.682852903316835,True,00033482,261.8,rural
128434,Yapatera,0,200401,2004,20,CHULUCANAS,MORROPON,PIURA,109,0.45176502304668575,0.30117668203112385,True,00002168,671.6,rural
127724,Cruz Pampa - Yapatera,0,200401,2004,20,CHULUCANAS,MORROPON,PIURA,111,0.7705370928317505,0.5136913952211669,True,00002168,2054.7,urbano
615091,Virgen de Lapuerta,0,200409,2004,20,SANTO DOMINGO,MORROPON,PIURA,1468,56.86817672314155,34.47478473202166,True,00033482,89.6,rural
533737,Baltazares,0,200409,2004,20,SANTO DOMINGO,MORROPON,PIURA,1294,60.82350865238473,35.09989132001546,True,00033482,134.9,rural
511209,Huacapampa Baja,0,200403,2004,20,CHALACO,MORROPON,PIURA,2039,55.576996644568716,44.41636126058885,True,00033482,239.5,rural
550192,Pampa de Los Ramirez,0,200409,2004,20,SANTO DOMINGO,MORROPON,PIURA,1558,56.86817672314155,34.47478473202166,True,00033482,120.1,rural
532479,Pueblo Nuevo,0,200409,2004,20,SANTO DOMINGO,MORROPON,PIURA,1460,54.45061664858313,31.25585651219493,True,00002171,472.1,rural
539032,Huarapo,0,200409,2004,20,SANTO DOMINGO,MORROPON,PIURA,732,42.600371249816206,29.149551773342594,True,00002178,211.2,rural
526261,Rio Claro,0,200403,2004,20,CHALACO,MORROPON,PIURA,2002,62.38177911336043,49.31170037755377,True,00033482,204.0,rural
544379,Ambrosio,0,200403,2004,20,CHALACO,MORROPON,PIURA,1753,46.367229461332734,45.864343858932145,True,00033482,968.3,rural
241901,Salvia,0,200403,2004,20,CHALACO,MORROPON,PIURA,2442,,,False,,310.3,rural
229763,Lichero,0,200206,2002,20,PACAIPAMPA,AYABACA,PIURA,2483,,,False,,98.4,rural
548019,Algarrobal,0,200202,2002,20,FRIAS,AYABACA,PIURA,807,,,False,,363.1,rural
519237,San Luis de Papelillo,0,200206,2002,20,PACAIPAMPA,AYABACA,PIURA,2263,80.2139634055991,61.387902303857814,True,00002257,709.5,rural
112384,San Andres de Guayaquil,0,200202,2002,20,FRIAS,AYABACA,PIURA,1534,41.127765944088345,24.268748920193033,True,00002171,964.1,rural
550237,Centenario,0,200409,2004,20,SANTO DOMINGO,MORROPON,PIURA,1738,49.55144889005265,42.93980179597385,True,00033482,585.2,rural
521347,San Martin,0,200206,2002,20,PACAIPAMPA,AYABACA,PIURA,2439,,,False,,236.0,rural
622229,El Chirimoyo,0,200202,2002,20,FRIAS,AYABACA,PIURA,1263,24.183289127420213,16.122192751613476,True,00002171,588.9,rural
211472,Juntas,0,200206,2002,20,PACAIPAMPA,AYABACA,PIURA,1827,,,False,,215.6,rural
231047,El Playon,0,200202,2002,20,FRIAS,AYABACA,PIURA,1314,,,False,,283.4,rural
612057,La Loma,0,200206,2002,20,PACAIPAMPA,AYABACA,PIURA,1735,,,False,,240.4,rural
126107,Pampa Culca,0,200202,2002,20,FRIAS,AYABACA,PIURA,1992,14.967832700914881,9.978555133943253,True,00002171,715.5,rural
624667,Linderos de Misquis,0,200202,2002,20,FRIAS,AYABACA,PIURA,1328,,,False,,512.1,rural
310061,La Puerta,0,200202,2002,20,FRIAS,AYABACA,PIURA,1936,4.4647550996836305,2.976503399789087,True,00002171,376.3,rural
523595,La Ovejeria,0,200202,2002,20,FRIAS,AYABACA,PIURA,3105,41.4861944540177,27.167647797395272,True,00002171,1592.9,rural
212077,Huamingas,0,200202,2002,20,FRIAS,AYABACA,PIURA,2031,4.4647550996836305,2.976503399789087,True,00002171,239.6,rural
228403,Pueblo Nuevo,0,200202,2002,20,FRIAS,AYABACA,PIURA,1825,0.9433682807019161,0.6289121871346107,True,00002171,316.7,rural
114112,El Limo,0,200202,2002,20,FRIAS,AYABACA,PIURA,1414,44.75339824365775,24.9979309720084,True,00002171,503.6,rural
131716,Rosales,0,200202,2002,20,FRIAS,AYABACA,PIURA,1472,1.7134048433297286,1.1153270870613865,True,00002171,442.2,rural
219110,La Cueva,0,200202,2002,20,FRIAS,AYABACA,PIURA,3111,28.123033840472168,18.724473880168357,True,00002171,846.7,rural
128924,Altos de Poclus,0,200202,2002,20,FRIAS,AYABACA,PIURA,3089,19.838992121849817,13.22599474789988,True,00002171,381.6,rural
120389,Vega Larga,0,200202,2002,20,FRIAS,AYABACA,PIURA,333,,,False,,322.9,rural
615774,La Banda,0,200202,2002,20,FRIAS,AYABACA,PIURA,1793,0.9433682807019161,0.6289121871346107,True,00002171,838.9,rural
113007,Liza,0,200202,2002,20,FRIAS,AYABACA,PIURA,2131,,,False,,138.6,rural
211947,Yipiay,0,200202,2002,20,FRIAS,AYABACA,PIURA,1529,6.238824451220973,4.04757756648429,True,00002171,162.2,rural
626795,Naranjito,0,200202,2002,20,FRIAS,AYABACA,PIURA,1530,6.238824451220973,4.04757756648429,True,00002171,199.7,rural
544354,El Faique,0,200202,2002,20,FRIAS,AYABACA,PIURA,1427,,,False,,337.2,rural
125406,Charan,0,200202,2002,20,FRIAS,AYABACA,PIURA,377,,,False,,433.7,rural
616979,Nuevo Amanecer,0,200202,2002,20,FRIAS,AYABACA,PIURA,3076,,,False,,452.3,rural
522864,Pilan,0,200202,2002,20,FRIAS,AYABACA,PIURA,1680,38.42104270680043,21.83175320357974,True,00002171,369.4,rural
223605,Parihuanas,0,200202,2002,20,FRIAS,AYABACA,PIURA,1546,14.957778044831649,9.860213295558074,True,00002171,518.1,rural
238798,Huayabal,0,200202,2002,20,FRIAS,AYABACA,PIURA,934,,,False,,112.6,rural
547865,Alto de Parihuanas,0,200202,2002,20,FRIAS,AYABACA,PIURA,1755,9.330695018929628,6.09645619610037,True,00002171,307.0,rural
119849,Geraldo,0,200202,2002,20,FRIAS,AYABACA,PIURA,1538,28.060397599149617,18.595292998436722,True,00002171,151.4,rural
126344,Los Checches,0,200202,2002,20,FRIAS,AYABACA,PIURA,1324,,,False,,308.7,rural
125353,Pueblo Nuevo de Matalaca / Cerro Grande,0,200206,2002,20,PACAIPAMPA,AYABACA,PIURA,1955,,,False,,728.0,rural
542627,El Alumbre,0,200206,2002,20,PACAIPAMPA,AYABACA,PIURA,1312,,,False,,416.8,rural
127365,Silincho,0,200202,2002,20,FRIAS,AYABACA,PIURA,2063,,,False,,435.1,rural
126435,Pueblo Nuevo,0,200202,2002,20,FRIAS,AYABACA,PIURA,1586,25.100926503993684,16.622312268332767,True,00002171,317.7,rural
235853,Ciruelo,0,200206,2002,20,PACAIPAMPA,AYABACA,PIURA,1240,,,False,,281.9,rural
235650,Tuno,0,200206,2002,20,PACAIPAMPA,AYABACA,PIURA,1301,,,False,,95.2,rural
548236,San Isidro El Labrador,0,200206,2002,20,PACAIPAMPA,AYABACA,PIURA,3089,,,False,,457.8,rural
546060,Chivato,0,200202,2002,20,FRIAS,AYABACA,PIURA,1644,25.100926503993684,16.622312268332767,True,00002171,362.1,rural
549598,La Toma,0,200201,2002,20,AYABACA,AYABACA,PIURA,1289,,,False,,342.4,rural
129456,Tailin,0,200201,2002,20,AYABACA,AYABACA,PIURA,1447,,,False,,882.2,rural
534199,Alto Lagunas,0,200204,2002,20,LAGUNAS,AYABACA,PIURA,2891,,,False,,313.9,rural
223942,Palo Blanco,0,200206,2002,20,PACAIPAMPA,AYABACA,PIURA,2218,,,False,,426.1,rural
617779,Membrillo,0,200201,2002,20,AYABACA,AYABACA,PIURA,1151,,,False,,295.8,rural
540102,El Sidro Olleros,0,200201,2002,20,AYABACA,AYABACA,PIURA,1547,,,False,,483.7,rural
624225,San Miguel,0,200207,2002,20,PAIMAS,AYABACA,PIURA,1954,,,False,,688.7,rural
550665,Malpaso / Remolino,0,200204,2002,20,LAGUNAS,AYABACA,PIURA,911,22.623629692611587,26.293735992190516,True,00031459,710.1,rural
114533,Cachiris,0,200202,2002,20,FRIAS,AYABACA,PIURA,3184,45.1922559940108,30.128170662673867,True,00002171,825.6,rural
230098,Casa Quemada,0,200202,2002,20,FRIAS,AYABACA,PIURA,1572,45.3821603023036,30.25477353486907,True,00001955,961.7,rural
131399,San Antonio De Matalacas,0,200204,2002,20,LAGUNAS,AYABACA,PIURA,2781,,,False,,327.9,rural
515132,Ceibitos / El Bitos,0,200208,2002,20,SAPILLICA,AYABACA,PIURA,1400,45.3821603023036,30.25477353486907,True,00001955,1195.0,rural
624751,Hualtaco,0,200206,2002,20,PACAIPAMPA,AYABACA,PIURA,3129,,,False,,366.6,rural
542735,Liplipe,0,200204,2002,20,LAGUNAS,AYABACA,PIURA,2412,,,False,,341.8,rural
534962,Pampa Grande,0,200204,2002,20,LAGUNAS,AYABACA,PIURA,3115,41.533145621670876,25.87969114534497,True,00001965,231.5,rural
242220,Rapela,0,200204,2002,20,LAGUNAS,AYABACA,PIURA,2864,,,False,,192.0,rural
682681,Monte Oscuro,0,200201,2002,20,AYABACA,AYABACA,PIURA,2329,,,False,,359.0,rural
682929,San Luis,0,200409,2004,20,SANTO DOMINGO,MORROPON,PIURA,3092,30.263939405715085,19.50140864487948,True,00002171,726.1,rural
682940,Nueva Esperanza,0,200208,2002,20,SAPILLICA,AYABACA,PIURA,1352,1.5614398857671479,0.780719942883574,True,00001955,328.9,rural
538909,Tapul de Matalacas,0,200204,2002,20,LAGUNAS,AYABACA,PIURA,3067,35.89895292352571,24.446771009373997,True,00001965,490.9,rural
232970,Peña Blanca,0,200202,2002,20,FRIAS,AYABACA,PIURA,1245,,,False,,703.1,rural
535849,Huasanche,0,200206,2002,20,PACAIPAMPA,AYABACA,PIURA,2459,63.19360840184289,41.7035938305693,True,00002171,290.8,rural
615249,Bajo Muela,0,200206,2002,20,PACAIPAMPA,AYABACA,PIURA,2739,52.78073136652549,34.76167580702436,True,00002171,612.9,rural
524806,Alto Rinconada,0,200204,2002,20,LAGUNAS,AYABACA,PIURA,2863,27.690280617177283,20.584420196929642,True,00001965,339.8,rural
225182,Guayabo,0,200202,2002,20,FRIAS,AYABACA,PIURA,1317,,,False,,366.6,rural
536273,Lanchipampa,0,200204,2002,20,LAGUNAS,AYABACA,PIURA,1938,,,False,,670.4,rural
527921,Los Carmen / El Carmen,0,200208,2002,20,SAPILLICA,AYABACA,PIURA,1680,1.2075928446686186,0.7177941954214614,True,00001955,453.1,rural
244101,Algarrobo,0,200201,2002,20,AYABACA,AYABACA,PIURA,1130,,,False,,211.6,rural
614308,Naranjito de Matalache (Naranjito De Matalacas),0,200206,2002,20,PACAIPAMPA,AYABACA,PIURA,1094,,,False,,152.1,rural
113125,Tasajeras,0,200207,2002,20,PAIMAS,AYABACA,PIURA,1662,21.565362787296962,14.206844777430478,True,00031459,378.4,rural
118382,Sanchaya,0,200201,2002,20,AYABACA,AYABACA,PIURA,1009,,,False,,1005.2,rural
113011,Piedra Punta,0,200208,2002,20,SAPILLICA,AYABACA,PIURA,1094,17.273795348305825,10.525607341428397,True,00001955,145.8,rural
551239,Guayabo,0,200208,2002,20,SAPILLICA,AYABACA,PIURA,1323,17.273795348305825,10.525607341428397,True,00001955,136.8,rural
549641,Lanche,0,200208,2002,20,SAPILLICA,AYABACA,PIURA,616,24.827744119820043,16.551829413213365,True,00001955,207.4,rural
114814,Potrerillo,0,200111,2001,20,LAS LOMAS,PIURA,PIURA,387,28.346875042219235,22.704076653942337,True,00026022,307.1,rural
524827,Pampa El Zapote,0,200111,2001,20,LAS LOMAS,PIURA,PIURA,386,23.29219634931815,19.104685004483457,True,00026022,1614.8,rural
511891,Palen,0,200201,2002,20,AYABACA,AYABACA,PIURA,1145,,,False,,120.4,rural
539172,El Sauce,0,200204,2002,20,LAGUNAS,AYABACA,PIURA,2155,0.39482459920739515,0.19741229960369755,True,00001965,742.7,rural
618417,La Peñita,0,200204,2002,20,LAGUNAS,AYABACA,PIURA,2353,9.442757821271702,7.6897946648756825,True,00001965,881.4,rural
612195,Pueblo Nuevo De Pampa Elera Alta,0,200111,2001,20,LAS LOMAS,PIURA,PIURA,371,25.539056452167568,20.832197593907892,True,00026022,594.1,rural
652715,Fernando Belaunde Terry,0,200410,2004,20,YAMANGO,MORROPON,PIURA,1711,53.77451222405953,34.314217966713365,True,00002192,176.2,rural
652714,Miguel Grau,0,200410,2004,20,YAMANGO,MORROPON,PIURA,2113,,,False,,149.7,rural
683123,El Sidro Bajo,0,200201,2002,20,AYABACA,AYABACA,PIURA,1491,79.70411473573546,72.44411361658956,True,00001970,258.4,rural
683297,Santa Fe,0,200206,2002,20,PACAIPAMPA,AYABACA,PIURA,3104,55.2535926075453,35.232142454617446,True,00030253,49.3,rural
119322,San Miguel,0,200409,2004,20,SANTO DOMINGO,MORROPON,PIURA,1569,38.91041908665867,38.764859572230705,True,00033482,379.3,rural
657189,El Huauco,0,200202,2002,20,FRIAS,AYABACA,PIURA,1421,19.257699751320516,12.838466500880344,True,00002171,720.4,rural
657217,Bajo Papelillo,0,200206,2002,20,PACAIPAMPA,AYABACA,PIURA,1861,103.96897095392085,63.2570554659554,True,00002171,403.0,rural
656562,Cascajal,0,200202,2002,20,FRIAS,AYABACA,PIURA,1663,33.03593250475417,19.139198102556616,True,00002171,575.2,rural
656566,Alisos de Arrendamientos,0,200208,2002,20,SAPILLICA,AYABACA,PIURA,3101,41.533145621670876,25.87969114534497,True,00001965,124.7,rural
656568,Santa Cruz de la Vega,0,200206,2002,20,PACAIPAMPA,AYABACA,PIURA,1674,,,False,,519.6,rural
656737,Nogal Centro,0,200206,2002,20,PACAIPAMPA,AYABACA,PIURA,2789,,,False,,492.5,rural
656835,El Mirador,0,200202,2002,20,FRIAS,AYABACA,PIURA,1157,,,False,,216.0,rural
656837,Linderos de Chaye,0,200202,2002,20,FRIAS,AYABACA,PIURA,1702,9.330695018929628,6.09645619610037,True,00002171,212.2,rural
657641,Suxa,0,200207,2002,20,PAIMAS,AYABACA,PIURA,1898,,,False,,427.0,rural
657644,La Curva,0,200208,2002,20,SAPILLICA,AYABACA,PIURA,751,15.618583939752067,10.412389293168046,True,00001955,128.8,rural
657683,Nuevo Union de Chaye Grande,0,200202,2002,20,FRIAS,AYABACA,PIURA,2055,13.11543239516249,8.6319828624453,True,00002171,209.4,rural
657816,Guayaquil,0,200202,2002,20,FRIAS,AYABACA,PIURA,800,,,False,,419.6,rural
657539,Chorro Blanco,0,200302,2003,20,CANCHAQUE,HUANCABAMBA,PIURA,1343,34.13546126354607,21.22236659351978,True,00030253,203.4,rural
657580,La Playa,0,200305,2003,20,LALAQUIZ,HUANCABAMBA,PIURA,2213,32.88378777884621,21.50225769541698,True,00030253,216.3,rural
657584,Los Laureles,0,200305,2003,20,LALAQUIZ,HUANCABAMBA,PIURA,2174,26.993535622887805,17.57542292477804,True,00030253,106.9,rural
657585,La Cruz,0,200305,2003,20,LALAQUIZ,HUANCABAMBA,PIURA,2029,26.694205910239265,17.375869783012345,True,00030253,305.3,rural
657790,Vicus Pueblo,0,200401,2004,20,CHULUCANAS,MORROPON,PIURA,100,6.508535961317159,5.660196337931716,True,00002164,1347.6,rural
657805,La Menta Alta,0,200111,2001,20,LAS LOMAS,PIURA,PIURA,411,31.710832256106862,25.131686746333195,True,00026022,337.0,rural
658722,La Viña Chica,0,200401,2004,20,CHULUCANAS,MORROPON,PIURA,102,1.4279390176984943,1.0664456450210926,True,00002168,2021.3,urbano
658725,Los Godos,0,200401,2004,20,CHULUCANAS,MORROPON,PIURA,660,,,False,,386.8,rural
557195,Luis de La Puente Uceda,0,200401,2004,20,CHULUCANAS,MORROPON,PIURA,105,1.7344994600922705,0.9850561537459793,True,00028439,4898.9,urbano
549316,Olleros Cafetal,0,200201,2002,20,AYABACA,AYABACA,PIURA,1533,79.70411473573546,72.44411361658956,True,00001970,244.4,rural
563785,Pilar Nores,0,200401,2004,20,CHULUCANAS,MORROPON,PIURA,92,0.7848559604537034,0.3924279802268517,True,00031235,12916.8,urbano
682247,La Victoria,0,200204,2002,20,LAGUNAS,AYABACA,PIURA,3282,30.124987405741688,20.175612037380375,True,00001965,158.1,rural
225883,Sausal De Quiroz,0,200201,2002,20,AYABACA,AYABACA,PIURA,987,43.1928214552542,40.00653050061892,True,00031459,557.4,rural
124517,Sesteadero,0,200208,2002,20,SAPILLICA,AYABACA,PIURA,1243,7.425793266030254,4.95052884402017,True,00001955,483.2,rural
130850,Alisos,0,200208,2002,20,SAPILLICA,AYABACA,PIURA,2880,,,False,,364.6,rural
539730,Monte Grande,0,200208,2002,20,SAPILLICA,AYABACA,PIURA,2008,,,False,,1092.9,rural
652949,Pampa Verde,0,200208,2002,20,SAPILLICA,AYABACA,PIURA,1247,43.29719576459897,28.836694483452842,True,00001955,214.9,rural
652708,Nuevo Progreso,0,200208,2002,20,SAPILLICA,AYABACA,PIURA,1000,37.25318999102381,24.54327111160066,True,00001955,201.4,rural
114222,Coletas,0,200208,2002,20,SAPILLICA,AYABACA,PIURA,1704,33.803883642185994,22.40416767590048,True,00001955,1025.3,rural
623058,Loma Alta,0,200208,2002,20,SAPILLICA,AYABACA,PIURA,1748,,,False,,770.2,rural
529075,Pampa Larga,0,200208,2002,20,SAPILLICA,AYABACA,PIURA,1639,,,False,,485.9,rural
652796,Nuevo Porvenir,0,200208,2002,20,SAPILLICA,AYABACA,PIURA,1858,,,False,,436.7,rural
235709,Huabal,0,200202,2002,20,FRIAS,AYABACA,PIURA,1134,,,False,,652.3,rural
122354,Zapotal Sapillica,0,200208,2002,20,SAPILLICA,AYABACA,PIURA,789,17.156889331850767,11.181541989217395,True,00001955,389.2,rural
130594,Sapillica,3,200208,2002,20,SAPILLICA,AYABACA,PIURA,1456,0.683986638522912,0.4559910923486081,True,00001955,713.3,rural
132367,Sesteadero Tunal,0,200114,2001,20,TAMBO GRANDE,PIURA,PIURA,200,36.799999833471446,18.399999916735723,True,00001981,731.1,rural
123996,Palo Blanco,0,200401,2004,20,CHULUCANAS,MORROPON,PIURA,193,22.779077695017293,12.655243478967364,True,00028439,1358.4,rural
114413,Algodonales,0,200408,2004,20,SANTA CATALINA DE MOSSA,MORROPON,PIURA,364,15.066677635457943,12.770534628992523,True,00033482,531.5,rural
515018,Nueva Esperanza,0,200410,2004,20,YAMANGO,MORROPON,PIURA,343,15.075187472407134,12.513709201750137,True,00033482,617.4,rural
132070,La Loma,0,200410,2004,20,YAMANGO,MORROPON,PIURA,923,4.244401330837043,2.8313434417124768,True,00002192,740.2,rural
519968,Flor de Agua,0,200410,2004,20,YAMANGO,MORROPON,PIURA,827,8.400770958794114,6.294984798343369,True,00002192,591.1,rural
118233,Piscan,0,200410,2004,20,YAMANGO,MORROPON,PIURA,413,15.638922908080133,12.30902626992292,True,00002192,472.6,rural
613199,Letreros (Letrero Tucaque),0,200206,2002,20,PACAIPAMPA,AYABACA,PIURA,2819,83.1426376526774,63.4379268205616,True,00002257,444.0,rural
116057,Tinajones,0,200114,2001,20,TAMBO GRANDE,PIURA,PIURA,154,30.209203169511103,15.104601584755553,True,00001981,804.6,rural
536389,El Ceibo,0,200408,2004,20,SANTA CATALINA DE MOSSA,MORROPON,PIURA,970,24.174575417748827,21.653982896003857,True,00033482,329.1,rural
556266,Vate Manrique,0,200401,2004,20,CHULUCANAS,MORROPON,PIURA,89,0.3453220524925992,0.17266102624629961,True,00030759,13532.7,urbano
241375,Pampa Grande,0,200409,2004,20,SANTO DOMINGO,MORROPON,PIURA,595,26.353506222330164,13.941691702639092,True,00033482,484.0,rural
680497,Lucumo,0,200206,2002,20,PACAIPAMPA,AYABACA,PIURA,2641,,,False,,273.2,rural
680503,La Huaca,0,200206,2002,20,PACAIPAMPA,AYABACA,PIURA,2539,,,False,,244.2,rural
117075,Polvasal,0,200405,2004,20,MORROPON,MORROPON,PIURA,121,5.341925823476661,3.3588684721816904,True,00033482,739.5,rural
221102,Huaracas,0,200206,2002,20,PACAIPAMPA,AYABACA,PIURA,3020,59.50065033592691,39.28526522762706,True,00002171,510.6,rural
112351,El Papayo,0,200305,2003,20,LALAQUIZ,HUANCABAMBA,PIURA,1126,12.395292697401983,6.79747564217223,True,00030253,384.8,rural
122068,San Lazaro,0,200206,2002,20,PACAIPAMPA,AYABACA,PIURA,1626,97.94854931242942,84.29553425364173,True,00002257,312.5,rural
240375,Nota,0,200206,2002,20,PACAIPAMPA,AYABACA,PIURA,2411,,,False,,132.1,rural
114270,San Lorenzo,0,200305,2003,20,LALAQUIZ,HUANCABAMBA,PIURA,1314,25.482703144292973,13.501599801411071,True,00002192,356.4,rural
526975,Machacuay,0,200403,2004,20,CHALACO,MORROPON,PIURA,1681,52.90184721021971,50.48573196964204,True,00033482,321.1,rural
132781,San Juan de Chalaco,0,200403,2004,20,CHALACO,MORROPON,PIURA,1590,36.28926340896533,34.93429551600759,True,00033482,143.3,rural
110194,Morropon,3,200405,2004,20,MORROPON,MORROPON,PIURA,133,0.87762401832567,0.5356395873168484,True,00033482,5303.1,urbano
223775,Quinchayo Grande,0,200409,2004,20,SANTO DOMINGO,MORROPON,PIURA,2043,,,False,,389.5,rural
533509,Tasajeras,0,200409,2004,20,SANTO DOMINGO,MORROPON,PIURA,1870,62.896863123097674,32.21337015302285,True,00033482,405.7,rural
532596,Nueva Alianza,0,200409,2004,20,SANTO DOMINGO,MORROPON,PIURA,3183,49.550222378782884,29.144550131413375,True,00002171,934.3,rural
126543,Santo Domingo,3,200409,2004,20,SANTO DOMINGO,MORROPON,PIURA,1480,46.220362852027165,41.75997009400719,True,00033482,1289.0,rural
624592,Alfonso Ugarte,0,200206,2002,20,PACAIPAMPA,AYABACA,PIURA,1695,,,False,,246.4,rural
535440,San Agustin,0,200409,2004,20,SANTO DOMINGO,MORROPON,PIURA,1435,47.092894277949014,42.14067775351507,True,00033482,274.7,rural
112348,Nangay de Matalacas,0,200206,2002,20,PACAIPAMPA,AYABACA,PIURA,2062,76.06675218314625,50.300850659368535,True,00002171,813.2,rural
527061,Tulmancito,0,200206,2002,20,PACAIPAMPA,AYABACA,PIURA,2081,,,False,,474.0,rural
223292,El Yumbe,0,200403,2004,20,CHALACO,MORROPON,PIURA,2505,65.78113940786058,57.26943236052679,True,00033482,535.2,rural
551615,San Lorenzo,0,200403,2004,20,CHALACO,MORROPON,PIURA,1885,55.75857159002793,39.459359859954105,True,00033482,473.9,rural
111063,Taspa,0,200403,2004,20,CHALACO,MORROPON,PIURA,2026,55.576996644568716,44.41636126058885,True,00033482,338.7,rural
128501,Chimulque,0,200403,2004,20,CHALACO,MORROPON,PIURA,2048,57.351968097620514,46.01519734303128,True,00033482,594.8,rural
110894,Pacaipampa,3,200206,2002,20,PACAIPAMPA,AYABACA,PIURA,1971,85.55847008461961,76.97413330414436,True,00033482,1075.7,rural
645361,Luis Antonio Paredes Maceda,0,200410,2004,20,YAMANGO,MORROPON,PIURA,429,17.49958272583523,13.723516120425437,True,00002192,742.3,rural
543471,Ambuñique,0,200305,2003,20,LALAQUIZ,HUANCABAMBA,PIURA,2033,49.80664878251567,32.784165031196615,True,00030253,357.7,rural
536917,Chihuahua,0,200402,2004,20,BUENOS AIRES,MORROPON,PIURA,114,13.260910105031776,12.690294717309895,True,00033482,1347.0,rural
124994,San Luis,0,200206,2002,20,PACAIPAMPA,AYABACA,PIURA,1826,108.90839492370056,65.72676745084526,True,00002171,197.0,rural
520019,Francisco Bolognesi,0,200403,2004,20,CHALACO,MORROPON,PIURA,2127,,,False,,234.0,rural
212976,Huajambe Bajo,0,200302,2003,20,CANCHAQUE,HUANCABAMBA,PIURA,1104,28.170310531609193,16.110726806540967,True,00030253,194.2,rural
126942,Boca Negra,0,200405,2004,20,MORROPON,MORROPON,PIURA,156,4.259770567904814,3.497099795122043,True,00033482,624.7,rural
123136,Pagay,0,200410,2004,20,YAMANGO,MORROPON,PIURA,1643,11.412542640787109,6.466519549658138,True,00002192,475.9,rural
130517,Choco,0,200410,2004,20,YAMANGO,MORROPON,PIURA,3014,45.29442819491427,23.407462326721717,True,00002192,972.7,rural
240657,La Toma,0,200402,2004,20,BUENOS AIRES,MORROPON,PIURA,117,10.422563289170695,9.845949637676794,True,00033482,1350.5,rural
543675,Jose Galvez,0,200410,2004,20,YAMANGO,MORROPON,PIURA,970,11.199952219573511,6.395166680897775,True,00002192,552.7,rural
527213,Miraflores,0,200206,2002,20,PACAIPAMPA,AYABACA,PIURA,3099,,,False,,300.1,rural
218522,La Laguna,0,200206,2002,20,PACAIPAMPA,AYABACA,PIURA,2179,,,False,,187.9,rural
521120,San Francisco,0,200409,2004,20,SANTO DOMINGO,MORROPON,PIURA,1625,50.81846262001634,38.50792746743847,True,00033482,562.9,rural
561017,La Florida de Malache,0,200206,2002,20,PACAIPAMPA,AYABACA,PIURA,2486,,,False,,351.8,rural
120713,Tuñali,0,200409,2004,20,SANTO DOMINGO,MORROPON,PIURA,1146,63.26144853644952,32.395662859698774,True,00033482,239.3,rural
119146,El Naranjo,0,200403,2004,20,CHALACO,MORROPON,PIURA,1948,,,False,,133.8,rural
531903,Jose Olaya,0,200403,2004,20,CHALACO,MORROPON,PIURA,1399,,,False,,569.0,rural
235950,Pampa Flores,0,200402,2004,20,BUENOS AIRES,MORROPON,PIURA,161,9.082362390230292,6.906017652030461,True,00033482,507.6,rural
533707,Pueblo Libre,0,200402,2004,20,BUENOS AIRES,MORROPON,PIURA,218,13.735964956264057,9.232818935047344,True,00033482,787.3,rural
117020,Tamboya,0,200410,2004,20,YAMANGO,MORROPON,PIURA,942,32.71132423982791,23.78262397459756,True,00002192,483.4,rural
520808,Carrizal,0,200410,2004,20,YAMANGO,MORROPON,PIURA,1260,,,False,,204.2,rural
112371,Nangay,0,200410,2004,20,YAMANGO,MORROPON,PIURA,1278,49.60845289968312,32.23118830452517,True,00002192,199.9,rural
112654,Mambluque,0,200410,2004,20,YAMANGO,MORROPON,PIURA,249,16.670927691644966,13.843492717781666,True,00033482,1150.0,rural
514538,Culebreros,0,200408,2004,20,SANTA CATALINA DE MOSSA,MORROPON,PIURA,1171,44.10524580843026,31.61931809134457,True,00033482,774.9,rural
544399,Casa Blanca,0,200405,2004,20,MORROPON,MORROPON,PIURA,222,5.649489006496576,5.550245512459469,True,00033482,476.9,rural
539573,El Arrayan,0,200305,2003,20,LALAQUIZ,HUANCABAMBA,PIURA,2310,26.694205910239265,17.375869783012345,True,00030253,30.0,rural
690435,Pacay Alto,0,200201,2002,20,AYABACA,AYABACA,PIURA,1991,75.57461158087132,70.90717804497794,True,00001970,249.1,rural
690447,Laureles De Chaye,0,200202,2002,20,FRIAS,AYABACA,PIURA,2250,,,False,,115.0,rural
690448,San Luis,0,200202,2002,20,FRIAS,AYABACA,PIURA,3405,,,False,,447.1,rural
690456,Rincon De Geraldo,0,200202,2002,20,FRIAS,AYABACA,PIURA,1581,28.060397599149617,18.595292998436722,True,00002171,163.5,rural
690458,Loma De Figurina,0,200202,2002,20,FRIAS,AYABACA,PIURA,1785,42.91543199500792,24.078947847683494,True,00002171,340.5,rural
690459,Chulucanitas,0,200202,2002,20,FRIAS,AYABACA,PIURA,1210,13.715289651326719,8.913730055221775,True,00002171,201.5,rural
690461,Morroponcito,0,200202,2002,20,FRIAS,AYABACA,PIURA,1222,13.421559051531212,8.76686475532402,True,00002171,269.4,rural
690466,El Mango De Cascajal,0,200202,2002,20,FRIAS,AYABACA,PIURA,328,,,False,,1337.2,rural
690471,La Victoria,0,200204,2002,20,LAGUNAS,AYABACA,PIURA,3284,30.124987405741688,20.175612037380375,True,00001965,230.0,rural
690480,Santa Fe,0,200206,2002,20,PACAIPAMPA,AYABACA,PIURA,3104,55.2535926075453,35.232142454617446,True,00030253,29.4,rural
690483,Nuevo Progreso,0,200206,2002,20,PACAIPAMPA,AYABACA,PIURA,2690,,,False,,99.0,rural
690486,Lecheros,0,200206,2002,20,PACAIPAMPA,AYABACA,PIURA,3114,,,False,,205.2,rural
690489,El Ceibo,0,200206,2002,20,PACAIPAMPA,AYABACA,PIURA,1821,,,False,,400.4,rural
690492,Tasajeras Alto,0,200207,2002,20,PAIMAS,AYABACA,PIURA,1995,25.5239499328433,20.472728775718295,True,00001955,267.2,rural
690493,Cardos,0,200208,2002,20,SAPILLICA,AYABACA,PIURA,1443,11.73965819386016,7.758538764205565,True,00001955,436.8,rural
690495,Piñan,0,200208,2002,20,SAPILLICA,AYABACA,PIURA,1382,11.73965819386016,7.758538764205565,True,00001955,129.2,rural
690500,Alto Coletas,0,200208,2002,20,SAPILLICA,AYABACA,PIURA,1875,34.10206142258735,22.495457390079576,True,00001955,572.1,rural
690501,Los Lopez,0,200208,2002,20,SAPILLICA,AYABACA,PIURA,596,24.6041935431618,16.402795695441206,True,00001955,402.4,rural
690542,La Loma,0,200408,2004,20,SANTA CATALINA DE MOSSA,MORROPON,PIURA,1132,26.84357856873038,26.74433507469327,True,00033482,113.5,rural
690544,Miraflores,0,200410,2004,20,YAMANGO,MORROPON,PIURA,2992,63.27184164376866,39.06288267656794,True,00002192,105.4,rural
692509,Tunal Alto (Anexo),0,200305,2003,20,LALAQUIZ,HUANCABAMBA,PIURA,1056,0.7972938320111458,0.39864691600557295,True,00030253,34.7,rural
547525,El Banco,0,200301,2003,20,HUANCABAMBA,HUANCABAMBA,PIURA,1970,4.959555576401302,3.427189357509574,True,00033982,1095.1,rural
223410,Lanche,0,200301,2003,20,HUANCABAMBA,HUANCABAMBA,PIURA,2130,6.437250818371488,5.7283418009378755,True,00033982,470.4,rural
514618,Loma Larga,0,200301,2003,20,HUANCABAMBA,HUANCABAMBA,PIURA,2259,6.224348481553514,3.6974852128535685,True,00033982,558.8,rural
522752,El Chivo,0,200301,2003,20,HUANCABAMBA,HUANCABAMBA,PIURA,2191,3.0857840031732278,1.625233758075409,True,00033982,248.9,rural
542879,Moye,0,200301,2003,20,HUANCABAMBA,HUANCABAMBA,PIURA,2742,22.810974011878784,14.75523556640375,True,00033982,339.2,rural
525401,Oracucho / Aracucho,0,200301,2003,20,HUANCABAMBA,HUANCABAMBA,PIURA,3214,,,False,,769.7,rural
110662,Huamba,0,200201,2002,20,AYABACA,AYABACA,PIURA,2325,,,False,,682.0,rural
235244,Cante,0,200201,2002,20,AYABACA,AYABACA,PIURA,2519,,,False,,264.3,rural
555839,Tapal Bajo,0,200201,2002,20,AYABACA,AYABACA,PIURA,1882,117.32801771198473,98.72350148817922,True,00001970,227.6,rural
224213,Hacienda Succhi,0,200301,2003,20,HUANCABAMBA,HUANCABAMBA,PIURA,3037,28.40081364568932,20.261601484682622,True,00033982,803.5,rural
513579,Machete / Machena,0,200303,2003,20,EL CARMEN DE LA FRONTERA,HUANCABAMBA,PIURA,2364,,,False,,1881.1,rural
530838,Huaynaco,0,200303,2003,20,EL CARMEN DE LA FRONTERA,HUANCABAMBA,PIURA,2437,1.4573939487593155,0.7286969743796579,True,00002257,761.2,rural
548314,Monte Grande,0,200301,2003,20,HUANCABAMBA,HUANCABAMBA,PIURA,3404,39.17323905193851,28.493870595389428,True,00033982,574.5,rural
243227,Chiquirahua,0,200206,2002,20,PACAIPAMPA,AYABACA,PIURA,3338,38.272823640493144,38.102881516985086,True,00002257,84.6,rural
223344,Pampa Grande,0,200206,2002,20,PACAIPAMPA,AYABACA,PIURA,3316,40.22251079662021,39.07772509504862,True,00002257,359.7,rural
226494,Muscas,0,200206,2002,20,PACAIPAMPA,AYABACA,PIURA,3200,39.48150231311285,39.51300663504141,True,00002257,957.3,rural
224191,Sicse / Bellavista,0,200206,2002,20,PACAIPAMPA,AYABACA,PIURA,2696,55.16251613362386,46.54772776355044,True,00002257,419.0,rural
567419,Mangas De Cachiaco,0,200206,2002,20,PACAIPAMPA,AYABACA,PIURA,2689,59.121217203548085,49.1868618101666,True,00002257,187.2,rural
619935,Pata De Cachiaco,0,200206,2002,20,PACAIPAMPA,AYABACA,PIURA,2278,63.293914750557605,51.96866017483961,True,00002257,483.1,rural
610377,El Royo,0,200206,2002,20,PACAIPAMPA,AYABACA,PIURA,2135,,,False,,75.3,rural
518536,Paul Cachaco,0,200206,2002,20,PACAIPAMPA,AYABACA,PIURA,2699,,,False,,134.9,rural
522320,La Huaca,0,200303,2003,20,EL CARMEN DE LA FRONTERA,HUANCABAMBA,PIURA,1754,,,False,,450.5,rural
211170,Pagay,0,200206,2002,20,PACAIPAMPA,AYABACA,PIURA,2171,84.48146605186781,81.21664031911185,True,00002257,510.9,rural
216671,Sancay / Sancayo,0,200201,2002,20,AYABACA,AYABACA,PIURA,1951,126.47105056168047,104.83813736551738,True,00001970,284.0,rural
211813,Hacienda Tapal,0,200201,2002,20,AYABACA,AYABACA,PIURA,2415,,,False,,956.7,rural
538214,Hualtaco,0,200201,2002,20,AYABACA,AYABACA,PIURA,1922,,,False,,125.4,rural
613925,Tingos Barro Negro,0,200201,2002,20,AYABACA,AYABACA,PIURA,1401,,,False,,389.5,rural
118809,Lagunas De Canly,0,200201,2002,20,AYABACA,AYABACA,PIURA,2106,,,False,,286.3,rural
657219,San Francisco,0,200206,2002,20,PACAIPAMPA,AYABACA,PIURA,1622,82.06037706147578,86.6979800375842,True,00002257,655.5,rural
656755,Vizcache,0,200201,2002,20,AYABACA,AYABACA,PIURA,2257,,,False,,194.7,rural
657133,Calabozo,0,200206,2002,20,PACAIPAMPA,AYABACA,PIURA,3130,,,False,,1481.1,rural
657572,Santa Cruz,0,200206,2002,20,PACAIPAMPA,AYABACA,PIURA,2834,,,False,,478.7,rural
657660,Naranjo de Vilcas,0,200206,2002,20,PACAIPAMPA,AYABACA,PIURA,1492,82.06037706147578,86.6979800375842,True,00002257,576.2,rural
121210,Culcapampa,0,200201,2002,20,AYABACA,AYABACA,PIURA,1983,,,False,,407.8,rural
574322,Tapal Medio,0,200201,2002,20,AYABACA,AYABACA,PIURA,2004,108.86588910384201,93.10136306029173,True,00001970,247.8,rural
573965,Rio Blanco,0,200303,2003,20,EL CARMEN DE LA FRONTERA,HUANCABAMBA,PIURA,1532,,,False,,18.3,rural
241609,Cerro Colorado,0,200301,2003,20,HUANCABAMBA,HUANCABAMBA,PIURA,2381,,,False,,487.0,rural
617963,Botonal,0,200301,2003,20,HUANCABAMBA,HUANCABAMBA,PIURA,3043,43.41796478483433,32.46670619841419,True,00033982,839.0,rural
133244,Laumache,0,200301,2003,20,HUANCABAMBA,HUANCABAMBA,PIURA,2233,12.143971377362933,11.00747854193654,True,00033982,434.1,rural
229633,Cajas Alumbre,0,200301,2003,20,HUANCABAMBA,HUANCABAMBA,PIURA,2295,7.924109897697946,7.7025371907578,True,00033982,478.1,rural
653807,Comenderos Alto,0,200301,2003,20,HUANCABAMBA,HUANCABAMBA,PIURA,2552,8.854223010099656,5.42900264399863,True,00033982,596.5,rural
117745,El Portachuelo,0,200201,2002,20,AYABACA,AYABACA,PIURA,1459,96.21755202890581,103.67646764913495,True,00002257,837.8,rural
118485,Cabreria,0,200201,2002,20,AYABACA,AYABACA,PIURA,1360,,,False,,567.6,rural
219546,Comenderos,0,200301,2003,20,HUANCABAMBA,HUANCABAMBA,PIURA,2281,6.911600856367538,4.457691567132572,True,00033982,439.3,rural
132210,San Antonio,0,200303,2003,20,EL CARMEN DE LA FRONTERA,HUANCABAMBA,PIURA,2793,,,False,,1991.4,rural
123546,Sapalache,3,200303,2003,20,EL CARMEN DE LA FRONTERA,HUANCABAMBA,PIURA,2461,0.08623396288530939,0.043116981442654696,True,00002257,942.7,rural
513087,La Perla,0,200301,2003,20,HUANCABAMBA,HUANCABAMBA,PIURA,1944,3.0857840031732278,1.625233758075409,True,00033982,5822.3,urbano
653278,San Juan Del Faique,0,200201,2002,20,AYABACA,AYABACA,PIURA,1985,,,False,,639.6,rural
121503,Huarcacarpa Alto,0,200301,2003,20,HUANCABAMBA,HUANCABAMBA,PIURA,3342,38.185027505318324,28.177865908547005,True,00033982,467.0,rural
117377,Huarcacarpa Bajo,0,200301,2003,20,HUANCABAMBA,HUANCABAMBA,PIURA,3054,33.791161897847275,25.802832018343807,True,00033982,462.5,rural
568195,La Cria,0,200206,2002,20,PACAIPAMPA,AYABACA,PIURA,1664,,,False,,765.0,rural
574387,Saquirayuc Alto,0,200302,2003,20,CANCHAQUE,HUANCABAMBA,PIURA,3300,50.98939882369618,32.149457314008025,True,00033982,521.4,rural
522649,Pan de Azucar,0,200303,2003,20,EL CARMEN DE LA FRONTERA,HUANCABAMBA,PIURA,1669,69.87076297116083,54.76424175916102,True,00002257,1979.4,rural
617023,Calderon,0,200301,2003,20,HUANCABAMBA,HUANCABAMBA,PIURA,3032,26.882744400082068,17.469749158539273,True,00033982,488.0,rural
548301,El Carmen,0,200303,2003,20,EL CARMEN DE LA FRONTERA,HUANCABAMBA,PIURA,1670,53.08589155557982,43.47566203723367,True,00002257,2021.5,urbano
612834,El Carmen de Curilcas,0,200206,2002,20,PACAIPAMPA,AYABACA,PIURA,2085,,,False,,122.3,rural
518324,La Coipa,0,200206,2002,20,PACAIPAMPA,AYABACA,PIURA,2780,52.52634099814815,52.71315732286914,True,00002257,1319.9,rural
128184,Sapun Bajo,0,200303,2003,20,EL CARMEN DE LA FRONTERA,HUANCABAMBA,PIURA,2420,11.24585714574344,6.571420606443779,True,00002257,784.5,rural
116586,Ñangali,0,200301,2003,20,HUANCABAMBA,HUANCABAMBA,PIURA,2237,10.296158747526086,10.469927515557297,True,00033982,619.1,rural
112324,Jimaca,0,200301,2003,20,HUANCABAMBA,HUANCABAMBA,PIURA,2112,2.931816879348467,2.0045842295459932,True,00033982,1191.4,rural
112833,Cabeza,0,200301,2003,20,HUANCABAMBA,HUANCABAMBA,PIURA,2227,6.069071004171603,3.893224114379491,True,00033982,1275.7,rural
517297,Tauma,0,200206,2002,20,PACAIPAMPA,AYABACA,PIURA,2244,,,False,,1320.6,rural
546520,Cerro Negro,0,200303,2003,20,EL CARMEN DE LA FRONTERA,HUANCABAMBA,PIURA,1536,63.760988423218,52.177369254801604,True,00002257,438.4,rural
522351,Salinas,0,200303,2003,20,EL CARMEN DE LA FRONTERA,HUANCABAMBA,PIURA,1274,68.22366984548734,55.89627044002606,True,00002257,385.1,rural
533663,Quispampa Bajo,0,200301,2003,20,HUANCABAMBA,HUANCABAMBA,PIURA,2074,3.7525418901030494,3.207852809283045,True,00033982,3043.4,urbano
573651,Cajas Canchaque,0,200301,2003,20,HUANCABAMBA,HUANCABAMBA,PIURA,2357,8.736764605918411,6.6717992929353205,True,00002257,634.8,rural
233437,Quispe / Quispe Bajo,0,200301,2003,20,HUANCABAMBA,HUANCABAMBA,PIURA,2615,21.922618458533485,19.838757355786697,True,00033982,616.6,rural
243115,Catulun,0,200301,2003,20,HUANCABAMBA,HUANCABAMBA,PIURA,2871,,,False,,435.4,rural
123537,Quinua,0,200301,2003,20,HUANCABAMBA,HUANCABAMBA,PIURA,2887,52.9826308248611,39.923940544145395,True,00033982,637.9,rural
625446,Pundin,0,200301,2003,20,HUANCABAMBA,HUANCABAMBA,PIURA,2448,15.806680063205054,10.085706267287929,True,00033982,565.0,rural
520437,Chulucanas Bajo,0,200301,2003,20,HUANCABAMBA,HUANCABAMBA,PIURA,3128,45.788367873497656,39.746976486645174,True,00002257,553.1,rural
241224,San Juan,0,200206,2002,20,PACAIPAMPA,AYABACA,PIURA,2226,64.32183269679048,66.47456430461851,True,00002257,313.8,rural
614872,El Palmo,0,200206,2002,20,PACAIPAMPA,AYABACA,PIURA,2175,66.92647358567403,69.51331200831599,True,00002257,283.3,rural
546313,Succhil,0,200301,2003,20,HUANCABAMBA,HUANCABAMBA,PIURA,2835,28.40081364568932,20.261601484682622,True,00033982,483.7,rural
651841,Quilan,0,200301,2003,20,HUANCABAMBA,HUANCABAMBA,PIURA,2782,17.593896346281717,13.05698995174422,True,00033982,1563.8,rural
616352,Chaupe Alto,0,200303,2003,20,EL CARMEN DE LA FRONTERA,HUANCABAMBA,PIURA,1679,96.46966136158238,74.72693145075608,True,00002257,496.0,rural
114361,Huaquillas Montaña,0,200303,2003,20,EL CARMEN DE LA FRONTERA,HUANCABAMBA,PIURA,1536,63.44835101037758,51.91683807743459,True,00002257,186.3,rural
684155,Las Huaringas,0,200206,2002,20,PACAIPAMPA,AYABACA,PIURA,3361,36.24799815180923,33.42958640197487,True,00002257,456.2,rural
690431,Espino,0,200201,2002,20,AYABACA,AYABACA,PIURA,2130,81.57074792882675,74.8032628020699,True,00001970,213.5,rural
690477,La Coipa De Curilcas,0,200206,2002,20,PACAIPAMPA,AYABACA,PIURA,1659,,,False,,608.8,rural
310961,La Capilla,0,200703,2007,20,LA BREA,TALARA,PIURA,42,3.0563680124669697,1.9769920966544552,True,00002075,149.0,rural
228410,Cuernavaca,0,200701,2007,20,PARIÑAS,TALARA,PIURA,26,0.9533366427205487,0.6433350107562101,True,00012243,2481.7,urbano
121064,Pocitos,0,200605,2006,20,MARCAVELICA,SULLANA,PIURA,251,,,False,,96.0,rural
565467,Cristo Rey,0,200701,2007,20,PARIÑAS,TALARA,PIURA,88,0.78868162879278,0.40796724259770384,True,00029462,5431.1,urbano
230147,Batanes,0,200701,2007,20,PARIÑAS,TALARA,PIURA,49,,,False,,906.0,rural
235886,Hacienda Pariñas,0,200701,2007,20,PARIÑAS,TALARA,PIURA,121,19.151539760912318,15.624626007651706,True,00036369,1039.6,rural
622624,Corralitos,0,200605,2006,20,MARCAVELICA,SULLANA,PIURA,671,,,False,,96.0,rural
218641,Schuumborger,0,200701,2007,20,PARIÑAS,TALARA,PIURA,83,1.6334746461782603,0.832605712444243,True,00036796,0.0,rural
556703,Los Vencedores,0,200701,2007,20,PARIÑAS,TALARA,PIURA,12,0.29826641425309336,0.1491332071265467,True,00029356,14472.0,urbano
564735,Luis Alva Castro,0,200701,2007,20,PARIÑAS,TALARA,PIURA,35,1.7382654605945198,1.2711336996244815,True,00024212,2862.0,urbano
241645,La Brea / Santa Lucia,0,200703,2007,20,LA BREA,TALARA,PIURA,186,18.674476816419524,30.06072066640085,True,00002042,1006.6,rural
310841,Belco,0,200703,2007,20,LA BREA,TALARA,PIURA,8,1.4445947479311718,0.7419218054423706,True,00002075,155.2,rural
651162,San Cristobal Bajo,0,200703,2007,20,LA BREA,TALARA,PIURA,30,0.5645046027272559,0.28225230136362794,True,00002075,935.9,rural
214976,La Puchira,0,200703,2007,20,LA BREA,TALARA,PIURA,483,,,False,,224.5,rural
310876,Caleta San Pablo,0,200703,2007,20,LA BREA,TALARA,PIURA,10,1.3729053005885203,0.7299892252916712,True,00002075,1848.3,rural
571955,Lucy de Villanueva,0,200701,2007,20,PARIÑAS,TALARA,PIURA,14,0.40044144018914685,0.31988832657480704,True,00012243,7634.8,urbano
225041,Agua La Leche,0,200605,2006,20,MARCAVELICA,SULLANA,PIURA,404,,,False,,113.0,rural
123940,Vibora,0,200605,2006,20,MARCAVELICA,SULLANA,PIURA,222,36.25970016547223,32.32915180059577,True,00002032,115.0,rural
110056,Sausillo,0,200605,2006,20,MARCAVELICA,SULLANA,PIURA,202,36.411315066257956,32.329670518941974,True,00002032,119.5,rural
225993,Monte Grande,0,200701,2007,20,PARIÑAS,TALARA,PIURA,126,,,False,,486.1,rural
212628,La Encañada,0,200605,2006,20,MARCAVELICA,SULLANA,PIURA,544,91.7552075526998,67.06100148482642,True,00002032,184.9,rural
122873,Barrio Bellavista,0,200704,2007,20,LOBITOS,TALARA,PIURA,29,13.676551885284281,13.576648630114823,True,00012243,1318.8,rural
237938,Mogollon,0,200701,2007,20,PARIÑAS,TALARA,PIURA,627,,,False,,243.3,rural
623877,La Devora,0,200703,2007,20,LA BREA,TALARA,PIURA,129,11.120852436299975,12.731361948835737,True,00036369,1603.0,rural
554380,Wilberto Herrera Carlin,0,200701,2007,20,PARIÑAS,TALARA,PIURA,86,1.0527072489650744,0.5263536244825373,True,00036796,3742.8,urbano
310802,9 de Octubre,0,200701,2007,20,PARIÑAS,TALARA,PIURA,86,0.5163544839857773,0.2581772419928887,True,00002073,2925.7,urbano
214971,Leones,0,200701,2007,20,PARIÑAS,TALARA,PIURA,42,9.624030011643312,10.157520749660696,True,00036369,8651.6,urbano
237203,Huaynaso,0,200701,2007,20,PARIÑAS,TALARA,PIURA,339,,,False,,153.5,rural
227564,San Juan,0,200605,2006,20,MARCAVELICA,SULLANA,PIURA,429,,,False,,67.8,rural
310823,Los Pinos,0,200701,2007,20,PARIÑAS,TALARA,PIURA,18,0.9592005400875803,0.5062732558259044,True,00024212,10360.9,urbano
613792,Sacobsa,0,200701,2007,20,PARIÑAS,TALARA,PIURA,101,8.25631109209822,8.538015046184997,True,00036369,3566.1,urbano
241529,Leticia,0,200701,2007,20,PARIÑAS,TALARA,PIURA,31,1.8411439444336455,1.2603838486470758,True,00012243,1337.7,rural
561765,Jesus Maria,0,200701,2007,20,PARIÑAS,TALARA,PIURA,18,1.4235730543390226,1.3115023868292217,True,00012243,0.0,rural
651164,Villa Las Peñitas,0,200701,2007,20,PARIÑAS,TALARA,PIURA,16,2.0219736108788666,1.7473036832166031,True,00012243,6315.3,urbano
219387,Chiquero Puerco,0,200701,2007,20,PARIÑAS,TALARA,PIURA,238,,,False,,267.3,rural
219612,Buena Vista,0,200701,2007,20,PARIÑAS,TALARA,PIURA,203,,,False,,111.8,rural
310758,Los Empleados,0,200705,2007,20,LOS ORGANOS,TALARA,PIURA,0,0.6421122416893772,0.37211558985415605,True,00002080,3632.5,urbano
245410,Redondos,0,200701,2007,20,PARIÑAS,TALARA,PIURA,196,,,False,,103.9,rural
234805,Bejucal,0,200605,2006,20,MARCAVELICA,SULLANA,PIURA,197,54.60706134061514,37.40722676184906,True,00006627,278.7,rural
614553,Punta Organos Chico (La Mesa),0,200705,2007,20,LOS ORGANOS,TALARA,PIURA,9,3.273391525352182,2.110444554870048,True,00030628,754.3,rural
236856,Fondos,0,200701,2007,20,PARIÑAS,TALARA,PIURA,71,,,False,,454.7,rural
125174,Lobitos,3,200704,2007,20,LOBITOS,TALARA,PIURA,10,14.51189260617689,14.378372982506987,True,00012243,229.8,rural
310174,Bocana del Leon,0,200701,2007,20,PARIÑAS,TALARA,PIURA,76,,,False,,267.4,rural
126937,Angolo,0,200605,2006,20,MARCAVELICA,SULLANA,PIURA,544,78.76762340223914,60.567209409596096,True,00002032,165.5,rural
241012,Hacienda El Muerto,0,200701,2007,20,PARIÑAS,TALARA,PIURA,235,57.736459514485816,50.024078185984514,True,00030964,380.6,rural
130716,Coyonitas,0,200704,2007,20,LOBITOS,TALARA,PIURA,180,,,False,,1472.7,rural
236802,Campo Abandonado,0,200702,2007,20,EL ALTO,TALARA,PIURA,269,,,False,,545.4,rural
310519,Tigres,0,200605,2006,20,MARCAVELICA,SULLANA,PIURA,204,52.571796683977155,37.094682015286615,True,00006627,539.3,rural
117727,EL ALTO,3,200702,2007,20,EL ALTO,TALARA,PIURA,278,0.2989180749637491,0.14945903748187453,True,00012244,3587.8,urbano
115007,El Ñuro,0,200705,2007,20,LOS ORGANOS,TALARA,PIURA,7,7.108254705094071,7.461623497291711,True,00030628,2689.1,urbano
552173,Santa Rita,0,200701,2007,20,PARIÑAS,TALARA,PIURA,6,1.6791868842507662,1.5560594560526135,True,00012243,0.0,rural
656347,Agua Salada,0,200605,2006,20,MARCAVELICA,SULLANA,PIURA,404,,,False,,159.4,rural
657448,Potreros,0,200701,2007,20,PARIÑAS,TALARA,PIURA,648,63.511696763673044,57.21540006950691,True,00002032,106.2,rural
657450,Vichayito Norte,0,200705,2007,20,LOS ORGANOS,TALARA,PIURA,12,6.559437101485375,7.192790196158264,True,00002080,629.3,rural
657452,Puerto Antiguo Playa,0,200705,2007,20,LOS ORGANOS,TALARA,PIURA,12,1.3753284184988803,0.9462756986586751,True,00002080,2178.1,urbano
559369,Pilar Nores de Garcia,0,200701,2007,20,PARIÑAS,TALARA,PIURA,69,2.0500810475538995,1.140728609565694,True,00002073,4136.2,urbano
124079,Chapangos,0,200605,2006,20,MARCAVELICA,SULLANA,PIURA,307,,,False,,90.4,rural
126513,Salados,0,200605,2006,20,MARCAVELICA,SULLANA,PIURA,440,72.37632250191403,56.30634214271269,True,00002032,48.0,rural
130963,Cañas,0,200605,2006,20,MARCAVELICA,SULLANA,PIURA,122,26.683062374548836,25.844168724469224,True,00002032,842.2,rural
220886,Pescados,0,200605,2006,20,MARCAVELICA,SULLANA,PIURA,292,47.74282214941172,36.77150988070289,True,00002032,198.6,rural
655381,Maria Auxiliadora De Los,0,200701,2007,20,PARIÑAS,TALARA,PIURA,88,1.2843842072517542,0.8542998922250827,True,00029462,0.0,rural
680566,La Orejona,0,200703,2007,20,LA BREA,TALARA,PIURA,61,3.338123594944416,2.496325756804122,True,00002075,1127.4,rural
530711,La Campana,0,200701,2007,20,PARIÑAS,TALARA,PIURA,94,6.328632559666431,6.29568665997941,True,00036369,2054.7,urbano
690558,Rastrojos,0,200605,2006,20,MARCAVELICA,SULLANA,PIURA,147,45.9064440389235,31.44009808610754,True,00006627,95.3,rural
657374,Carrion,0,200607,2006,20,QUERECOTILLO,SULLANA,PIURA,170,,,False,,573.7,rural
212493,Pilares,0,200604,2006,20,LANCONES,SULLANA,PIURA,141,,,False,,83.1,rural
119642,Noque,0,200604,2006,20,LANCONES,SULLANA,PIURA,269,,,False,,161.8,rural
553236,Rabones,0,200604,2006,20,LANCONES,SULLANA,PIURA,315,90.27615285961039,65.30422372841232,True,00002060,63.2,rural
531487,Desvio,0,200604,2006,20,LANCONES,SULLANA,PIURA,133,12.821850874766678,14.375193130344126,True,00002060,514.3,rural
545008,Cerrillos,0,200604,2006,20,LANCONES,SULLANA,PIURA,145,14.37932378931183,15.529084827725137,True,00002060,178.0,rural
111199,Garrapatas,0,200604,2006,20,LANCONES,SULLANA,PIURA,225,,,False,,117.6,rural
522704,Agua Dulce,0,200111,2001,20,LAS LOMAS,PIURA,PIURA,250,,,False,,446.3,rural
131035,Oratanga,0,200605,2006,20,MARCAVELICA,SULLANA,PIURA,211,,,False,,259.7,rural
129818,Peroles,0,200604,2006,20,LANCONES,SULLANA,PIURA,174,,,False,,220.6,rural
123451,Aigarrobillo,0,200604,2006,20,LANCONES,SULLANA,PIURA,140,,,False,,246.1,rural
115699,Pichones Alto,0,200111,2001,20,LAS LOMAS,PIURA,PIURA,190,11.595422374689916,7.1884831271867835,True,00001943,430.3,rural
118456,Puerco Muerto,0,200604,2006,20,LANCONES,SULLANA,PIURA,141,26.983011728205874,19.018316444771443,True,00001943,532.4,rural
523585,Miraflores,0,200111,2001,20,LAS LOMAS,PIURA,PIURA,242,0.3499628248733341,0.27966621349775506,True,00026022,10331.2,urbano
240390,Poechos Pelados,0,200601,2006,20,SULLANA,SULLANA,PIURA,99,11.667282815407834,9.68479193687175,True,00002060,3555.5,urbano
121821,Buitres,0,200604,2006,20,LANCONES,SULLANA,PIURA,137,,,False,,287.4,rural
225563,Gramadal,0,200604,2006,20,LANCONES,SULLANA,PIURA,154,,,False,,121.9,rural
123983,Bocana de Papayo,0,200604,2006,20,LANCONES,SULLANA,PIURA,208,26.00278005184589,17.26746452063267,True,00002060,220.9,rural
110798,Madre de Dios,0,200604,2006,20,LANCONES,SULLANA,PIURA,140,,,False,,331.1,rural
531948,Cruz Blanca,0,200210,2002,20,SUYO,AYABACA,PIURA,411,8.427755332339338,9.832381221062562,True,00026022,216.4,rural
110013,El Desvio,0,200604,2006,20,LANCONES,SULLANA,PIURA,151,26.860502001530403,23.030250254615908,True,00002060,82.9,rural
537644,La Arteza,0,200111,2001,20,LAS LOMAS,PIURA,PIURA,326,,,False,,368.5,rural
237731,Valle Hermoso / San Sebastian,0,200210,2002,20,SUYO,AYABACA,PIURA,222,43.347592196668195,27.165493093642187,True,00026022,103.5,rural
123599,La Cancha / Burgos,0,200605,2006,20,MARCAVELICA,SULLANA,PIURA,445,62.2110956797087,37.025448406540754,True,00002060,39.1,rural
127608,La Ramadita,0,200604,2006,20,LANCONES,SULLANA,PIURA,291,48.09864297451498,31.897362375445656,True,00002060,80.6,rural
238305,La Puerta,0,200210,2002,20,SUYO,AYABACA,PIURA,341,5.633531188754443,6.572453053546849,True,00026022,419.0,rural
543058,Vista Florida,0,200604,2006,20,LANCONES,SULLANA,PIURA,133,16.023914518020884,17.826228059725693,True,00002060,184.5,rural
232429,Agua Dulce,0,200604,2006,20,LANCONES,SULLANA,PIURA,219,39.135871128165924,20.30778791753479,True,00001932,216.2,rural
124043,Algarrobillo,0,200605,2006,20,MARCAVELICA,SULLANA,PIURA,322,,,False,,133.1,rural
545595,Mates,0,200604,2006,20,LANCONES,SULLANA,PIURA,147,,,False,,126.3,rural
131964,Tamarindo,0,200604,2006,20,LANCONES,SULLANA,PIURA,156,15.130414234902501,11.383308856362515,True,00002060,69.9,rural
542558,Charan Grande,0,200604,2006,20,LANCONES,SULLANA,PIURA,331,,,False,,159.5,rural
129329,Saucesito,0,200605,2006,20,MARCAVELICA,SULLANA,PIURA,403,58.59723907033917,34.567310074388956,True,00002060,36.7,rural
234830,Chupingo,0,200604,2006,20,LANCONES,SULLANA,PIURA,138,57.79226661162588,32.52101909954245,True,00026022,94.1,rural
119766,Culebras,0,200604,2006,20,LANCONES,SULLANA,PIURA,219,60.68246070747186,45.91408507797646,True,00002060,82.5,rural
512143,Gramadal,0,200604,2006,20,LANCONES,SULLANA,PIURA,222,47.21788333832709,31.410866711620137,True,00002060,103.3,rural
116891,El Milagro,0,200210,2002,20,SUYO,AYABACA,PIURA,242,,,False,,271.8,rural
516007,Comejen,0,200604,2006,20,LANCONES,SULLANA,PIURA,188,39.753156847257664,34.25295698580119,True,00002060,37.2,rural
219124,Guincitos,0,200604,2006,20,LANCONES,SULLANA,PIURA,397,56.86664140662397,37.426884326524494,True,00002060,72.6,rural
527201,Zorritos,0,200210,2002,20,SUYO,AYABACA,PIURA,165,85.72388244426595,52.14321915177181,True,00001945,366.8,rural
616648,El Palo,0,200210,2002,20,SUYO,AYABACA,PIURA,209,,,False,,204.7,rural
517903,La Tienda,0,200210,2002,20,SUYO,AYABACA,PIURA,183,71.14135570762497,44.85195578345131,True,00001945,752.0,rural
131890,La Tranca,0,200604,2006,20,LANCONES,SULLANA,PIURA,605,,,False,,196.4,rural
242906,Barranco Blanco,0,200604,2006,20,LANCONES,SULLANA,PIURA,659,,,False,,472.9,rural
541854,Papayo,0,200604,2006,20,LANCONES,SULLANA,PIURA,255,59.46243508602889,45.06937524060849,True,00002060,311.0,rural
113193,Cajon,0,200604,2006,20,LANCONES,SULLANA,PIURA,274,60.38353307941828,47.23602770259845,True,00002060,123.3,rural
219509,Guitarras,0,200604,2006,20,LANCONES,SULLANA,PIURA,319,,,False,,219.9,rural
514930,Churrelique,0,200604,2006,20,LANCONES,SULLANA,PIURA,473,114.16345204390473,74.12598718484166,True,00002060,99.4,rural
519330,Batan,0,200604,2006,20,LANCONES,SULLANA,PIURA,255,70.67327069123058,52.57462506714894,True,00002060,143.1,rural
544243,Bejuco,0,200604,2006,20,LANCONES,SULLANA,PIURA,406,,,False,,196.5,rural
126556,Positos,0,200604,2006,20,LANCONES,SULLANA,PIURA,263,82.83334297650553,57.90815099653411,True,00002060,995.5,rural
235110,Ceybo Quemado,0,200604,2006,20,LANCONES,SULLANA,PIURA,529,104.65854432445299,69.37353332511582,True,00002060,28.2,rural
212682,Puerto Pulgueras,0,200604,2006,20,LANCONES,SULLANA,PIURA,422,,,False,,40.2,rural
652276,Corral Quemado,0,200604,2006,20,LANCONES,SULLANA,PIURA,158,53.33127314560826,29.801201212841715,True,00026022,169.4,rural
572078,El Portillo,0,200210,2002,20,SUYO,AYABACA,PIURA,286,27.84253182525701,18.23032775210537,True,00026022,203.7,rural
657677,Cerro Chungas,0,200111,2001,20,LAS LOMAS,PIURA,PIURA,158,20.265470435326296,16.538686119362968,True,00001932,251.3,rural
657460,Corralitos,0,200605,2006,20,MARCAVELICA,SULLANA,PIURA,313,44.07226705730027,26.341646077228607,True,00002060,93.3,rural
115442,Pitayo,0,200604,2006,20,LANCONES,SULLANA,PIURA,308,,,False,,94.5,rural
531330,Higueron,0,200604,2006,20,LANCONES,SULLANA,PIURA,285,,,False,,61.2,rural
226467,Chorreras de Pulgueras,0,200604,2006,20,LANCONES,SULLANA,PIURA,314,90.27615285961039,65.30422372841232,True,00002060,626.0,rural
118954,Chapangos,0,200604,2006,20,LANCONES,SULLANA,PIURA,211,,,False,,154.4,rural
131423,Sausal,0,200604,2006,20,LANCONES,SULLANA,PIURA,192,41.44299374248172,22.049961198157355,True,00001932,129.8,rural
117427,El Cortezo,0,200604,2006,20,LANCONES,SULLANA,PIURA,333,20.80297002696962,13.537286553247116,True,00026022,136.1,rural
110328,Playas de Romero,0,200604,2006,20,LANCONES,SULLANA,PIURA,137,,,False,,151.1,rural
133439,Jerguitas,0,200604,2006,20,LANCONES,SULLANA,PIURA,175,18.896271099106016,13.675342709486673,True,00002060,154.2,rural
115886,Sitio Nuevo,0,200604,2006,20,LANCONES,SULLANA,PIURA,267,42.022317134904355,27.877697042814983,True,00002060,47.7,rural
117371,El Cerezo,0,200604,2006,20,LANCONES,SULLANA,PIURA,291,42.811232983708656,27.569344360005566,True,00002060,91.5,rural
111437,Casas Quemadas,0,200604,2006,20,LANCONES,SULLANA,PIURA,217,35.75627139284815,23.729766458754565,True,00002060,97.2,rural
124567,Murcielagos,0,200604,2006,20,LANCONES,SULLANA,PIURA,242,46.22274904351459,30.7474438484118,True,00002060,136.4,rural
113465,Estradas,0,200604,2006,20,LANCONES,SULLANA,PIURA,187,22.704840075101934,22.25364118286047,True,00002060,230.1,rural
122153,La Chorrera,0,200604,2006,20,LANCONES,SULLANA,PIURA,173,39.753156847257664,34.25295698580119,True,00002060,124.7,rural
573569,Bocana de Pichones,0,200604,2006,20,LANCONES,SULLANA,PIURA,158,17.06669359968243,13.873038756326414,True,00001932,606.8,rural
127389,La Manga,0,200604,2006,20,LANCONES,SULLANA,PIURA,134,31.26879825628678,25.96911442445349,True,00002060,155.8,rural
613539,Pichinche,0,200604,2006,20,LANCONES,SULLANA,PIURA,146,27.392608113609434,29.380140953684815,True,00002060,446.0,rural
126982,Los Hornos,0,200604,2006,20,LANCONES,SULLANA,PIURA,122,22.10259946892061,26.7801799522438,True,00002060,329.8,rural
128933,Duran,0,200604,2006,20,LANCONES,SULLANA,PIURA,153,21.229139093225495,23.589711494362852,True,00002060,578.7,rural
118886,Lancones,3,200607,2006,20,QUERECOTILLO,SULLANA,PIURA,139,0.0,0.0,True,00002060,986.7,rural
224167,Huaypira,0,200607,2006,20,QUERECOTILLO,SULLANA,PIURA,130,1.630649696899272,1.4707981805403754,True,00002060,1011.2,rural
120420,El Penco,0,200605,2006,20,MARCAVELICA,SULLANA,PIURA,352,52.27921898480343,30.445122040980188,True,00002060,44.4,rural
519760,Villa Militar,0,200111,2001,20,LAS LOMAS,PIURA,PIURA,241,7.447080805906718,5.966109969115504,True,00026022,1450.5,rural
683729,Yapato,0,200604,2006,20,LANCONES,SULLANA,PIURA,187,57.62342900506713,37.3273675664895,True,00002060,184.7,rural
620709,Santa Rosa de Chonta Alto,0,200205,2002,20,MONTERO,AYABACA,PIURA,1509,8.727574497758388,6.35500342913253,True,00001970,759.2,rural
520859,Las Minas de Jambur,0,200207,2002,20,PAIMAS,AYABACA,PIURA,558,5.218413730346439,3.6186333021502186,True,00031459,1082.2,rural
114495,Tomapampa de Jambur,0,200207,2002,20,PAIMAS,AYABACA,PIURA,452,8.924360673636327,8.356589553740365,True,00031459,902.4,rural
651101,Barrio Sur,0,200201,2002,20,AYABACA,AYABACA,PIURA,2689,34.84589856318413,23.45865433620341,True,00001970,523.7,rural
532362,Totoras,0,200201,2002,20,AYABACA,AYABACA,PIURA,2814,33.7251269833258,22.25268690854668,True,00001970,773.5,rural
618224,Tunel Siete,0,200207,2002,20,PAIMAS,AYABACA,PIURA,590,4.389768467621144,4.265749082877218,True,00031459,409.0,rural
111628,San Antonio,0,200205,2002,20,MONTERO,AYABACA,PIURA,1066,3.7045376094764766,2.027944943493013,True,00001970,479.2,rural
538718,El Palto,0,200210,2002,20,SUYO,AYABACA,PIURA,715,19.197869517745367,12.644630913300203,True,00001945,63.5,rural
213051,Uscupampa,0,200201,2002,20,AYABACA,AYABACA,PIURA,2727,37.36346773742052,26.32751022761869,True,00001970,447.0,rural
530958,Charan,0,200201,2002,20,AYABACA,AYABACA,PIURA,1579,59.76414630694255,52.46163522539439,True,00001970,784.3,rural
514260,El Balsamo,0,200209,2002,20,SICCHEZ,AYABACA,PIURA,1065,11.468619378278394,7.593105794576404,True,00001962,125.7,rural
246621,Santa Ana de Quiroz,0,200210,2002,20,SUYO,AYABACA,PIURA,359,10.623553789596578,11.923005393704495,True,00001945,463.8,rural
110416,El Fraile,0,200210,2002,20,SUYO,AYABACA,PIURA,772,23.909455830105284,15.881338635656213,True,00001945,176.6,rural
210278,El Cafe,0,200210,2002,20,SUYO,AYABACA,PIURA,1590,,,False,,409.0,rural
234797,Tamarindo,0,200210,2002,20,SUYO,AYABACA,PIURA,503,10.69756872204622,7.073413896950174,True,00001945,125.2,rural
625313,Las Rosas,0,200210,2002,20,SUYO,AYABACA,PIURA,345,48.687969192886534,33.64719812797485,True,00001945,331.0,rural
574126,Barrio La Esperanza,0,200201,2002,20,AYABACA,AYABACA,PIURA,2716,35.88418837173953,24.601684300990865,True,00001970,83.4,rural
531445,Pampa del Lobo,0,200201,2002,20,AYABACA,AYABACA,PIURA,2750,36.64705716407119,24.637615827635862,True,00001970,1136.2,rural
624273,Cristal,0,200205,2002,20,MONTERO,AYABACA,PIURA,2103,14.065399250565372,9.230376725124106,True,00001970,492.3,rural
128820,Pampas De Socchabamba,0,200201,2002,20,AYABACA,AYABACA,PIURA,2258,46.868753098173165,37.41700981516343,True,00001970,262.1,rural
130259,Puente Quiroz,0,200210,2002,20,SUYO,AYABACA,PIURA,329,7.493583803954062,8.271373743788226,True,00001945,464.9,rural
521514,Sarayuyo,0,200210,2002,20,SUYO,AYABACA,PIURA,577,12.826644196349413,8.492797546485635,True,00001945,70.5,rural
540685,El Estadio,0,200210,2002,20,SUYO,AYABACA,PIURA,410,1.247062971699758,1.1088603007760671,True,00001945,118.4,rural
214042,Guineo,0,200210,2002,20,SUYO,AYABACA,PIURA,590,,,False,,147.5,rural
513904,Putaga,0,200201,2002,20,AYABACA,AYABACA,PIURA,2735,48.201119341683764,32.45422625246852,True,00001970,342.5,rural
528594,Lihuasnio,0,200203,2002,20,JILILI,AYABACA,PIURA,1524,9.567378114026658,5.724136109031206,True,00001962,98.0,rural
611322,La Cria,0,200207,2002,20,PAIMAS,AYABACA,PIURA,620,,,False,,506.5,rural
528531,Guir Guir,0,200209,2002,20,SICCHEZ,AYABACA,PIURA,931,11.796293081955273,7.765304483711306,True,00001962,77.2,rural
545366,Pueblo Nuevo El Sauce,0,200111,2001,20,LAS LOMAS,PIURA,PIURA,499,34.023323375096275,25.969621238967314,True,00026022,391.0,rural
113840,Chuyupampa,0,200111,2001,20,LAS LOMAS,PIURA,PIURA,1612,52.01954644454177,36.20738845750724,True,00026022,229.1,rural
231569,Sombrero,0,200111,2001,20,LAS LOMAS,PIURA,PIURA,1251,54.52730667503228,37.4612685727525,True,00026022,75.8,rural
542301,El Carrizo,0,200207,2002,20,PAIMAS,AYABACA,PIURA,727,9.609332984707438,11.110389832969009,True,00031459,452.6,rural
114165,Totoral Alto,0,200111,2001,20,LAS LOMAS,PIURA,PIURA,1241,51.756307904088544,36.075769187280635,True,00026022,165.9,rural
120057,Pingola,0,200201,2002,20,AYABACA,AYABACA,PIURA,2483,39.13419800579516,44.55825543043686,True,00031459,653.1,rural
529984,Saucio,0,200201,2002,20,AYABACA,AYABACA,PIURA,2569,40.54993923349416,26.212707004883736,True,00001970,240.5,rural
525989,Cutaco,0,200201,2002,20,AYABACA,AYABACA,PIURA,1620,46.51247386668725,30.916368917139145,True,00001970,114.6,rural
615697,Monte de Los Olivos,0,200111,2001,20,LAS LOMAS,PIURA,PIURA,505,33.95063353189262,26.05781525721162,True,00026022,224.6,rural
573741,Sagrado Corazon de Jesus Los Algarrobos,0,200111,2001,20,LAS LOMAS,PIURA,PIURA,508,37.26322254419374,28.14969908372822,True,00026022,264.9,rural
132294,Chinchinpampa,0,200201,2002,20,AYABACA,AYABACA,PIURA,2697,37.57980865190235,26.85324117729234,True,00001970,298.3,rural
526640,Tongal,0,200111,2001,20,LAS LOMAS,PIURA,PIURA,514,37.26322254419374,28.14969908372822,True,00026022,208.3,rural
538817,Los Chorros,0,200205,2002,20,MONTERO,AYABACA,PIURA,1730,,,False,,250.2,rural
531059,Chilin,0,200201,2002,20,AYABACA,AYABACA,PIURA,1898,46.51247386668725,30.916368917139145,True,00001970,590.1,rural
235190,Saconday,0,200205,2002,20,MONTERO,AYABACA,PIURA,708,6.138543181086647,7.0611350620780895,True,00031459,750.0,rural
114800,Paraje Grande,0,200207,2002,20,PAIMAS,AYABACA,PIURA,537,3.574293116635594,4.069509986885194,True,00031459,534.5,rural
544942,Santa Lucia,0,200205,2002,20,MONTERO,AYABACA,PIURA,1401,7.7979817036775465,5.198654469118363,True,00001970,208.8,rural
532885,Tuman,0,200205,2002,20,MONTERO,AYABACA,PIURA,1311,4.280869144618225,2.8539127630788172,True,00001970,172.6,rural
545493,Caracucho,0,200210,2002,20,SUYO,AYABACA,PIURA,1774,40.039257356745374,25.032073604127074,True,00001945,121.6,rural
529929,Caracucho,0,200209,2002,20,SICCHEZ,AYABACA,PIURA,1240,22.233436875584413,14.367459288867407,True,00001962,181.1,rural
536411,Joras,0,200201,2002,20,AYABACA,AYABACA,PIURA,2277,54.54075118986143,41.369479051304914,True,00001970,575.0,rural
118903,Palo Blanco,0,200210,2002,20,SUYO,AYABACA,PIURA,403,11.241529013658264,13.115117182601306,True,00026022,127.0,rural
525324,La Ladera,0,200209,2002,20,SICCHEZ,AYABACA,PIURA,1154,21.349665828270425,13.783989211131585,True,00001962,213.6,rural
113608,El Sauce,0,200210,2002,20,SUYO,AYABACA,PIURA,1094,23.1848223920561,15.398249676956759,True,00001945,63.0,rural
236575,Chirimoyo,0,200210,2002,20,SUYO,AYABACA,PIURA,1215,,,False,,168.9,rural
132401,Suyo,3,200210,2002,20,SUYO,AYABACA,PIURA,402,0.5216011753372352,0.27256995809599277,True,00001945,747.0,rural
528962,Los Naranjos,0,200209,2002,20,SICCHEZ,AYABACA,PIURA,1666,26.807146038094583,16.53401674757193,True,00001962,279.5,rural
522791,Guayabo,0,200203,2002,20,JILILI,AYABACA,PIURA,1529,9.567378114026658,5.724136109031206,True,00001962,70.1,rural
132932,Nebros,0,200201,2002,20,AYABACA,AYABACA,PIURA,2063,,,False,,366.3,rural
549138,Laurel,0,200203,2002,20,JILILI,AYABACA,PIURA,1402,8.749643287203362,5.757944222418752,True,00001962,82.1,rural
534234,Pueblo Nuevo,0,200209,2002,20,SICCHEZ,AYABACA,PIURA,1599,26.807146038094583,16.53401674757193,True,00001962,74.4,rural
536476,Pampa De Rios,0,200201,2002,20,AYABACA,AYABACA,PIURA,2148,47.04925204043911,31.238738002310235,True,00001970,349.6,rural
532579,La Victoria,0,200207,2002,20,PAIMAS,AYABACA,PIURA,553,5.156468196617664,5.9602356759963815,True,00031459,611.8,rural
232769,Huaihuas,0,200210,2002,20,SUYO,AYABACA,PIURA,836,25.070451183240888,16.655335537746616,True,00001945,77.2,rural
124743,Anchala,0,200201,2002,20,AYABACA,AYABACA,PIURA,1985,67.78838533050428,58.023902413501226,True,00001970,887.8,rural
225884,San Francisco Bajo,0,200205,2002,20,MONTERO,AYABACA,PIURA,896,9.867670155716139,6.578446770477427,True,00001970,273.5,rural
514588,Nueva Esperanza,0,200201,2002,20,AYABACA,AYABACA,PIURA,2606,36.0948946057069,24.82913321927821,True,00001970,63.0,rural
119789,La Coima,0,200205,2002,20,MONTERO,AYABACA,PIURA,1456,3.414444216577714,1.8828982470436317,True,00001970,548.7,rural
536728,Guirguir,0,200207,2002,20,PAIMAS,AYABACA,PIURA,569,2.967537886079676,2.7141139650861397,True,00031459,1996.6,rural
514459,Pacainio,0,200201,2002,20,AYABACA,AYABACA,PIURA,1932,57.00533968453897,47.66265823452456,True,00001970,453.0,rural
123422,Cucuyas,0,200203,2002,20,JILILI,AYABACA,PIURA,563,40.83326350790158,30.53183789384529,True,00001945,585.0,rural
243780,Mina El Potro,0,200207,2002,20,PAIMAS,AYABACA,PIURA,479,,,False,,499.7,rural
532577,Pilares,0,200201,2002,20,AYABACA,AYABACA,PIURA,2056,67.78838533050428,58.023902413501226,True,00001970,183.6,rural
117729,Mina De La Rinconada,0,200207,2002,20,PAIMAS,AYABACA,PIURA,436,15.548306252017102,15.696740415954524,True,00031459,1308.2,rural
111037,Huasimo,0,200210,2002,20,SUYO,AYABACA,PIURA,394,12.946581947226937,15.104345605098091,True,00026022,209.4,rural
122391,Oxahuay,0,200209,2002,20,SICCHEZ,AYABACA,PIURA,1323,11.901321512422903,7.600860120205685,True,00001962,360.5,rural
222316,Mango,0,200210,2002,20,SUYO,AYABACA,PIURA,603,12.826644196349413,8.492797546485635,True,00001945,77.3,rural
221561,Ceibo Pintado,0,200210,2002,20,SUYO,AYABACA,PIURA,608,,,False,,192.0,rural
237462,Calabazas,0,200210,2002,20,SUYO,AYABACA,PIURA,296,32.87071548878282,26.588598652997597,True,00026022,319.9,rural
614248,Quebrada Seca,0,200210,2002,20,SUYO,AYABACA,PIURA,496,9.493318150154868,6.27058018235594,True,00001945,215.2,rural
517096,El Naranjo,0,200210,2002,20,SUYO,AYABACA,PIURA,353,,,False,,180.8,rural
545932,Loma de Seguiche,0,200203,2002,20,JILILI,AYABACA,PIURA,1358,7.5740362040497216,4.974206166982992,True,00001962,72.6,rural
542880,Guayabo,0,200209,2002,20,SICCHEZ,AYABACA,PIURA,1492,6.829871672622576,3.920688155128785,True,00001962,234.1,rural
651060,Llanos De Aragoto,0,200201,2002,20,AYABACA,AYABACA,PIURA,2064,55.34733016604048,46.94438562350712,True,00001970,1096.9,rural
533082,La Perla,0,200203,2002,20,JILILI,AYABACA,PIURA,1144,4.231184864347665,2.6213447509913292,True,00001962,283.4,rural
654337,9 de Noviembre,0,200210,2002,20,SUYO,AYABACA,PIURA,441,3.589248277295356,4.231774041570198,True,00001945,693.5,rural
656285,Sochabamba,0,200201,2002,20,AYABACA,AYABACA,PIURA,2139,46.597891315089896,34.887424473711754,True,00001970,192.8,rural
656046,Amulayca,0,200201,2002,20,AYABACA,AYABACA,PIURA,2153,51.93214400856235,34.416658584015025,True,00001962,302.5,rural
656047,La Lechera,0,200201,2002,20,AYABACA,AYABACA,PIURA,1793,39.5997871716846,26.16965727327716,True,00001962,317.3,rural
656331,La Achura,0,200201,2002,20,AYABACA,AYABACA,PIURA,2059,48.96789266424207,32.44049102113484,True,00001962,162.9,rural
656416,Niebros de Socchabamba,0,200201,2002,20,AYABACA,AYABACA,PIURA,2004,,,False,,248.8,rural
656417,Ailan,0,200201,2002,20,AYABACA,AYABACA,PIURA,1674,57.50940977647239,38.13483576262171,True,00001962,161.2,rural
656751,Cuyas la Selva,0,200201,2002,20,AYABACA,AYABACA,PIURA,1633,36.069847648201424,23.705159650153018,True,00001962,221.9,rural
657645,Sauce Alto,0,200210,2002,20,SUYO,AYABACA,PIURA,1027,23.1848223920561,15.398249676956759,True,00001945,26.4,rural
125798,Bolsa del Diablo,0,200210,2002,20,SUYO,AYABACA,PIURA,266,38.2784410209517,27.953770172362024,True,00001945,226.5,rural
126381,Piñonal,0,200210,2002,20,SUYO,AYABACA,PIURA,517,,,False,,175.6,rural
618573,Nueva Esperanza,0,200210,2002,20,SUYO,AYABACA,PIURA,459,17.11023212894922,14.716483641210386,True,00001945,2272.0,urbano
536891,La Puerta,0,200210,2002,20,SUYO,AYABACA,PIURA,364,50.805076415919636,34.705751739491404,True,00001945,775.9,rural
225011,La Toma,0,200210,2002,20,SUYO,AYABACA,PIURA,267,,,False,,546.3,rural
122142,Sausal,0,200201,2002,20,AYABACA,AYABACA,PIURA,932,98.02672764338205,66.88404435951888,True,00001970,402.4,rural
526872,El Milagro,0,200201,2002,20,AYABACA,AYABACA,PIURA,1680,67.93021922344657,46.46503897126645,True,00001970,796.6,rural
569226,Cuchayo,0,200201,2002,20,AYABACA,AYABACA,PIURA,1931,53.53178113465636,39.70357432726451,True,00001970,283.6,rural
534503,Giclas,0,200201,2002,20,AYABACA,AYABACA,PIURA,2077,68.09598685761542,47.23438782313918,True,00001970,548.0,rural
518140,Algarrobal,0,200201,2002,20,AYABACA,AYABACA,PIURA,872,89.15178919368435,61.12568417422037,True,00001970,323.2,rural
113035,Tunal,0,200201,2002,20,AYABACA,AYABACA,PIURA,1485,50.17324008662509,33.24405596939019,True,00001962,192.3,rural
515041,Monterrico,0,200209,2002,20,SICCHEZ,AYABACA,PIURA,1553,22.902525905319635,14.731054967016233,True,00001962,290.8,rural
513068,Cerro de Cunya,0,200201,2002,20,AYABACA,AYABACA,PIURA,1958,61.13464226812006,50.4492202721878,True,00001970,415.3,rural
512359,Chicope,0,200203,2002,20,JILILI,AYABACA,PIURA,1588,10.74685730540498,7.089420234553164,True,00001962,282.0,rural
213107,Uluncha,0,200205,2002,20,MONTERO,AYABACA,PIURA,1824,,,False,,50.7,rural
516219,Alto de La Loma,0,200205,2002,20,MONTERO,AYABACA,PIURA,1691,15.951097567837401,11.17068547585187,True,00001970,508.5,rural
521247,San Martin de Porras,0,200205,2002,20,MONTERO,AYABACA,PIURA,1496,7.183528750539129,4.667236049945151,True,00001970,221.2,rural
223173,Pichandul,0,200205,2002,20,MONTERO,AYABACA,PIURA,1720,,,False,,562.6,rural
537228,Charan Bajo,0,200205,2002,20,MONTERO,AYABACA,PIURA,1013,17.814067680743285,11.538961174055501,True,00031459,404.2,rural
544482,Paraguero,0,200201,2002,20,AYABACA,AYABACA,PIURA,1970,74.3590310314322,65.42575309420701,True,00001970,395.9,rural
216319,El Ceibo,0,200207,2002,20,PAIMAS,AYABACA,PIURA,1448,19.46631373663433,12.688554880966759,True,00031459,459.7,rural
233855,La Laguna,0,200201,2002,20,AYABACA,AYABACA,PIURA,2240,43.39818570049375,28.54534025843344,True,00001970,369.8,rural
117510,La Copa,0,200210,2002,20,SUYO,AYABACA,PIURA,383,14.44655869449164,16.383177782748735,True,00001945,369.4,rural
545984,Naranjo,0,200201,2002,20,AYABACA,AYABACA,PIURA,1543,36.069847648201424,23.705159650153018,True,00001962,71.4,rural
680356,La Union,0,200201,2002,20,AYABACA,AYABACA,PIURA,765,23.262154434287314,15.45546249858235,True,00001962,585.9,rural
684109,La Florida,0,200207,2002,20,PAIMAS,AYABACA,PIURA,726,9.609332984707438,11.110389832969009,True,00031459,337.2,rural
684178,San Francisco Alto,0,200205,2002,20,MONTERO,AYABACA,PIURA,940,,,False,,265.2,rural
690475,Uluncha Alto,0,200205,2002,20,MONTERO,AYABACA,PIURA,1852,,,False,,228.6,rural
690505,La Perla,0,200209,2002,20,SICCHEZ,AYABACA,PIURA,1269,4.231184864347665,2.6213447509913292,True,00001962,97.4,rural
690508,Nuevo Santiago,0,200210,2002,20,SUYO,AYABACA,PIURA,428,1.3539535939272083,1.0174571722300616,True,00001945,193.4,rural
690510,La Cruz,0,200210,2002,20,SUYO,AYABACA,PIURA,551,,,False,,395.2,rural
563594,Pircas,0,200201,2002,20,AYABACA,AYABACA,PIURA,2390,79.69226429639743,72.6740462941229,True,00001970,72.2,rural
510460,Calvas De Flores,0,200201,2002,20,AYABACA,AYABACA,PIURA,1528,98.28860507783263,83.55736313968502,True,00001970,263.7,rural
118757,Hacienda El Molino,0,200201,2002,20,AYABACA,AYABACA,PIURA,1364,,,False,,415.3,rural
545974,Chachacomo,0,200201,2002,20,AYABACA,AYABACA,PIURA,1798,78.08233070517828,69.47733139895111,True,00001970,105.3,rural
621068,El Carmen,0,200201,2002,20,AYABACA,AYABACA,PIURA,2153,66.28506433200943,60.069372921305735,True,00001970,558.0,rural
524099,Quebrada Seca,0,200201,2002,20,AYABACA,AYABACA,PIURA,2145,61.463071184837865,51.123768620379565,True,00001970,425.0,rural
539271,Calvas Montenegro,0,200201,2002,20,AYABACA,AYABACA,PIURA,1974,,,False,,585.8,rural
213538,Espindola,0,200201,2002,20,AYABACA,AYABACA,PIURA,2213,90.55142956715196,83.19009179982446,True,00001970,485.2,rural
121050,Samanguilla,0,200201,2002,20,AYABACA,AYABACA,PIURA,2053,77.65882399999501,70.64060599772047,True,00001970,204.5,rural
213636,Noma,0,200201,2002,20,AYABACA,AYABACA,PIURA,991,81.69050426447058,65.14153563421752,True,00001970,406.0,rural
656409,El Mango (Mangal),0,200201,2002,20,AYABACA,AYABACA,PIURA,1254,75.20520388127429,64.02185953883226,True,00001970,590.1,rural
656541,Santa Rosa De Samanga,0,200201,2002,20,AYABACA,AYABACA,PIURA,2383,94.36070700728523,84.27325228050145,True,00001970,137.7,rural
656756,Cabrerilla,0,200201,2002,20,AYABACA,AYABACA,PIURA,2195,79.69226429639743,72.6740462941229,True,00001970,82.1,rural
574094,Pampas De Huara De Veras,0,200201,2002,20,AYABACA,AYABACA,PIURA,1928,66.86999590746646,54.65801148579669,True,00001970,171.2,rural
533921,Remolinos,0,200201,2002,20,AYABACA,AYABACA,PIURA,938,78.08823321484856,66.38386488035572,True,00001970,441.9,rural
614471,Rayo Centro,0,200201,2002,20,AYABACA,AYABACA,PIURA,1849,78.08233070517828,69.47733139895111,True,00001970,170.1,rural
530443,Chirinos Laque,0,200201,2002,20,AYABACA,AYABACA,PIURA,1844,,,False,,195.2,rural
550074,Samangoran,0,200201,2002,20,AYABACA,AYABACA,PIURA,1191,,,False,,136.5,rural
210696,El Gigante,0,200201,2002,20,AYABACA,AYABACA,PIURA,1527,75.20520388127429,64.02185953883226,True,00001970,422.9,rural
545062,Huara De Indios,0,200201,2002,20,AYABACA,AYABACA,PIURA,1566,77.53324844677635,61.837220128338565,True,00001970,258.7,rural
690428,El Naranjo,0,200201,2002,20,AYABACA,AYABACA,PIURA,1525,64.31008121724577,52.951401692316225,True,00001970,129.5,rural
690439,San Juan Las Playas,0,200201,2002,20,AYABACA,AYABACA,PIURA,2235,90.60146333053902,83.21510868151799,True,00001970,280.9,rural
690441,San Pedro,0,200201,2002,20,AYABACA,AYABACA,PIURA,2008,74.93465265514983,67.96414632452762,True,00001970,316.8,rural
692508,La Huaca,0,200201,2002,20,AYABACA,AYABACA,PIURA,2360,77.65882399999501,70.64060599772047,True,00001970,447.7,rural
543409,Los Positos / Las Positas,0,200706,2007,20,MANCORA,TALARA,PIURA,10,1.739721159501244,1.7243436807096038,True,00006627,1921.2,rural
569750,Barrio Nicaragua,0,200706,2007,20,MANCORA,TALARA,PIURA,7,0.7110728975310204,0.5783930504484113,True,00006627,9924.2,urbano
250597,Chacabuilli,0,050705,0507,05,PULLO,PARINACOCHAS,AYACUCHO,1328,2.8735970876102104,1.8975163812080489,True,00003729,326.1,rural
236862,Lucmani,0,050705,0507,05,PULLO,PARINACOCHAS,AYACUCHO,1670,7.683165621266988,6.260721241973629,True,00003729,23.5,rural
243927,Mina,0,050705,0507,05,PULLO,PARINACOCHAS,AYACUCHO,1600,7.133012140043424,4.027223907424656,True,00003729,547.6,rural
216114,Aichune,0,050705,0507,05,PULLO,PARINACOCHAS,AYACUCHO,1931,16.6869982842833,13.804769376479452,True,00003729,51.2,rural
127817,Huarango,0,050705,0507,05,PULLO,PARINACOCHAS,AYACUCHO,1451,6.4656887727197745,5.316254764142334,True,00003729,56.3,rural
112541,La Charpa,0,050705,0507,05,PULLO,PARINACOCHAS,AYACUCHO,1846,13.658395714984552,11.310177216029647,True,00003729,30.7,rural
663456,Santa Rosa de Amaro,0,050617,0506,05,SAN PEDRO,LUCANAS,AYACUCHO,756,120.98936159920612,110.9214061144598,True,00003725,41.4,rural
131504,Parara,0,050621,0506,05,SANTA LUCIA,LUCANAS,AYACUCHO,608,122.61733108235876,110.97894586360738,True,00003725,26.7,rural
213021,Mina Agripina,0,050621,0506,05,SANTA LUCIA,LUCANAS,AYACUCHO,1043,119.53390879104262,108.03168519556078,True,00003725,39.2,rural
519301,Huajuma,0,050614,0506,05,SAISA,LUCANAS,AYACUCHO,2118,93.69409706212399,82.52929048134077,True,00003725,120.6,rural
250290,Taino,0,050621,0506,05,SANTA LUCIA,LUCANAS,AYACUCHO,2327,83.85199832322178,73.27928513969871,True,00003725,55.4,rural
522352,Japara / Japora,0,050621,0506,05,SANTA LUCIA,LUCANAS,AYACUCHO,2446,96.03753698129384,81.90058905785051,True,00003725,32.6,rural
617836,Millonaria,0,050621,0506,05,SANTA LUCIA,LUCANAS,AYACUCHO,2159,,,False,,30.2,rural
616585,Jarajara,0,050621,0506,05,SANTA LUCIA,LUCANAS,AYACUCHO,2171,,,False,,50.6,rural
521536,San Martin,0,050621,0506,05,SANTA LUCIA,LUCANAS,AYACUCHO,2578,108.64408709608418,90.91269183399042,True,00003725,12.8,rural
662599,Occarmayocc Alta,0,050619,0506,05,SANCOS,LUCANAS,AYACUCHO,3225,61.284421689723175,40.316801761273794,True,00003513,42.0,rural
663394,Cusuro,0,050614,0506,05,SAISA,LUCANAS,AYACUCHO,3254,,,False,,38.0,rural
663405,Taracha,0,050614,0506,05,SAISA,LUCANAS,AYACUCHO,2975,77.39261999124571,62.00416716939217,True,00003725,4.6,rural
663408,Chaucha Tarpuna,0,050614,0506,05,SAISA,LUCANAS,AYACUCHO,2940,91.68732728596022,69.15152081674943,True,00003725,4.5,rural
663410,Lacata,0,050614,0506,05,SAISA,LUCANAS,AYACUCHO,2569,76.8235213290361,60.54902046712916,True,00003725,52.5,rural
663457,Matanza,0,050619,0506,05,SANCOS,LUCANAS,AYACUCHO,3647,,,False,,27.3,rural
663458,Tacsa Pucara,0,050619,0506,05,SANCOS,LUCANAS,AYACUCHO,3590,52.96797177412994,32.263255146618825,True,00003513,23.6,rural
663460,Toncure,0,050619,0506,05,SANCOS,LUCANAS,AYACUCHO,3648,,,False,,257.4,rural
663465,Rita,0,050619,0506,05,SANCOS,LUCANAS,AYACUCHO,2269,14.62445172225191,7.592994811854012,True,00003740,18.1,rural
663467,Santa Rosa Baja,0,050619,0506,05,SANCOS,LUCANAS,AYACUCHO,2417,2.2257971943804953,1.3827504740361274,True,00003740,58.7,rural
663847,Suytucurral,0,050705,0507,05,PULLO,PARINACOCHAS,AYACUCHO,2955,43.93016095845122,35.58097518041171,True,00003729,23.5,rural
663848,Tonquiro,0,050705,0507,05,PULLO,PARINACOCHAS,AYACUCHO,3014,43.93016095845122,35.58097518041171,True,00003729,13.2,rural
663849,Sanquini,0,050705,0507,05,PULLO,PARINACOCHAS,AYACUCHO,3266,57.968078202629506,37.82131295760635,True,00003535,35.5,rural
226627,Huaraca Pampa,0,050617,0506,05,SAN PEDRO,LUCANAS,AYACUCHO,661,116.66537256957162,106.59741708482528,True,00003725,89.7,rural
250767,Isla,0,050619,0506,05,SANCOS,LUCANAS,AYACUCHO,1527,,,False,,120.2,rural
529731,Plomo,0,050705,0507,05,PULLO,PARINACOCHAS,AYACUCHO,3204,54.3038758875105,35.691430815317986,True,00003535,64.2,rural
226114,Miraflores,0,050705,0507,05,PULLO,PARINACOCHAS,AYACUCHO,1510,64.2673224191461,46.36607642240635,True,00003535,277.6,rural
225845,Lorochayoc,0,050705,0507,05,PULLO,PARINACOCHAS,AYACUCHO,2738,,,False,,72.4,rural
223878,Viñacha,0,050705,0507,05,PULLO,PARINACOCHAS,AYACUCHO,2271,72.31418664132255,49.10911951955014,True,00003535,17.3,rural
614470,Sayhua,0,050705,0507,05,PULLO,PARINACOCHAS,AYACUCHO,3510,43.106229862489585,28.226333465304045,True,00003535,12.3,rural
242419,El Molino,0,050619,0506,05,SANCOS,LUCANAS,AYACUCHO,868,70.39607695536415,51.46493979953312,True,00003740,322.0,rural
221383,Cuille,0,050705,0507,05,PULLO,PARINACOCHAS,AYACUCHO,2600,69.50400764994748,41.425222359033,True,00003535,38.3,rural
236408,Sacota Izquierda,0,050619,0506,05,SANCOS,LUCANAS,AYACUCHO,919,,,False,,146.2,rural
250409,Cuesta Macache,0,050705,0507,05,PULLO,PARINACOCHAS,AYACUCHO,3633,43.106229862489585,28.226333465304045,True,00003535,11.5,rural
121688,Chically,0,050619,0506,05,SANCOS,LUCANAS,AYACUCHO,1252,95.76599105523783,72.04933873536052,True,00003740,75.2,rural
232896,Huaytulla,0,050619,0506,05,SANCOS,LUCANAS,AYACUCHO,1020,,,False,,67.3,rural
212269,Descanso,0,050619,0506,05,SANCOS,LUCANAS,AYACUCHO,1166,95.76599105523783,72.04933873536052,True,00003740,44.3,rural
523350,Quintaalicia,0,050705,0507,05,PULLO,PARINACOCHAS,AYACUCHO,1795,,,False,,35.4,rural
236164,Paichachi,0,050705,0507,05,PULLO,PARINACOCHAS,AYACUCHO,1615,,,False,,40.4,rural
227939,Huajra,0,050619,0506,05,SANCOS,LUCANAS,AYACUCHO,2796,,,False,,82.3,rural
131188,San Antonio,0,050705,0507,05,PULLO,PARINACOCHAS,AYACUCHO,1584,,,False,,56.2,rural
542850,El Aguila,0,050619,0506,05,SANCOS,LUCANAS,AYACUCHO,1714,52.619163207751235,34.42362463792876,True,00003535,82.6,rural
111163,Nahuinpuquio,0,050619,0506,05,SANCOS,LUCANAS,AYACUCHO,3131,99.27058291461789,58.19228810822085,True,00003513,145.3,rural
232530,Utpa,0,050619,0506,05,SANCOS,LUCANAS,AYACUCHO,1933,,,False,,21.2,rural
613904,Granadayocc,0,050619,0506,05,SANCOS,LUCANAS,AYACUCHO,1870,55.94365388541253,34.570177827068385,True,00003535,61.3,rural
310344,Rodayoc,0,050619,0506,05,SANCOS,LUCANAS,AYACUCHO,2667,,,False,,99.2,rural
227730,Chacaruni,0,050617,0506,05,SAN PEDRO,LUCANAS,AYACUCHO,2709,,,False,,129.7,rural
531738,Argentina,0,050619,0506,05,SANCOS,LUCANAS,AYACUCHO,763,,,False,,198.3,rural
244261,Sanquine,0,050705,0507,05,PULLO,PARINACOCHAS,AYACUCHO,2657,29.00398222180051,24.068922657743794,True,00003729,20.2,rural
250070,Yuracjaja,0,050705,0507,05,PULLO,PARINACOCHAS,AYACUCHO,2853,,,False,,11.6,rural
224242,Las Tapias,0,050705,0507,05,PULLO,PARINACOCHAS,AYACUCHO,3259,49.24077603783755,38.91875603399674,True,00003729,30.2,rural
230840,Lambraspuquio,0,050705,0507,05,PULLO,PARINACOCHAS,AYACUCHO,3334,55.91799204341143,42.04880848911693,True,00003729,26.5,rural
245664,Taipicirca,0,050705,0507,05,PULLO,PARINACOCHAS,AYACUCHO,3423,,,False,,75.0,rural
124785,Palca,0,050619,0506,05,SANCOS,LUCANAS,AYACUCHO,992,86.13934725092982,67.2360168332065,True,00003740,133.7,rural
114605,San Gerardo,0,050705,0507,05,PULLO,PARINACOCHAS,AYACUCHO,3199,44.32885598159831,35.644142663170584,True,00003729,16.7,rural
236409,Jerusalen,0,050619,0506,05,SANCOS,LUCANAS,AYACUCHO,915,24.199315137904424,14.720872243348609,True,00003740,34.6,rural
225896,Laitaruma,0,050619,0506,05,SANCOS,LUCANAS,AYACUCHO,1043,23.028402445861385,14.390933330032405,True,00003740,716.2,rural
310591,Cornetero,0,050619,0506,05,SANCOS,LUCANAS,AYACUCHO,1239,25.437322560681366,15.781810096103435,True,00003740,549.6,rural
219194,Chulve,0,050619,0506,05,SANCOS,LUCANAS,AYACUCHO,1487,,,False,,158.2,rural
210169,Sillajasa,0,050619,0506,05,SANCOS,LUCANAS,AYACUCHO,3439,58.04198095494883,35.17425652674954,True,00003513,24.9,rural
244288,Totora,0,050614,0506,05,SAISA,LUCANAS,AYACUCHO,2816,109.14102143304062,77.87836789028964,True,00003725,3.6,rural
217879,Tallapampa,0,050705,0507,05,PULLO,PARINACOCHAS,AYACUCHO,3871,,,False,,41.5,rural
236089,Chupega,0,050705,0507,05,PULLO,PARINACOCHAS,AYACUCHO,3218,55.207492277126335,43.09919605952847,True,00003729,9.9,rural
237750,Millonaria,0,050619,0506,05,SANCOS,LUCANAS,AYACUCHO,2467,3.036355808928738,1.996628981717568,True,00003740,1822.9,rural
230401,Mollepampa,0,050705,0507,05,PULLO,PARINACOCHAS,AYACUCHO,2983,54.30740014972174,42.12356100035854,True,00003729,38.6,rural
121842,Angostura,0,050705,0507,05,PULLO,PARINACOCHAS,AYACUCHO,2212,,,False,,221.5,rural
232517,Santa Rita,0,050619,0506,05,SANCOS,LUCANAS,AYACUCHO,2175,12.155987694560956,7.217973026185038,True,00003740,68.5,rural
310035,Lloquepata,0,050621,0506,05,SANTA LUCIA,LUCANAS,AYACUCHO,2955,,,False,,57.9,rural
543607,Ccaccanza,0,050619,0506,05,SANCOS,LUCANAS,AYACUCHO,3247,86.08754014409168,55.88577149243725,True,00003513,46.9,rural
618820,Santa Clara,0,050614,0506,05,SAISA,LUCANAS,AYACUCHO,1172,,,False,,33.6,rural
676662,Huaylla Senega,0,050619,0506,05,SANCOS,LUCANAS,AYACUCHO,3934,,,False,,489.2,rural
676896,Huayhucco,0,050705,0507,05,PULLO,PARINACOCHAS,AYACUCHO,3482,,,False,,12.3,rural
676901,Hierbabuena,0,050705,0507,05,PULLO,PARINACOCHAS,AYACUCHO,3435,,,False,,46.2,rural
676902,Lancani,0,050705,0507,05,PULLO,PARINACOCHAS,AYACUCHO,2098,75.21667791468329,49.36409954334001,True,00003535,58.9,rural
679445,Vitaccacca,0,050619,0506,05,SANCOS,LUCANAS,AYACUCHO,3119,52.30843052008081,34.711511538756206,True,00003513,26.4,rural
679642,Biceja,0,050617,0506,05,SAN PEDRO,LUCANAS,AYACUCHO,925,,,False,,15.6,rural
679653,Ranrahuasi,0,050619,0506,05,SANCOS,LUCANAS,AYACUCHO,3323,,,False,,5.1,rural
679658,Sayhualoma,0,050619,0506,05,SANCOS,LUCANAS,AYACUCHO,3444,63.53476908656992,38.4364130995845,True,00003513,53.0,rural
680022,Ccchuachacra,0,050619,0506,05,SANCOS,LUCANAS,AYACUCHO,2319,,,False,,31.3,rural
680023,Sagasniyoc,0,050619,0506,05,SANCOS,LUCANAS,AYACUCHO,2761,51.533092669687235,34.194619638493826,True,00003513,28.1,rural
680027,Española,0,050619,0506,05,SANCOS,LUCANAS,AYACUCHO,1913,9.050610972311382,5.168500074246341,True,00003740,30.5,rural
680029,Aguila,0,050619,0506,05,SANCOS,LUCANAS,AYACUCHO,684,69.60681860784673,53.27438486034502,True,00003740,476.8,rural
681026,Ccangoripa,0,050619,0506,05,SANCOS,LUCANAS,AYACUCHO,2860,57.59935289380874,38.23879312124149,True,00003513,7.4,rural
511949,Tastayoc,0,050619,0506,05,SANCOS,LUCANAS,AYACUCHO,2951,,,False,,65.3,rural
220054,Bocaminas,0,050705,0507,05,PULLO,PARINACOCHAS,AYACUCHO,3073,40.34463856134508,29.73925082751608,True,00003729,41.7,rural
121809,Payarnioc,0,050617,0506,05,SAN PEDRO,LUCANAS,AYACUCHO,781,120.05173470592489,107.87532274498824,True,00003725,334.4,rural
212238,Porvenir,0,050705,0507,05,PULLO,PARINACOCHAS,AYACUCHO,1172,77.01071540065466,59.39689713119676,True,00003535,406.3,rural
545665,Antaco,0,050619,0506,05,SANCOS,LUCANAS,AYACUCHO,3116,52.30843052008081,34.711511538756206,True,00003513,53.8,rural
128851,Hualahuire,0,050619,0506,05,SANCOS,LUCANAS,AYACUCHO,2818,57.59935289380874,38.23879312124149,True,00003513,23.0,rural
125940,Orccon,0,050614,0506,05,SAISA,LUCANAS,AYACUCHO,999,,,False,,26.7,rural
614840,Occarmayocc,0,050619,0506,05,SANCOS,LUCANAS,AYACUCHO,3237,,,False,,87.0,rural
123125,Lisahuacchi,0,050614,0506,05,SAISA,LUCANAS,AYACUCHO,927,130.71883009484336,115.09420093671447,True,00003725,83.0,rural
525952,Mayame,0,050619,0506,05,SANCOS,LUCANAS,AYACUCHO,3148,63.53476908656992,38.4364130995845,True,00003513,18.3,rural
132276,Achcahuasi,0,050619,0506,05,SANCOS,LUCANAS,AYACUCHO,3351,86.08754014409168,55.88577149243725,True,00003513,13.6,rural
536034,uña Huatana,0,050619,0506,05,SANCOS,LUCANAS,AYACUCHO,3313,67.19809317076147,40.87862915571219,True,00003513,86.8,rural
246704,Mancha Huaijo,0,050619,0506,05,SANCOS,LUCANAS,AYACUCHO,3148,92.8409800019961,61.19869993424183,True,00003513,69.7,rural
121214,Sancos,3,050619,0506,05,SANCOS,LUCANAS,AYACUCHO,2812,49.68165332745411,32.948657084188184,True,00003513,444.9,rural
218340,Pampa Blanca,0,050614,0506,05,SAISA,LUCANAS,AYACUCHO,959,,,False,,75.1,rural
233534,Jollpa Pampa,0,050619,0506,05,SANCOS,LUCANAS,AYACUCHO,3064,,,False,,38.5,rural
222264,Asiruchayoc,0,050619,0506,05,SANCOS,LUCANAS,AYACUCHO,3242,,,False,,45.5,rural
122639,Auquilana,0,050617,0506,05,SAN PEDRO,LUCANAS,AYACUCHO,3273,,,False,,63.1,rural
615208,Masincayocc,0,050619,0506,05,SANCOS,LUCANAS,AYACUCHO,3497,52.84859595397063,33.09332653328485,True,00003513,38.0,rural
538903,Uyhuara,0,050619,0506,05,SANCOS,LUCANAS,AYACUCHO,3854,32.212894907485776,21.273545697077292,True,00003513,150.5,rural
244883,Pampa Aguada,0,050619,0506,05,SANCOS,LUCANAS,AYACUCHO,3515,,,False,,34.6,rural
218531,Jijancha,0,050619,0506,05,SANCOS,LUCANAS,AYACUCHO,3397,,,False,,23.0,rural
538669,Auro,0,050614,0506,05,SAISA,LUCANAS,AYACUCHO,2005,,,False,,24.7,rural
113945,Palmaderas Alta,0,050619,0506,05,SANCOS,LUCANAS,AYACUCHO,3317,,,False,,36.5,rural
214626,Quisuaray Grande,0,050619,0506,05,SANCOS,LUCANAS,AYACUCHO,3594,,,False,,50.5,rural
210834,Yanaorjo,0,050619,0506,05,SANCOS,LUCANAS,AYACUCHO,3284,,,False,,18.2,rural
624449,Huyaccata,0,050614,0506,05,SAISA,LUCANAS,AYACUCHO,2605,102.59209652911365,74.60390543832614,True,00003725,9.4,rural
530171,Cceccacha,0,050619,0506,05,SANCOS,LUCANAS,AYACUCHO,3310,49.05937775390203,32.27108105415282,True,00003513,122.2,rural
617191,Payccoto,0,050614,0506,05,SAISA,LUCANAS,AYACUCHO,2578,,,False,,11.6,rural
244447,Huancalle,0,050614,0506,05,SAISA,LUCANAS,AYACUCHO,2931,98.86353048301558,72.7396224152771,True,00003725,5.7,rural
240221,Yuyo,0,050614,0506,05,SAISA,LUCANAS,AYACUCHO,2629,95.20338264074192,70.90954849414028,True,00003725,7.9,rural
238587,Chira Pacmayoc,0,050619,0506,05,SANCOS,LUCANAS,AYACUCHO,3624,69.88836944921202,36.49569784692035,True,00003735,42.0,rural
117097,Curusca,0,050614,0506,05,SAISA,LUCANAS,AYACUCHO,2962,109.14102143304062,77.87836789028964,True,00003725,12.4,rural
615980,Kishuarniyocc,0,050617,0506,05,SAN PEDRO,LUCANAS,AYACUCHO,3352,,,False,,40.6,rural
213423,Huancarajte,0,050614,0506,05,SAISA,LUCANAS,AYACUCHO,2542,,,False,,40.0,rural
540602,Huacchasullca,0,050617,0506,05,SAN PEDRO,LUCANAS,AYACUCHO,2057,,,False,,36.8,rural
215450,Silvera,0,050614,0506,05,SAISA,LUCANAS,AYACUCHO,2742,91.68732728596022,69.15152081674943,True,00003725,2.2,rural
625177,Arocca,0,050614,0506,05,SAISA,LUCANAS,AYACUCHO,2687,,,False,,2.2,rural
611141,Chulla,0,050619,0506,05,SANCOS,LUCANAS,AYACUCHO,3624,48.20273142032222,29.46022406557839,True,00003513,86.7,rural
116611,Pisiusi,0,050614,0506,05,SAISA,LUCANAS,AYACUCHO,3140,70.60548277968094,58.61059856360979,True,00003725,13.1,rural
517104,Yuracc Corral,0,050617,0506,05,SAN PEDRO,LUCANAS,AYACUCHO,2739,,,False,,28.7,rural
524744,Pucara Cruz,0,050619,0506,05,SANCOS,LUCANAS,AYACUCHO,3413,58.04198095494883,35.17425652674954,True,00003513,40.2,rural
114677,Lucmayoc,0,050614,0506,05,SAISA,LUCANAS,AYACUCHO,2590,76.8235213290361,60.54902046712916,True,00003725,6.6,rural
513705,Pucachuscho,0,050617,0506,05,SAN PEDRO,LUCANAS,AYACUCHO,3379,61.71100439049513,32.4070153175619,True,00003735,36.1,rural
622109,Rumi Cancha,0,050619,0506,05,SANCOS,LUCANAS,AYACUCHO,3797,,,False,,38.8,rural
113334,Chicllacca,0,050614,0506,05,SAISA,LUCANAS,AYACUCHO,3019,73.60691715802861,60.11131575278362,True,00003725,6.7,rural
110578,Piscopampa,0,050614,0506,05,SAISA,LUCANAS,AYACUCHO,3042,77.39261999124571,62.00416716939217,True,00003725,3.5,rural
683975,Nueva Jerusalen,0,050619,0506,05,SANCOS,LUCANAS,AYACUCHO,2430,1.8909526023778929,1.170480852264062,True,00003740,363.5,rural
686363,Jatun Falda,0,050705,0507,05,PULLO,PARINACOCHAS,AYACUCHO,3530,43.106229862489585,28.226333465304045,True,00003535,46.4,rural
686364,Arizona,0,050705,0507,05,PULLO,PARINACOCHAS,AYACUCHO,2845,48.34954164680995,38.28711674552672,True,00003729,44.1,rural
686366,Ccory Huayrachina,0,050705,0507,05,PULLO,PARINACOCHAS,AYACUCHO,3183,56.31252195900428,43.79791421147269,True,00003729,17.2,rural
692200,Ccacco,0,050619,0506,05,SANCOS,LUCANAS,AYACUCHO,3388,47.04607372734777,30.192065419973428,True,00003513,51.8,rural
692201,Ccoltonsayoc,0,050619,0506,05,SANCOS,LUCANAS,AYACUCHO,3343,,,False,,5.9,rural
678295,Ranracucho,0,050701,0507,05,CORACORA,PARINACOCHAS,AYACUCHO,3469,18.253866677384124,10.3228021220659,True,00003513,81.0,rural
550413,Ccesccene,0,050705,0507,05,PULLO,PARINACOCHAS,AYACUCHO,3479,,,False,,101.4,rural
210845,Escalera,0,050706,0507,05,PUYUSCA,PARINACOCHAS,AYACUCHO,3587,,,False,,16.6,rural
532297,Achamarca,0,050807,0508,05,PARARCA,PAUCAR DEL SARA SARA,AYACUCHO,3129,32.73377166607907,28.18431806823519,True,00003524,166.0,rural
545951,Pulluta,0,050705,0507,05,PULLO,PARINACOCHAS,AYACUCHO,3104,3.3637338210825143,2.2108006317941795,True,00003535,60.2,rural
217722,Pulo Pucapuca,0,050705,0507,05,PULLO,PARINACOCHAS,AYACUCHO,2966,1.4668197048748752,0.7912222912291023,True,00003535,349.5,rural
662103,Lambran,0,050702,0507,05,CHUMPI,PARINACOCHAS,AYACUCHO,3216,2.2540915567729787,2.229488626880792,True,00003519,86.7,rural
662104,Piste,0,050702,0507,05,CHUMPI,PARINACOCHAS,AYACUCHO,4263,,,False,,53.6,rural
662129,Jarpasa,0,050706,0507,05,PUYUSCA,PARINACOCHAS,AYACUCHO,3473,,,False,,137.9,rural
663832,Tribull Chacra,0,050704,0507,05,PACAPAUSA,PARINACOCHAS,AYACUCHO,2874,4.263243218918946,2.7838789362874996,True,00003530,479.5,rural
663833,Cruz Pata,0,050704,0507,05,PACAPAUSA,PARINACOCHAS,AYACUCHO,2784,0.9863751492003783,0.5993002231417874,True,00003530,786.5,rural
663028,Trencero,0,050605,0506,05,CHAVIÑA,LUCANAS,AYACUCHO,3430,1.6497020701914828,0.9488591829019793,True,00003513,47.8,rural
663033,Patapata,0,050605,0506,05,CHAVIÑA,LUCANAS,AYACUCHO,2952,2.3540667295292943,1.5333003572701118,True,00003513,32.3,rural
663035,Wiscachani,0,050605,0506,05,CHAVIÑA,LUCANAS,AYACUCHO,3221,3.96011970657066,2.4852016990533223,True,00003513,63.5,rural
663037,Casa Blanca,0,050605,0506,05,CHAVIÑA,LUCANAS,AYACUCHO,3313,2.3540667295292943,1.5333003572701118,True,00003513,56.0,rural
663038,Chillhua,0,050605,0506,05,CHAVIÑA,LUCANAS,AYACUCHO,3459,6.494335164382566,4.29347931383896,True,00003513,21.5,rural
663042,Huma Chacceri,0,050605,0506,05,CHAVIÑA,LUCANAS,AYACUCHO,3531,28.95164171888643,19.240529861299784,True,00003513,19.3,rural
663044,Pitate,0,050605,0506,05,CHAVIÑA,LUCANAS,AYACUCHO,3537,20.337786173104593,13.522446652986979,True,00003513,14.5,rural
663510,Antapucro,0,050701,0507,05,CORACORA,PARINACOCHAS,AYACUCHO,3079,3.1058997064067113,3.022002612640009,True,00003523,121.5,rural
663514,Ccolpapampa,0,050701,0507,05,CORACORA,PARINACOCHAS,AYACUCHO,3134,1.5337670124121263,1.6539048080377896,True,00003523,553.3,rural
663801,Matu Matu,0,050701,0507,05,CORACORA,PARINACOCHAS,AYACUCHO,3441,12.49569304934579,12.383726147787932,True,00003523,186.2,rural
663804,Santa Clara,0,050701,0507,05,CORACORA,PARINACOCHAS,AYACUCHO,3385,8.543080227701843,6.021727988888713,True,00003523,127.2,rural
663807,Quisuar,0,050701,0507,05,CORACORA,PARINACOCHAS,AYACUCHO,3902,25.887059786355348,16.790291581713902,True,00003523,124.2,rural
663810,Capilla,0,050701,0507,05,CORACORA,PARINACOCHAS,AYACUCHO,3720,14.807238923968518,12.964980964726994,True,00003523,705.9,rural
663812,Occere,0,050701,0507,05,CORACORA,PARINACOCHAS,AYACUCHO,3538,17.727506362783664,10.622824539960574,True,00003523,206.2,rural
663814,Mollepata,0,050701,0507,05,CORACORA,PARINACOCHAS,AYACUCHO,3013,4.807046838919537,5.4727312722964365,True,00003523,130.6,rural
663843,Huancallpa,0,050704,0507,05,PACAPAUSA,PARINACOCHAS,AYACUCHO,3005,0.9863751492003783,0.5993002231417874,True,00003530,448.6,rural
663851,Tirani,0,050705,0507,05,PULLO,PARINACOCHAS,AYACUCHO,3286,31.663159515369426,20.935664334013005,True,00003535,92.9,rural
663858,Isla,0,050706,0507,05,PUYUSCA,PARINACOCHAS,AYACUCHO,3145,1.287624288025099,0.8435858287259019,True,00003524,109.3,rural
663959,Chacamarca,0,050810,0508,05,SARA SARA,PAUCAR DEL SARA SARA,AYACUCHO,3393,25.799646251866122,25.71651615037998,True,00003524,289.0,rural
664248,Accencha,0,050605,0506,05,CHAVIÑA,LUCANAS,AYACUCHO,3845,,,False,,26.9,rural
664261,Sucho,0,050801,0508,05,PAUSA,PAUCAR DEL SARA SARA,AYACUCHO,2508,14.646327291429758,12.635179298822637,True,00003694,196.2,rural
664268,Puma Ranra,0,050804,0508,05,LAMPA,PAUCAR DEL SARA SARA,AYACUCHO,3876,,,False,,154.7,rural
250668,Egaga,0,050705,0507,05,PULLO,PARINACOCHAS,AYACUCHO,3966,41.33247740924801,26.218532764808007,True,00003535,70.9,rural
226569,Jochajocha,0,050804,0508,05,LAMPA,PAUCAR DEL SARA SARA,AYACUCHO,4375,,,False,,180.7,rural
129840,Pararca,3,050807,0508,05,PARARCA,PAUCAR DEL SARA SARA,AYACUCHO,3023,34.81098087160437,29.820314340701472,True,00003524,238.5,rural
222881,Tara Pata,0,050801,0508,05,PAUSA,PAUCAR DEL SARA SARA,AYACUCHO,2899,17.880876780620166,15.335040722184075,True,00003694,328.1,rural
243010,Chocpe / Chaccpi,0,050801,0508,05,PAUSA,PAUCAR DEL SARA SARA,AYACUCHO,3539,,,False,,245.7,rural
226372,Iructa,0,050804,0508,05,LAMPA,PAUCAR DEL SARA SARA,AYACUCHO,3615,,,False,,229.9,rural
547680,Ccosccupe,0,050706,0507,05,PUYUSCA,PARINACOCHAS,AYACUCHO,3386,,,False,,36.6,rural
124174,La Merced,0,050605,0506,05,CHAVIÑA,LUCANAS,AYACUCHO,3534,12.453721598836397,8.266403603474846,True,00003513,38.9,rural
116393,Coracora,2,050701,0507,05,CORACORA,PARINACOCHAS,AYACUCHO,3178,0.8004802833037518,0.5474081813320847,True,00003523,4842.0,urbano
120291,Huamanpampa,0,050701,0507,05,CORACORA,PARINACOCHAS,AYACUCHO,2669,7.368530264657556,3.6842651323287785,True,00003523,32.8,rural
518248,Pucarani Tarco / Pucarani,0,050705,0507,05,PULLO,PARINACOCHAS,AYACUCHO,3444,,,False,,42.4,rural
215739,Calorno,0,050705,0507,05,PULLO,PARINACOCHAS,AYACUCHO,3549,,,False,,63.1,rural
115067,Anchapilla / Anchapilla Tarca,0,050705,0507,05,PULLO,PARINACOCHAS,AYACUCHO,3284,,,False,,165.2,rural
117848,Atun Occo,0,050810,0508,05,SARA SARA,PAUCAR DEL SARA SARA,AYACUCHO,3502,25.799646251866122,25.71651615037998,True,00003524,84.9,rural
623792,Pichca,0,050706,0507,05,PUYUSCA,PARINACOCHAS,AYACUCHO,3552,5.333825968234573,5.70263395315265,True,00003524,66.0,rural
230821,Chillapucropampa,0,050705,0507,05,PULLO,PARINACOCHAS,AYACUCHO,3542,20.449586337787714,12.024278722293964,True,00003535,54.9,rural
523202,Cruz Misionero,0,050801,0508,05,PAUSA,PAUCAR DEL SARA SARA,AYACUCHO,2503,13.76050461009026,12.810891488105849,True,00003694,215.5,rural
534125,Arenizo Tarco / Arenizo,0,050705,0507,05,PULLO,PARINACOCHAS,AYACUCHO,3673,,,False,,38.6,rural
114205,Huacachipa,0,050706,0507,05,PUYUSCA,PARINACOCHAS,AYACUCHO,3480,8.07242245140571,7.07193219473822,True,00003524,75.4,rural
214999,Huancarama,0,050810,0508,05,SARA SARA,PAUCAR DEL SARA SARA,AYACUCHO,3655,25.799646251866122,25.71651615037998,True,00003524,50.2,rural
116351,Antallani,0,050705,0507,05,PULLO,PARINACOCHAS,AYACUCHO,3235,4.498421313333305,2.815662090403254,True,00003535,70.7,rural
215605,Quirquiñoso,0,050807,0508,05,PARARCA,PAUCAR DEL SARA SARA,AYACUCHO,3461,,,False,,362.6,rural
621301,Pongo,0,050706,0507,05,PUYUSCA,PARINACOCHAS,AYACUCHO,3294,,,False,,105.3,rural
625871,Occosuyo,0,050705,0507,05,PULLO,PARINACOCHAS,AYACUCHO,3364,15.767774105031558,10.226231459419378,True,00003535,102.5,rural
244316,Yanapajcha,0,050705,0507,05,PULLO,PARINACOCHAS,AYACUCHO,3333,17.83339528286998,14.861162735724985,True,00003535,221.7,rural
118442,Anascocha,0,050701,0507,05,CORACORA,PARINACOCHAS,AYACUCHO,3076,4.988827614414168,2.4944138072070845,True,00003523,127.6,rural
121259,Collahuacho,0,050706,0507,05,PUYUSCA,PARINACOCHAS,AYACUCHO,3341,7.313138793114445,5.209905259280877,True,00003524,27.6,rural
239215,Huancayllane,0,050810,0508,05,SARA SARA,PAUCAR DEL SARA SARA,AYACUCHO,3640,,,False,,90.0,rural
610501,Chuspini,0,050701,0507,05,CORACORA,PARINACOCHAS,AYACUCHO,3673,47.018421718582786,43.89328744537897,True,00003523,198.2,rural
231066,Sonjo,0,050705,0507,05,PULLO,PARINACOCHAS,AYACUCHO,3260,6.707406832243216,4.29849587859553,True,00003535,77.7,rural
625952,Chaqui Ccocha,0,050706,0507,05,PUYUSCA,PARINACOCHAS,AYACUCHO,3703,,,False,,41.0,rural
548855,Matomato,0,050702,0507,05,CHUMPI,PARINACOCHAS,AYACUCHO,3665,17.726900558956892,11.799516440192454,True,00003535,136.9,rural
112926,Sanquipampa,0,050705,0507,05,PULLO,PARINACOCHAS,AYACUCHO,2424,,,False,,112.5,rural
512616,Montelloque,0,050706,0507,05,PUYUSCA,PARINACOCHAS,AYACUCHO,3512,13.256314563424553,9.18303385503601,True,00003524,41.8,rural
545334,San Antonio,0,050804,0508,05,LAMPA,PAUCAR DEL SARA SARA,AYACUCHO,3462,31.91960761422741,19.021677360115724,True,00003524,86.9,rural
210593,Marconi,0,050804,0508,05,LAMPA,PAUCAR DEL SARA SARA,AYACUCHO,3410,30.113282120878484,18.118514613441263,True,00003524,105.0,rural
225641,Mariposa,0,050705,0507,05,PULLO,PARINACOCHAS,AYACUCHO,3114,10.770999209595963,5.463880230991058,True,00003535,159.5,rural
245846,Huallpahuasi,0,050804,0508,05,LAMPA,PAUCAR DEL SARA SARA,AYACUCHO,3663,27.996917761629863,17.060332433816953,True,00003524,183.3,rural
229718,Tromporjo,0,050804,0508,05,LAMPA,PAUCAR DEL SARA SARA,AYACUCHO,3740,41.64721781483777,23.885482460420903,True,00003524,159.1,rural
129016,Pinahua,0,050702,0507,05,CHUMPI,PARINACOCHAS,AYACUCHO,3252,16.818890419442962,11.54685616422596,True,00003535,117.1,rural
131932,Otcune,0,050702,0507,05,CHUMPI,PARINACOCHAS,AYACUCHO,1907,38.31930379854097,20.70677748181066,True,00003535,148.1,rural
230301,Ajosanqui,0,050702,0507,05,CHUMPI,PARINACOCHAS,AYACUCHO,2516,,,False,,43.2,rural
510695,Chaco,0,050702,0507,05,CHUMPI,PARINACOCHAS,AYACUCHO,3094,1.625803613446725,1.4760177002147565,True,00003519,78.8,rural
621204,Tucuire,0,050706,0507,05,PUYUSCA,PARINACOCHAS,AYACUCHO,3685,32.766932057414095,20.866838918532267,True,00003524,46.6,rural
613644,Tarayacu 2,0,050805,0508,05,MARCABAMBA,PAUCAR DEL SARA SARA,AYACUCHO,4032,,,False,,141.2,rural
129850,Huamampampa,0,050702,0507,05,CHUMPI,PARINACOCHAS,AYACUCHO,3196,5.295062246170985,2.7617036236970143,True,00003519,35.1,rural
237120,Chinchircuna,0,050702,0507,05,CHUMPI,PARINACOCHAS,AYACUCHO,3393,10.598676029758018,11.80667752157444,True,00003519,134.4,rural
233254,Tucsa,0,050702,0507,05,CHUMPI,PARINACOCHAS,AYACUCHO,3480,17.45931101872105,16.037591473745245,True,00003519,190.5,rural
235753,Jalahuanco,0,050702,0507,05,CHUMPI,PARINACOCHAS,AYACUCHO,3231,19.0301764634611,16.407334189772286,True,00003519,75.5,rural
112558,Cochapata,0,050702,0507,05,CHUMPI,PARINACOCHAS,AYACUCHO,3239,16.67248795718445,15.000723991648051,True,00003519,52.1,rural
210468,Huallyapuquio,0,050702,0507,05,CHUMPI,PARINACOCHAS,AYACUCHO,3147,3.173529895113551,2.689207796051078,True,00003519,38.2,rural
131613,Congonza,0,050804,0508,05,LAMPA,PAUCAR DEL SARA SARA,AYACUCHO,3626,41.64721781483777,23.885482460420903,True,00003524,47.7,rural
227405,Tangire,0,050702,0507,05,CHUMPI,PARINACOCHAS,AYACUCHO,3047,22.171124296090998,18.137469926514044,True,00003519,31.8,rural
211127,San Jose,0,050701,0507,05,CORACORA,PARINACOCHAS,AYACUCHO,2475,23.667863488382604,23.113035885416544,True,00003523,13.4,rural
124634,Chumpi,3,050702,0507,05,CHUMPI,PARINACOCHAS,AYACUCHO,3204,1.0404792553834772,0.5408364696570245,True,00003519,235.2,rural
122925,Otococha,0,050801,0508,05,PAUSA,PAUCAR DEL SARA SARA,AYACUCHO,2669,17.55275357514629,15.170979119447138,True,00003694,26.5,rural
127099,Chipilupanpa,0,050705,0507,05,PULLO,PARINACOCHAS,AYACUCHO,3288,28.0948018075366,18.556759195457786,True,00003535,139.4,rural
650040,Ayraranca,0,050801,0508,05,PAUSA,PAUCAR DEL SARA SARA,AYACUCHO,2683,17.353888889787388,15.183610009619182,True,00003694,27.7,rural
124960,Ancay Pahua,0,050801,0508,05,PAUSA,PAUCAR DEL SARA SARA,AYACUCHO,2670,17.572523663892973,15.402244783724766,True,00003694,41.3,rural
310068,Quishuar,0,050705,0507,05,PULLO,PARINACOCHAS,AYACUCHO,4275,,,False,,26.3,rural
624715,Acsacame,0,050705,0507,05,PULLO,PARINACOCHAS,AYACUCHO,3581,,,False,,59.3,rural
212393,Reparticion,0,050706,0507,05,PUYUSCA,PARINACOCHAS,AYACUCHO,3488,19.944767398984087,12.96186495741018,True,00003524,32.1,rural
225977,Pisacalla,0,050705,0507,05,PULLO,PARINACOCHAS,AYACUCHO,3889,,,False,,52.1,rural
534979,Puca Esquina,0,050706,0507,05,PUYUSCA,PARINACOCHAS,AYACUCHO,3406,,,False,,198.9,rural
511339,Ccechcca,0,050706,0507,05,PUYUSCA,PARINACOCHAS,AYACUCHO,3638,,,False,,70.6,rural
118623,Geriscacucho / Cceccererca Cucho,0,050706,0507,05,PUYUSCA,PARINACOCHAS,AYACUCHO,3781,,,False,,77.7,rural
619442,Huaylla Huasi,0,050702,0507,05,CHUMPI,PARINACOCHAS,AYACUCHO,3791,,,False,,21.0,rural
224193,Tijahuasi,0,050701,0507,05,CORACORA,PARINACOCHAS,AYACUCHO,2302,23.667863488382604,23.113035885416544,True,00003523,76.0,rural
616051,Pichccachaca,0,050605,0506,05,CHAVIÑA,LUCANAS,AYACUCHO,2587,10.801168168794865,6.869636843834085,True,00003523,30.8,rural
675852,Sombriroyocc,0,050705,0507,05,PULLO,PARINACOCHAS,AYACUCHO,2990,0.0,0.0,True,00003535,97.7,rural
675855,Tantar Falda,0,050705,0507,05,PULLO,PARINACOCHAS,AYACUCHO,3317,31.577123644725255,20.803165539593707,True,00003535,69.6,rural
676526,Coñay Ccota,0,050605,0506,05,CHAVIÑA,LUCANAS,AYACUCHO,3313,3.96011970657066,2.4852016990533223,True,00003513,262.0,rural
676527,Joya,0,050605,0506,05,CHAVIÑA,LUCANAS,AYACUCHO,3921,29.17469015993578,19.2480758653773,True,00003513,198.9,rural
676531,Congonsa,0,050605,0506,05,CHAVIÑA,LUCANAS,AYACUCHO,3835,,,False,,10.7,rural
535306,Costa Rica,0,050702,0507,05,CHUMPI,PARINACOCHAS,AYACUCHO,2813,6.920549430207944,3.7501297261495563,True,00003519,149.8,rural
235648,Ojojasa,0,050705,0507,05,PULLO,PARINACOCHAS,AYACUCHO,3502,,,False,,40.1,rural
250803,Marchante Jasa,0,050705,0507,05,PULLO,PARINACOCHAS,AYACUCHO,3575,,,False,,114.5,rural
116421,Manzanayocc,0,050705,0507,05,PULLO,PARINACOCHAS,AYACUCHO,3459,14.847760729526259,9.725398476784225,True,00003535,178.0,rural
132979,Huarcayani,0,050706,0507,05,PUYUSCA,PARINACOCHAS,AYACUCHO,3389,10.002655064682479,8.269897431904633,True,00003524,125.6,rural
614330,Pallalca,0,050706,0507,05,PUYUSCA,PARINACOCHAS,AYACUCHO,3285,,,False,,101.5,rural
110563,Yuracchuasi,0,050706,0507,05,PUYUSCA,PARINACOCHAS,AYACUCHO,3297,13.34619090224846,15.511744995530982,True,00003524,77.3,rural
116409,Incahuasi,0,050705,0507,05,PULLO,PARINACOCHAS,AYACUCHO,3304,21.582710783172153,23.14167456648044,True,00003524,186.1,rural
122387,Incuyo,3,050706,0507,05,PUYUSCA,PARINACOCHAS,AYACUCHO,3290,0.4403792344532461,0.49055474498571555,True,00003524,235.8,rural
212777,Ñuñomusca,0,050706,0507,05,PUYUSCA,PARINACOCHAS,AYACUCHO,3318,4.430331490344781,5.1687200720689095,True,00003524,34.4,rural
219087,Reparticion,0,050706,0507,05,PUYUSCA,PARINACOCHAS,AYACUCHO,3290,17.50640142206469,20.4241349924088,True,00003524,192.0,rural
225466,Quichcaloma,0,050701,0507,05,CORACORA,PARINACOCHAS,AYACUCHO,3268,7.911353443872636,6.398703424590663,True,00006839,414.6,rural
117051,Para,0,050605,0506,05,CHAVIÑA,LUCANAS,AYACUCHO,2863,36.89441406493475,24.411051505977582,True,00003513,37.1,rural
114007,Matuyoc,0,050702,0507,05,CHUMPI,PARINACOCHAS,AYACUCHO,3610,14.253815789671371,9.473638780005171,True,00003519,57.6,rural
244764,Toropuquio,0,050605,0506,05,CHAVIÑA,LUCANAS,AYACUCHO,3424,,,False,,7.2,rural
516691,Sorani,0,050702,0507,05,CHUMPI,PARINACOCHAS,AYACUCHO,3682,34.794948363259394,19.744205066799182,True,00003519,653.4,rural
539161,Millo,0,050702,0507,05,CHUMPI,PARINACOCHAS,AYACUCHO,3220,4.1205236117857496,4.406992691062358,True,00003519,138.0,rural
130407,Calacoto,0,050605,0506,05,CHAVIÑA,LUCANAS,AYACUCHO,3504,28.80471878563591,19.167068394674523,True,00003513,4.2,rural
114636,Lauro,0,050605,0506,05,CHAVIÑA,LUCANAS,AYACUCHO,3510,20.337786173104593,13.522446652986979,True,00003513,16.1,rural
230145,Yututuna,0,050702,0507,05,CHUMPI,PARINACOCHAS,AYACUCHO,3326,4.1205236117857496,4.406992691062358,True,00003519,31.2,rural
118111,Atojocha,0,050702,0507,05,CHUMPI,PARINACOCHAS,AYACUCHO,3496,11.496802011760193,8.09513189104958,True,00003519,30.1,rural
128576,Bellavista,0,050702,0507,05,CHUMPI,PARINACOCHAS,AYACUCHO,3612,13.597009677987417,9.145235724163195,True,00003519,93.3,rural
219339,Chanca,0,050805,0508,05,MARCABAMBA,PAUCAR DEL SARA SARA,AYACUCHO,4175,,,False,,158.7,rural
240457,Ruanpampa,0,050701,0507,05,CORACORA,PARINACOCHAS,AYACUCHO,3083,3.1058997064067113,3.022002612640009,True,00003523,19.7,rural
524075,Matomato,0,050605,0506,05,CHAVIÑA,LUCANAS,AYACUCHO,3788,35.30170621864894,22.477628205790353,True,00003513,12.4,rural
521313,Ccochallay,0,050605,0506,05,CHAVIÑA,LUCANAS,AYACUCHO,3709,35.92311283020387,21.989460038535505,True,00003513,19.2,rural
241437,Alanta,0,050701,0507,05,CORACORA,PARINACOCHAS,AYACUCHO,3069,3.1058997064067113,3.022002612640009,True,00003523,161.9,rural
529857,Huaccepampa,0,050701,0507,05,CORACORA,PARINACOCHAS,AYACUCHO,3320,3.1422848516176725,2.574759700045719,True,00006839,1415.7,rural
614190,Vado,0,050704,0507,05,PACAPAUSA,PARINACOCHAS,AYACUCHO,4382,,,False,,549.0,rural
522826,Ccochani,0,050701,0507,05,CORACORA,PARINACOCHAS,AYACUCHO,3017,2.4117240256784642,1.3385178861914746,True,00003523,90.9,rural
540973,Atun Huasi,0,050605,0506,05,CHAVIÑA,LUCANAS,AYACUCHO,2702,7.368530264657556,3.6842651323287785,True,00003523,15.1,rural
615770,Huanquilloma,0,050707,0507,05,SAN FRANCISCO DE RAVACAYCO,PARINACOCHAS,AYACUCHO,2823,7.505752262613098,7.438684096992766,True,00003530,32.2,rural
616133,Chiroca,0,050707,0507,05,SAN FRANCISCO DE RAVACAYCO,PARINACOCHAS,AYACUCHO,2918,8.720855156239322,8.046235543805878,True,00003530,34.8,rural
520989,Pampayhuarme,0,050701,0507,05,CORACORA,PARINACOCHAS,AYACUCHO,2992,3.297675647204371,3.711798215295408,True,00003523,103.5,rural
235661,Huanco,0,050701,0507,05,CORACORA,PARINACOCHAS,AYACUCHO,3721,41.62623633857298,41.19719475537407,True,00003523,131.5,rural
520677,Ccasucancca / Ccasccanja,0,050707,0507,05,SAN FRANCISCO DE RAVACAYCO,PARINACOCHAS,AYACUCHO,3202,8.720855156239322,8.046235543805878,True,00003530,497.9,rural
118753,Chantani,0,050701,0507,05,CORACORA,PARINACOCHAS,AYACUCHO,3053,4.807046838919537,5.4727312722964365,True,00003523,44.4,rural
621729,Llullucha,0,050605,0506,05,CHAVIÑA,LUCANAS,AYACUCHO,4157,29.387969240249454,19.580726782770533,True,00003513,553.5,rural
130697,Lomaspata,0,050701,0507,05,CORACORA,PARINACOCHAS,AYACUCHO,3038,6.913889078744237,3.4569445393721185,True,00003523,38.5,rural
124016,Toma,0,050605,0506,05,CHAVIÑA,LUCANAS,AYACUCHO,3258,6.494335164382566,4.29347931383896,True,00003513,39.0,rural
522749,Huaccraccasa,0,050701,0507,05,CORACORA,PARINACOCHAS,AYACUCHO,3358,25.050768856901193,16.376132744205194,True,00003523,158.7,rural
133348,Aycara,0,050701,0507,05,CORACORA,PARINACOCHAS,AYACUCHO,3056,4.861406056483543,5.534171684964803,True,00003523,119.8,rural
613683,Huayunca,0,050701,0507,05,CORACORA,PARINACOCHAS,AYACUCHO,3910,,,False,,178.4,rural
557635,Esquinayocc,0,050701,0507,05,CORACORA,PARINACOCHAS,AYACUCHO,4211,22.952087938062263,22.52304635486335,True,00003523,380.5,rural
131204,Tambo Bamba,0,050708,0507,05,UPAHUACHO,PARINACOCHAS,AYACUCHO,3908,55.458331309912516,50.675467405824406,True,00003523,131.7,rural
235295,Chuñuna,0,050605,0506,05,CHAVIÑA,LUCANAS,AYACUCHO,3654,,,False,,57.7,rural
622254,Alinto,0,050701,0507,05,CORACORA,PARINACOCHAS,AYACUCHO,3512,15.21046178695611,8.110372739246047,True,00003513,54.5,rural
544095,Occaralla,0,050605,0506,05,CHAVIÑA,LUCANAS,AYACUCHO,3633,0.5902858793199037,0.5169701667467292,True,00003513,66.4,rural
120913,Ccolte,0,050701,0507,05,CORACORA,PARINACOCHAS,AYACUCHO,3911,24.65381644337489,16.17366991022367,True,00003523,55.2,rural
243991,Jeullajocha,0,050701,0507,05,CORACORA,PARINACOCHAS,AYACUCHO,3457,19.311824889519468,10.85178122813357,True,00003513,61.7,rural
527898,Pucarallo,0,050708,0507,05,UPAHUACHO,PARINACOCHAS,AYACUCHO,4045,,,False,,232.6,rural
683946,Carmen Alto,0,050605,0506,05,CHAVIÑA,LUCANAS,AYACUCHO,3364,1.1286109188886189,0.5921631615037922,True,00003513,102.5,rural
686326,Huancartinya,0,050702,0507,05,CHUMPI,PARINACOCHAS,AYACUCHO,3665,,,False,,70.5,rural
686328,Quiswar Huaycco,0,050702,0507,05,CHUMPI,PARINACOCHAS,AYACUCHO,3659,,,False,,67.5,rural
686333,Huayllascha,0,050702,0507,05,CHUMPI,PARINACOCHAS,AYACUCHO,3678,,,False,,92.3,rural
686335,Pichcca Puquio Pata,0,050702,0507,05,CHUMPI,PARINACOCHAS,AYACUCHO,3662,,,False,,122.8,rural
686348,Cceñua Cuesta,0,050702,0507,05,CHUMPI,PARINACOCHAS,AYACUCHO,3574,17.640423462763643,11.756277892095829,True,00003535,34.3,rural
686349,Esquinayoc,0,050702,0507,05,CHUMPI,PARINACOCHAS,AYACUCHO,3310,18.64905510894074,12.505109317378537,True,00003535,31.0,rural
692179,San Antonio,0,050605,0506,05,CHAVIÑA,LUCANAS,AYACUCHO,3848,,,False,,6.8,rural
662132,Huallo,0,050707,0507,05,SAN FRANCISCO DE RAVACAYCO,PARINACOCHAS,AYACUCHO,3219,33.88415055809428,21.507647141635488,True,00034073,44.5,rural
662607,Huancariri,0,050707,0507,05,SAN FRANCISCO DE RAVACAYCO,PARINACOCHAS,AYACUCHO,2941,17.756988476683254,17.483942108217995,True,00003530,52.2,rural
663841,Huanacoma,0,050704,0507,05,PACAPAUSA,PARINACOCHAS,AYACUCHO,3457,,,False,,294.6,rural
663842,Ccatamachay,0,050704,0507,05,PACAPAUSA,PARINACOCHAS,AYACUCHO,3846,,,False,,92.9,rural
663870,Ccunimucsa,0,050707,0507,05,SAN FRANCISCO DE RAVACAYCO,PARINACOCHAS,AYACUCHO,3966,,,False,,138.1,rural
663929,Tacctanca,0,050802,0508,05,COLTA,PAUCAR DEL SARA SARA,AYACUCHO,3780,22.926573082783047,18.923525544137533,True,00003699,239.4,rural
663931,Toccarpuquio,0,050806,0508,05,OYOLO,PAUCAR DEL SARA SARA,AYACUCHO,3174,20.821022035684397,13.141658401246653,True,00003699,22.1,rural
663933,Ccenchoccay,0,050805,0508,05,MARCABAMBA,PAUCAR DEL SARA SARA,AYACUCHO,2805,12.173148460158979,11.801839200108429,True,00003696,221.8,rural
663935,Yorac Orcco,0,050805,0508,05,MARCABAMBA,PAUCAR DEL SARA SARA,AYACUCHO,2525,1.0358530742962953,0.7284258770026333,True,00003696,189.1,rural
663942,Mallcco,0,050809,0508,05,SAN JOSE DE USHUA,PAUCAR DEL SARA SARA,AYACUCHO,2909,,,False,,20.6,rural
663943,Llaccabamba,0,050806,0508,05,OYOLO,PAUCAR DEL SARA SARA,AYACUCHO,3511,1.9222854144306554,1.2295527440010106,True,00003699,33.0,rural
663948,Yanacorral,0,050806,0508,05,OYOLO,PAUCAR DEL SARA SARA,AYACUCHO,4613,,,False,,65.4,rural
664263,Jatumpampa,0,050804,0508,05,LAMPA,PAUCAR DEL SARA SARA,AYACUCHO,2703,0.44314102086244067,0.22157051043122036,True,00003694,286.2,rural
664264,Patillayocc,0,050804,0508,05,LAMPA,PAUCAR DEL SARA SARA,AYACUCHO,2655,3.6306011813684558,1.815300590684228,True,00003694,298.8,rural
664265,Quichwalla,0,050804,0508,05,LAMPA,PAUCAR DEL SARA SARA,AYACUCHO,1868,5.951215918350203,3.6782514193258455,True,00003694,192.3,rural
538688,Cuycho Chico,0,050803,0508,05,CORCULLA,PAUCAR DEL SARA SARA,AYACUCHO,3670,28.780561804555578,19.088089563883305,True,00003699,18.7,rural
112141,Marcabamba,3,050805,0508,05,MARCABAMBA,PAUCAR DEL SARA SARA,AYACUCHO,2599,0.22526410757869084,0.16921141562872594,True,00003696,176.8,rural
524785,Lorca,0,050806,0508,05,OYOLO,PAUCAR DEL SARA SARA,AYACUCHO,2451,20.821022035684397,13.141658401246653,True,00003699,8.7,rural
544227,Huaycahuacho,0,050809,0508,05,SAN JOSE DE USHUA,PAUCAR DEL SARA SARA,AYACUCHO,2460,20.716304444408316,13.089299605608614,True,00003699,32.5,rural
545048,Orccanahua / Orccomahua,0,050809,0508,05,SAN JOSE DE USHUA,PAUCAR DEL SARA SARA,AYACUCHO,2931,20.50644716804699,13.572013139544252,True,00003699,61.0,rural
116389,Corculla,3,050803,0508,05,CORCULLA,PAUCAR DEL SARA SARA,AYACUCHO,3483,33.68086036457229,22.233179412744207,True,00003699,151.4,rural
115602,Uscaya,0,050803,0508,05,CORCULLA,PAUCAR DEL SARA SARA,AYACUCHO,3222,28.780561804555578,19.088089563883305,True,00003699,95.4,rural
615650,Ccahuisa,0,050809,0508,05,SAN JOSE DE USHUA,PAUCAR DEL SARA SARA,AYACUCHO,2876,21.790355822636847,14.143382206487503,True,00003699,100.7,rural
543207,Caraspampa,0,050801,0508,05,PAUSA,PAUCAR DEL SARA SARA,AYACUCHO,2454,17.024406218088277,15.303537126401675,True,00003694,1046.7,rural
239772,Collahua,0,050802,0508,05,COLTA,PAUCAR DEL SARA SARA,AYACUCHO,2864,,,False,,21.7,rural
550660,Allucay,0,050806,0508,05,OYOLO,PAUCAR DEL SARA SARA,AYACUCHO,3430,5.367236721943494,2.95202839775743,True,00003699,5.4,rural
240978,Jalacpampa Chico,0,050806,0508,05,OYOLO,PAUCAR DEL SARA SARA,AYACUCHO,3966,,,False,,46.0,rural
514033,Acrahuapa / Accahuata,0,050806,0508,05,OYOLO,PAUCAR DEL SARA SARA,AYACUCHO,2585,20.821022035684397,13.141658401246653,True,00003699,4.9,rural
220340,Liacabamba,0,050806,0508,05,OYOLO,PAUCAR DEL SARA SARA,AYACUCHO,2763,,,False,,2.6,rural
124873,Colcabamba,0,050804,0508,05,LAMPA,PAUCAR DEL SARA SARA,AYACUCHO,2634,3.6283893904883366,3.5148970399163884,True,00003696,547.1,rural
128766,Pacclla / Tarapata,0,050808,0508,05,SAN JAVIER DE ALPABAMBA,PAUCAR DEL SARA SARA,AYACUCHO,2683,9.380367634887925,8.60937192643537,True,00003696,55.4,rural
611750,Erapata,0,050805,0508,05,MARCABAMBA,PAUCAR DEL SARA SARA,AYACUCHO,2312,8.492164612119648,8.11184097415015,True,00003696,133.7,rural
610454,Antahuaycco,0,050808,0508,05,SAN JAVIER DE ALPABAMBA,PAUCAR DEL SARA SARA,AYACUCHO,2308,8.000136397669328,6.61534125860628,True,00003696,16.2,rural
119551,Huarcce,0,050806,0508,05,OYOLO,PAUCAR DEL SARA SARA,AYACUCHO,3351,17.093887663050737,12.898188450074587,True,00003699,8.1,rural
225268,Fillofillo,0,050802,0508,05,COLTA,PAUCAR DEL SARA SARA,AYACUCHO,3040,29.81971166178595,24.49562428607378,True,00003699,121.1,rural
523224,Huishui / Huishuire,0,050806,0508,05,OYOLO,PAUCAR DEL SARA SARA,AYACUCHO,3269,17.093887663050737,12.898188450074587,True,00003699,4.8,rural
517482,Laran Huasi,0,050806,0508,05,OYOLO,PAUCAR DEL SARA SARA,AYACUCHO,3184,0.5121593309187238,0.256079665459362,True,00003699,58.1,rural
538679,Quicacha,0,050802,0508,05,COLTA,PAUCAR DEL SARA SARA,AYACUCHO,2844,,,False,,106.0,rural
621620,Poccpocca,0,050802,0508,05,COLTA,PAUCAR DEL SARA SARA,AYACUCHO,3956,,,False,,186.2,rural
240068,Azufrilloc,0,050806,0508,05,OYOLO,PAUCAR DEL SARA SARA,AYACUCHO,3918,,,False,,14.8,rural
652538,Hurin Huayllas,0,050801,0508,05,PAUSA,PAUCAR DEL SARA SARA,AYACUCHO,2533,15.94320521570506,14.66516685673583,True,00003694,323.0,rural
127220,Pausa,2,050801,0508,05,PAUSA,PAUCAR DEL SARA SARA,AYACUCHO,2507,15.177430042693748,14.184234199740464,True,00003694,161.4,rural
310696,Polor,0,050707,0507,05,SAN FRANCISCO DE RAVACAYCO,PARINACOCHAS,AYACUCHO,3287,33.88415055809428,21.507647141635488,True,00034073,95.7,rural
239291,Marcasaya,0,050802,0508,05,COLTA,PAUCAR DEL SARA SARA,AYACUCHO,2771,,,False,,69.2,rural
129029,Llamucpampa,0,050802,0508,05,COLTA,PAUCAR DEL SARA SARA,AYACUCHO,3052,,,False,,211.0,rural
232192,Isla,0,050806,0508,05,OYOLO,PAUCAR DEL SARA SARA,AYACUCHO,3776,,,False,,84.5,rural
212537,Hacienda Piedra Blanca,0,050808,0508,05,SAN JAVIER DE ALPABAMBA,PAUCAR DEL SARA SARA,AYACUCHO,3109,17.756988476683254,17.483942108217995,True,00003530,52.8,rural
675850,Mutcani,0,050704,0507,05,PACAPAUSA,PARINACOCHAS,AYACUCHO,3647,,,False,,59.3,rural
675873,Yuracacco,0,050806,0508,05,OYOLO,PAUCAR DEL SARA SARA,AYACUCHO,4588,,,False,,73.6,rural
675874,Concunya,0,050808,0508,05,SAN JAVIER DE ALPABAMBA,PAUCAR DEL SARA SARA,AYACUCHO,2325,8.000136397669328,6.61534125860628,True,00003696,47.6,rural
675880,Ayasamachina,0,050804,0508,05,LAMPA,PAUCAR DEL SARA SARA,AYACUCHO,2789,2.277096385440875,1.9812721856740314,True,00003694,325.4,rural
677320,Huachcca,0,050806,0508,05,OYOLO,PAUCAR DEL SARA SARA,AYACUCHO,4463,,,False,,41.4,rural
677321,Manchaya,0,050803,0508,05,CORCULLA,PAUCAR DEL SARA SARA,AYACUCHO,3008,20.50644716804699,13.572013139544252,True,00003699,11.0,rural
677314,Vishinca,0,050806,0508,05,OYOLO,PAUCAR DEL SARA SARA,AYACUCHO,3817,,,False,,47.1,rural
677316,Añauso,0,050806,0508,05,OYOLO,PAUCAR DEL SARA SARA,AYACUCHO,3313,17.093887663050737,12.898188450074587,True,00003699,58.1,rural
677317,Millu,0,050806,0508,05,OYOLO,PAUCAR DEL SARA SARA,AYACUCHO,3717,0.9418859728402756,0.5262197018193271,True,00003699,36.0,rural
550995,Cuycho Grande,0,050803,0508,05,CORCULLA,PAUCAR DEL SARA SARA,AYACUCHO,3745,28.780561804555578,19.088089563883305,True,00003699,32.3,rural
620671,Vichusca,0,050803,0508,05,CORCULLA,PAUCAR DEL SARA SARA,AYACUCHO,3203,23.678002654973962,15.686383464162232,True,00003699,24.4,rural
220769,Accopampa,0,050806,0508,05,OYOLO,PAUCAR DEL SARA SARA,AYACUCHO,4825,,,False,,54.8,rural
613288,Terama,0,050806,0508,05,OYOLO,PAUCAR DEL SARA SARA,AYACUCHO,4527,,,False,,22.8,rural
621225,Mayramarca,0,050805,0508,05,MARCABAMBA,PAUCAR DEL SARA SARA,AYACUCHO,3029,12.083779124714574,11.679956299590426,True,00003696,62.0,rural
112870,Lucmani,0,050808,0508,05,SAN JAVIER DE ALPABAMBA,PAUCAR DEL SARA SARA,AYACUCHO,2852,,,False,,30.4,rural
224473,Puico,0,050806,0508,05,OYOLO,PAUCAR DEL SARA SARA,AYACUCHO,4625,,,False,,84.9,rural
510309,Chilloreta,0,050808,0508,05,SAN JAVIER DE ALPABAMBA,PAUCAR DEL SARA SARA,AYACUCHO,3637,,,False,,161.5,rural
537709,Quirahuaito,0,050707,0507,05,SAN FRANCISCO DE RAVACAYCO,PARINACOCHAS,AYACUCHO,2992,17.756988476683254,17.483942108217995,True,00003530,94.0,rural
523598,Jalcachay,0,050806,0508,05,OYOLO,PAUCAR DEL SARA SARA,AYACUCHO,4510,,,False,,23.4,rural
126351,Santa Rosa de Cascara,0,050707,0507,05,SAN FRANCISCO DE RAVACAYCO,PARINACOCHAS,AYACUCHO,2806,11.896272728606954,11.731270646792606,True,00003530,186.1,rural
525450,Chahuaya,0,050707,0507,05,SAN FRANCISCO DE RAVACAYCO,PARINACOCHAS,AYACUCHO,2913,8.451671883543343,8.286669801728996,True,00003530,58.7,rural
522967,Ccochapata,0,050707,0507,05,SAN FRANCISCO DE RAVACAYCO,PARINACOCHAS,AYACUCHO,2824,8.451671883543343,8.286669801728996,True,00003530,92.9,rural
615206,Cancalla,0,050707,0507,05,SAN FRANCISCO DE RAVACAYCO,PARINACOCHAS,AYACUCHO,4319,14.259753775429939,7.4271498239301925,True,00034073,121.1,rural
310230,Iscaypata,0,050806,0508,05,OYOLO,PAUCAR DEL SARA SARA,AYACUCHO,4573,2.5850933666248945,1.2925466833124475,True,00034073,156.2,rural
513448,Chacana,0,050806,0508,05,OYOLO,PAUCAR DEL SARA SARA,AYACUCHO,4605,49.101820377374366,32.73454691824958,True,00034073,30.9,rural
235592,Ojochailla,0,050704,0507,05,PACAPAUSA,PARINACOCHAS,AYACUCHO,3483,,,False,,128.0,rural
542039,Vicuña Ccocha,0,050704,0507,05,PACAPAUSA,PARINACOCHAS,AYACUCHO,3972,,,False,,273.1,rural
526722,Jirhuata,0,050806,0508,05,OYOLO,PAUCAR DEL SARA SARA,AYACUCHO,4578,,,False,,50.3,rural
516522,Antoyo Pallcca,0,050707,0507,05,SAN FRANCISCO DE RAVACAYCO,PARINACOCHAS,AYACUCHO,4416,20.26987289742426,10.13493644871213,True,00034073,70.5,rural
686382,Accochaiña,0,050802,0508,05,COLTA,PAUCAR DEL SARA SARA,AYACUCHO,4521,,,False,,168.0,rural
692206,Chancahuaña,0,050707,0507,05,SAN FRANCISCO DE RAVACAYCO,PARINACOCHAS,AYACUCHO,4494,8.132588946500505,4.066294473250253,True,00034073,49.4,rural
663356,La Maquina,0,050608,0506,05,LARAMATE,LUCANAS,AYACUCHO,749,43.12938080408596,41.14227363588668,True,00003684,122.2,rural
525320,Sauces,0,050610,0506,05,LLAUTA,LUCANAS,AYACUCHO,896,,,False,,44.5,rural
119807,Ahuacuna,0,050612,0506,05,OCAÑA,LUCANAS,AYACUCHO,3204,10.17375966053106,8.6435978882718,True,00003684,22.6,rural
663199,Camajayocc,0,050608,0506,05,LARAMATE,LUCANAS,AYACUCHO,2644,,,False,,24.3,rural
663200,Ccosñiccocha,0,050609,0506,05,LEONCIO PRADO,LUCANAS,AYACUCHO,2771,174.51329464156757,141.82101401374192,True,00003689,14.3,rural
663202,Huachalla,0,050609,0506,05,LEONCIO PRADO,LUCANAS,AYACUCHO,3048,185.81107431303508,149.4126805537474,True,00003689,17.2,rural
663204,Erapata,0,050609,0506,05,LEONCIO PRADO,LUCANAS,AYACUCHO,2687,178.52900343102445,143.82886840847036,True,00003689,7.1,rural
663207,Celele,0,050609,0506,05,LEONCIO PRADO,LUCANAS,AYACUCHO,2028,,,False,,14.4,rural
663208,Pucaloma,0,050609,0506,05,LEONCIO PRADO,LUCANAS,AYACUCHO,1815,,,False,,10.1,rural
663211,Chaca,0,050609,0506,05,LEONCIO PRADO,LUCANAS,AYACUCHO,2986,185.81107431303508,149.4126805537474,True,00003689,33.5,rural
663213,Jornada,0,050609,0506,05,LEONCIO PRADO,LUCANAS,AYACUCHO,3736,,,False,,101.4,rural
663219,Tarachayocc,0,050609,0506,05,LEONCIO PRADO,LUCANAS,AYACUCHO,2834,,,False,,11.5,rural
663220,Esquinapata,0,050609,0506,05,LEONCIO PRADO,LUCANAS,AYACUCHO,2741,108.50653257701448,104.84735314350739,True,00003720,22.2,rural
663225,Pumarangra,0,050609,0506,05,LEONCIO PRADO,LUCANAS,AYACUCHO,3540,53.165791301028115,58.922343560625755,True,00003720,115.0,rural
663226,Toma,0,050609,0506,05,LEONCIO PRADO,LUCANAS,AYACUCHO,1636,142.92243060326243,120.83945644519359,True,00003689,6.3,rural
570435,Tranca,0,050612,0506,05,OCAÑA,LUCANAS,AYACUCHO,2880,16.19492994026183,11.654183028137187,True,00003684,20.0,rural
226566,Tinco,0,050613,0506,05,OTOCA,LUCANAS,AYACUCHO,1821,1.1007705355808157,0.9093079974023471,True,00003689,13.3,rural
656697,Agua Perdida Chica,0,050612,0506,05,OCAÑA,LUCANAS,AYACUCHO,1018,,,False,,57.3,rural
662328,Asiento,0,050609,0506,05,LEONCIO PRADO,LUCANAS,AYACUCHO,1215,,,False,,4.1,rural
662367,Santiago,0,050609,0506,05,LEONCIO PRADO,LUCANAS,AYACUCHO,2682,79.94424200886033,82.84100101102018,True,00003720,79.2,rural
662368,Flor de Huallhua,0,050609,0506,05,LEONCIO PRADO,LUCANAS,AYACUCHO,2416,79.01585210112489,86.03989516542829,True,00003720,26.7,rural
662597,Suyto Occo,0,050618,0506,05,SAN PEDRO DE PALCO,LUCANAS,AYACUCHO,4037,,,False,,50.9,rural
663349,Huayocco,0,050612,0506,05,OCAÑA,LUCANAS,AYACUCHO,2521,,,False,,35.9,rural
663354,Galluyoc Chico,0,050612,0506,05,OCAÑA,LUCANAS,AYACUCHO,837,40.50416829724916,38.954596546856,True,00003684,22.0,rural
663355,Caracol,0,050612,0506,05,OCAÑA,LUCANAS,AYACUCHO,1338,58.25571988462854,49.63948746021351,True,00003684,45.0,rural
663362,Ñuñonga,0,050609,0506,05,LEONCIO PRADO,LUCANAS,AYACUCHO,3912,85.06165641258356,46.06203871661851,True,00003689,28.4,rural
663364,Patancancha,0,050613,0506,05,OTOCA,LUCANAS,AYACUCHO,3353,43.68353296567161,25.372976993162528,True,00003689,54.0,rural
663365,Sillaccasa,0,050613,0506,05,OTOCA,LUCANAS,AYACUCHO,3093,52.3813716555226,29.721896338088023,True,00003689,38.3,rural
663372,Yanarume,0,050613,0506,05,OTOCA,LUCANAS,AYACUCHO,2870,21.324396622749383,14.232502373425163,True,00003689,174.9,rural
663374,Pisccorume,0,050613,0506,05,OTOCA,LUCANAS,AYACUCHO,3636,,,False,,66.3,rural
663375,Chilcapuquio,0,050613,0506,05,OTOCA,LUCANAS,AYACUCHO,3318,44.713782283157315,28.20052919176117,True,00003689,82.6,rural
663381,Bolillo,0,050613,0506,05,OTOCA,LUCANAS,AYACUCHO,1854,0.20024372012372535,0.13037667570281694,True,00003689,47.5,rural
663382,Matarayocc,0,050613,0506,05,OTOCA,LUCANAS,AYACUCHO,2114,6.483465093337389,4.0565976106857216,True,00003689,38.8,rural
663474,Herrana,0,050621,0506,05,SANTA LUCIA,LUCANAS,AYACUCHO,2956,,,False,,20.0,rural
664223,Qello Sancco,0,050618,0506,05,SAN PEDRO DE PALCO,LUCANAS,AYACUCHO,3915,,,False,,35.4,rural
664225,Totora Ccasa,0,050618,0506,05,SAN PEDRO DE PALCO,LUCANAS,AYACUCHO,3461,49.56868933282824,36.83322190519269,True,00003689,4.9,rural
664226,Era Pata,0,050618,0506,05,SAN PEDRO DE PALCO,LUCANAS,AYACUCHO,3422,50.223738021336175,37.16074624944665,True,00003689,18.5,rural
664227,Ccantu Pucro,0,050618,0506,05,SAN PEDRO DE PALCO,LUCANAS,AYACUCHO,3479,49.05385088352486,36.57222761221725,True,00003689,4.4,rural
664231,San Francisco,0,050618,0506,05,SAN PEDRO DE PALCO,LUCANAS,AYACUCHO,3636,59.64622922130013,41.871991849428625,True,00003689,13.6,rural
664236,Pichcca Puquio,0,050618,0506,05,SAN PEDRO DE PALCO,LUCANAS,AYACUCHO,3351,54.63490799410207,38.7859182594187,True,00003689,76.4,rural
664245,Ccello Ccasa I,0,050618,0506,05,SAN PEDRO DE PALCO,LUCANAS,AYACUCHO,3939,,,False,,35.2,rural
664287,Locchopuquio,0,050612,0506,05,OCAÑA,LUCANAS,AYACUCHO,3171,25.862232127690167,19.6809285355166,True,00003684,53.7,rural
544101,Viscas,0,050612,0506,05,OCAÑA,LUCANAS,AYACUCHO,1282,31.72149707894208,31.635703864933436,True,00003684,19.0,rural
538424,Pauchulla,0,050612,0506,05,OCAÑA,LUCANAS,AYACUCHO,3093,,,False,,57.6,rural
310002,Sillaccasapampa,0,050621,0506,05,SANTA LUCIA,LUCANAS,AYACUCHO,2264,,,False,,19.9,rural
111825,Patahuasi,0,050613,0506,05,OTOCA,LUCANAS,AYACUCHO,3382,31.297660370692764,23.008027743866435,True,00003684,58.9,rural
119954,Pacucha,0,050618,0506,05,SAN PEDRO DE PALCO,LUCANAS,AYACUCHO,3628,59.46217114742948,41.77996281249331,True,00003689,16.6,rural
675133,Mina Banco,0,050613,0506,05,OTOCA,LUCANAS,AYACUCHO,1877,1.1007705355808157,0.9093079974023471,True,00003689,6.3,rural
675135,Pucapampa la Rinconada,0,050613,0506,05,OTOCA,LUCANAS,AYACUCHO,1772,,,False,,59.0,rural
676640,Mala Yerva,0,050618,0506,05,SAN PEDRO DE PALCO,LUCANAS,AYACUCHO,3694,50.10955940362828,37.10365694059271,True,00003689,25.0,rural
677440,Besica,0,050621,0506,05,SANTA LUCIA,LUCANAS,AYACUCHO,2670,101.3914237432851,97.09917492088374,True,00003720,6.5,rural
677905,Caspi Corral,0,050609,0506,05,LEONCIO PRADO,LUCANAS,AYACUCHO,2142,,,False,,34.8,rural
677907,Lloracc Pampa,0,050609,0506,05,LEONCIO PRADO,LUCANAS,AYACUCHO,3724,,,False,,82.2,rural
677908,Llaccta Yocc,0,050609,0506,05,LEONCIO PRADO,LUCANAS,AYACUCHO,2816,,,False,,22.3,rural
677909,Chaupi Loma,0,050609,0506,05,LEONCIO PRADO,LUCANAS,AYACUCHO,2890,79.55401187488883,82.58084758837254,True,00003720,54.3,rural
677913,Olloca,0,050609,0506,05,LEONCIO PRADO,LUCANAS,AYACUCHO,2693,173.52364082818352,141.24026326180768,True,00003689,7.9,rural
677917,Ullimonte,0,050609,0506,05,LEONCIO PRADO,LUCANAS,AYACUCHO,1237,,,False,,0.6,rural
679251,Layco,0,050613,0506,05,OTOCA,LUCANAS,AYACUCHO,1108,32.24008885815386,26.06894589101162,True,00003689,53.5,rural
680074,Rodeone,0,050618,0506,05,SAN PEDRO DE PALCO,LUCANAS,AYACUCHO,3414,49.54759265645826,36.8226735670077,True,00003689,39.5,rural
680075,Itana Yocc,0,050618,0506,05,SAN PEDRO DE PALCO,LUCANAS,AYACUCHO,3238,,,False,,5.1,rural
680397,Angostura,0,050608,0506,05,LARAMATE,LUCANAS,AYACUCHO,1056,31.751744931614304,31.660910408826958,True,00003684,57.7,rural
681016,Chacra Chacra,0,050612,0506,05,OCAÑA,LUCANAS,AYACUCHO,2916,34.1785696813872,28.4637843087186,True,00003689,28.5,rural
681018,Campamento,0,050612,0506,05,OCAÑA,LUCANAS,AYACUCHO,3139,10.17375966053106,8.6435978882718,True,00003684,3.3,rural
213815,Apacheta,0,050613,0506,05,OTOCA,LUCANAS,AYACUCHO,1248,,,False,,112.7,rural
122763,Chirimoyo,0,050613,0506,05,OTOCA,LUCANAS,AYACUCHO,1165,29.870706732549056,24.884254828209215,True,00003689,50.3,rural
244556,Mina Yapana,0,050612,0506,05,OCAÑA,LUCANAS,AYACUCHO,873,88.52293202090674,68.29129958872798,True,00003689,63.9,rural
537500,Urituyoc / Uriquyocc,0,050621,0506,05,SANTA LUCIA,LUCANAS,AYACUCHO,2926,,,False,,31.5,rural
542299,Illcay,0,050621,0506,05,SANTA LUCIA,LUCANAS,AYACUCHO,2303,,,False,,8.0,rural
235579,Chacuara,0,050609,0506,05,LEONCIO PRADO,LUCANAS,AYACUCHO,2290,82.82461369029754,87.7576216033047,True,00003720,44.1,rural
510645,Latacsos,0,050621,0506,05,SANTA LUCIA,LUCANAS,AYACUCHO,2271,124.21051708985051,112.35185106501368,True,00003720,9.6,rural
545891,Chanyo,0,050621,0506,05,SANTA LUCIA,LUCANAS,AYACUCHO,2631,,,False,,6.6,rural
616550,Leuchujaja,0,050621,0506,05,SANTA LUCIA,LUCANAS,AYACUCHO,2625,131.06096270254156,116.9188148068077,True,00003720,30.8,rural
126205,Caja,0,050621,0506,05,SANTA LUCIA,LUCANAS,AYACUCHO,2718,101.31505734656594,97.06099172252415,True,00003720,23.6,rural
533656,Apo,0,050621,0506,05,SANTA LUCIA,LUCANAS,AYACUCHO,2574,117.03476116175972,107.5680137796198,True,00003720,11.0,rural
310546,Vecega,0,050621,0506,05,SANTA LUCIA,LUCANAS,AYACUCHO,2146,,,False,,25.0,rural
127390,Uchuytambo,0,050621,0506,05,SANTA LUCIA,LUCANAS,AYACUCHO,2689,129.36123963734076,115.75222290662694,True,00003720,23.5,rural
310331,Marayniyoc,0,050613,0506,05,OTOCA,LUCANAS,AYACUCHO,3088,57.44026478497243,35.41202677692987,True,00003689,44.1,rural
623166,San Vicente,0,050612,0506,05,OCAÑA,LUCANAS,AYACUCHO,1904,115.11860304672742,81.58913510163833,True,00003689,94.1,rural
515323,Huantana,0,050621,0506,05,SANTA LUCIA,LUCANAS,AYACUCHO,2955,,,False,,12.8,rural
612033,La Revuelta,0,050612,0506,05,OCAÑA,LUCANAS,AYACUCHO,1797,,,False,,20.8,rural
219282,Patarraya Chico / Pataraya Grande,0,050609,0506,05,LEONCIO PRADO,LUCANAS,AYACUCHO,1309,,,False,,12.8,rural
523356,Taral Chico,0,050609,0506,05,LEONCIO PRADO,LUCANAS,AYACUCHO,2240,,,False,,16.3,rural
528445,Manzanayocc,0,050609,0506,05,LEONCIO PRADO,LUCANAS,AYACUCHO,3193,,,False,,39.1,rural
536720,Paltoyocc,0,050609,0506,05,LEONCIO PRADO,LUCANAS,AYACUCHO,1441,133.8131480140121,114.76660138569339,True,00003689,4.4,rural
310271,Jejatuyoc,0,050609,0506,05,LEONCIO PRADO,LUCANAS,AYACUCHO,2212,170.62857493446612,139.31021933266274,True,00003689,10.7,rural
241616,Calla,0,050613,0506,05,OTOCA,LUCANAS,AYACUCHO,2722,53.410622745007885,33.397205756947606,True,00003689,38.8,rural
626983,Chocahuala,0,050609,0506,05,LEONCIO PRADO,LUCANAS,AYACUCHO,2600,105.96023936139785,103.5947339683802,True,00003720,54.9,rural
113964,Pirca,0,050609,0506,05,LEONCIO PRADO,LUCANAS,AYACUCHO,1718,142.92243060326243,120.83945644519359,True,00003689,14.0,rural
250474,Quishuarnioc,0,050609,0506,05,LEONCIO PRADO,LUCANAS,AYACUCHO,3232,,,False,,56.9,rural
511453,Anyay,0,050609,0506,05,LEONCIO PRADO,LUCANAS,AYACUCHO,2766,178.52900343102445,143.82886840847036,True,00003689,2.4,rural
310023,Parej,0,050609,0506,05,LEONCIO PRADO,LUCANAS,AYACUCHO,2681,175.53782392118538,142.26426044354557,True,00003689,13.1,rural
118241,Uchuymarca,0,050609,0506,05,LEONCIO PRADO,LUCANAS,AYACUCHO,2693,173.6250746396053,141.30788580275552,True,00003689,3.6,rural
233589,Lloquepampa,0,050609,0506,05,LEONCIO PRADO,LUCANAS,AYACUCHO,3169,,,False,,64.4,rural
241567,Mina Apacheta,0,050612,0506,05,OCAÑA,LUCANAS,AYACUCHO,1042,,,False,,70.0,rural
250199,Putca Aguada,0,050609,0506,05,LEONCIO PRADO,LUCANAS,AYACUCHO,3687,,,False,,52.2,rural
211606,Muyocpampa,0,050613,0506,05,OTOCA,LUCANAS,AYACUCHO,1438,19.621177060982536,16.342980101903784,True,00003689,154.2,rural
220662,Minas Diluvio,0,050613,0506,05,OTOCA,LUCANAS,AYACUCHO,2664,32.55501790376492,23.573792576825667,True,00003689,50.1,rural
240342,Huayuchayoc,0,050613,0506,05,OTOCA,LUCANAS,AYACUCHO,2942,38.62068702265683,26.996890292197968,True,00003689,31.7,rural
231532,Hushpahuaycco,0,050609,0506,05,LEONCIO PRADO,LUCANAS,AYACUCHO,3935,,,False,,52.0,rural
114641,Pacaypata,0,050613,0506,05,OTOCA,LUCANAS,AYACUCHO,2607,36.33090866449225,25.46173795718933,True,00003689,23.2,rural
240889,Ñuñuja,0,050609,0506,05,LEONCIO PRADO,LUCANAS,AYACUCHO,3940,85.06165641258356,46.06203871661851,True,00003689,39.5,rural
231356,Minas Veluyo,0,050613,0506,05,OTOCA,LUCANAS,AYACUCHO,2354,,,False,,67.0,rural
524573,Tojrahuasi / Taccrahuasi,0,050613,0506,05,OTOCA,LUCANAS,AYACUCHO,3661,,,False,,140.3,rural
121469,Lamblama,0,050613,0506,05,OTOCA,LUCANAS,AYACUCHO,2609,55.26661118375845,34.99250315039928,True,00003684,33.7,rural
626202,Lomo de Camello Alto,0,050612,0506,05,OCAÑA,LUCANAS,AYACUCHO,1833,113.97146429337461,81.01556572496192,True,00003689,75.7,rural
250426,Alaucana,0,050613,0506,05,OTOCA,LUCANAS,AYACUCHO,1532,17.872392250470586,14.88565942647716,True,00003689,72.4,rural
238138,Curtiduria,0,050613,0506,05,OTOCA,LUCANAS,AYACUCHO,1788,,,False,,40.1,rural
221896,Pisacalla,0,050613,0506,05,OTOCA,LUCANAS,AYACUCHO,3241,41.54268888856045,28.13054200280028,True,00003684,86.1,rural
229652,Mina Yori,0,050612,0506,05,OCAÑA,LUCANAS,AYACUCHO,1483,105.5283049236841,76.79398604011665,True,00003689,26.7,rural
541129,Luclo,0,050613,0506,05,OTOCA,LUCANAS,AYACUCHO,1999,1.1007705355808157,0.9093079974023471,True,00003689,16.8,rural
510490,Zaruiza,0,050613,0506,05,OTOCA,LUCANAS,AYACUCHO,2652,25.14928350028775,16.1058522604706,True,00003689,37.5,rural
622771,Hachachi,0,050613,0506,05,OTOCA,LUCANAS,AYACUCHO,2288,10.141988540568802,5.885859334301427,True,00003689,40.3,rural
610651,Ccochaccocha,0,050613,0506,05,OTOCA,LUCANAS,AYACUCHO,2668,25.14928350028775,16.1058522604706,True,00003689,49.2,rural
125041,Otoca,3,050613,0506,05,OTOCA,LUCANAS,AYACUCHO,1800,0.5005164874851911,0.2969055834337632,True,00003689,89.3,rural
517846,Relave,0,050613,0506,05,OTOCA,LUCANAS,AYACUCHO,1977,0.20024372012372535,0.13037667570281694,True,00003689,15.6,rural
214598,Huancapampa,0,050613,0506,05,OTOCA,LUCANAS,AYACUCHO,1965,4.691490700955267,3.16061041449466,True,00003689,20.2,rural
125808,Abasniyocc,0,050613,0506,05,OTOCA,LUCANAS,AYACUCHO,2424,55.26661118375845,34.99250315039928,True,00003684,40.1,rural
216616,Mollepampa,0,050612,0506,05,OCAÑA,LUCANAS,AYACUCHO,2122,,,False,,101.3,rural
547758,Rinconada,0,050613,0506,05,OTOCA,LUCANAS,AYACUCHO,2302,20.69880179549523,13.832151144187966,True,00003689,102.2,rural
519472,La Toma,0,050613,0506,05,OTOCA,LUCANAS,AYACUCHO,3163,36.89272498121832,24.290000540791674,True,00003689,103.7,rural
227715,Serenayoc,0,050612,0506,05,OCAÑA,LUCANAS,AYACUCHO,2656,21.718446357287693,14.245934311052272,True,00003684,19.3,rural
129912,Aguada Grande,0,050612,0506,05,OCAÑA,LUCANAS,AYACUCHO,2487,,,False,,40.4,rural
113135,Carniceria,0,050613,0506,05,OTOCA,LUCANAS,AYACUCHO,1921,5.874519039344238,4.895432532786866,True,00003689,141.9,rural
120489,Jotone,0,050613,0506,05,OTOCA,LUCANAS,AYACUCHO,3128,,,False,,50.3,rural
239866,Yurajaja,0,050613,0506,05,OTOCA,LUCANAS,AYACUCHO,3579,67.5011212486146,39.59419867448982,True,00003689,162.6,rural
129247,Chiriaco,0,050613,0506,05,OTOCA,LUCANAS,AYACUCHO,2946,21.91852137937085,14.345971822093848,True,00003684,52.4,rural
536646,Pocpoca,0,050612,0506,05,OCAÑA,LUCANAS,AYACUCHO,3006,12.622249390691138,9.867842753351841,True,00003684,4.1,rural
127971,San Pedro de Palco,3,050618,0506,05,SAN PEDRO DE PALCO,LUCANAS,AYACUCHO,2506,22.438334036087845,18.69584087448873,True,00003689,76.6,rural
116027,Sanchupucro Jalanja,0,050613,0506,05,OTOCA,LUCANAS,AYACUCHO,3274,33.38132035607492,24.04985773655752,True,00003684,55.4,rural
535401,Jajiansa,0,050613,0506,05,OTOCA,LUCANAS,AYACUCHO,3151,26.588268105635205,21.39579978666774,True,00003684,58.9,rural
243777,Echoca,0,050618,0506,05,SAN PEDRO DE PALCO,LUCANAS,AYACUCHO,2406,22.56592659258474,18.77587024204013,True,00003689,75.4,rural
520163,Calalo,0,050618,0506,05,SAN PEDRO DE PALCO,LUCANAS,AYACUCHO,2517,22.677804176568934,18.76458890881926,True,00003689,78.9,rural
124190,Angostura,0,050612,0506,05,OCAÑA,LUCANAS,AYACUCHO,3214,,,False,,67.7,rural
539445,Tihuayno,0,050618,0506,05,SAN PEDRO DE PALCO,LUCANAS,AYACUCHO,3514,,,False,,48.8,rural
241781,Uchumisca,0,050613,0506,05,OTOCA,LUCANAS,AYACUCHO,3370,33.30556106509568,24.011978091067895,True,00003684,41.3,rural
221747,Sachabamba,0,050612,0506,05,OCAÑA,LUCANAS,AYACUCHO,1734,,,False,,61.5,rural
613649,Saccsanco,0,050618,0506,05,SAN PEDRO DE PALCO,LUCANAS,AYACUCHO,2787,34.29255849028792,26.73136601672595,True,00003689,30.0,rural
613146,Huaylacucho,0,050612,0506,05,OCAÑA,LUCANAS,AYACUCHO,3463,,,False,,90.5,rural
111426,Huahuayansa,0,050618,0506,05,SAN PEDRO DE PALCO,LUCANAS,AYACUCHO,3020,34.29255849028792,26.73136601672595,True,00003689,2.9,rural
619171,Casa Blanca,0,050612,0506,05,OCAÑA,LUCANAS,AYACUCHO,2867,34.64426463633586,28.768447622842505,True,00003689,46.9,rural
119336,Tiracanchi,0,050612,0506,05,OCAÑA,LUCANAS,AYACUCHO,3277,18.68239870645478,16.091011824898906,True,00003684,68.1,rural
126499,Lucmayoc,0,050612,0506,05,OCAÑA,LUCANAS,AYACUCHO,2560,,,False,,51.9,rural
246634,Culilay,0,050612,0506,05,OCAÑA,LUCANAS,AYACUCHO,2681,0.32043891554681764,0.267032429622348,True,00003684,84.8,rural
616758,Jochalla,0,050612,0506,05,OCAÑA,LUCANAS,AYACUCHO,2893,34.64426463633586,28.768447622842505,True,00003689,29.8,rural
231454,Chipchile,0,050612,0506,05,OCAÑA,LUCANAS,AYACUCHO,2583,1.3256047779382436,1.2701354861111185,True,00003684,35.1,rural
516168,Huacarpampa,0,050618,0506,05,SAN PEDRO DE PALCO,LUCANAS,AYACUCHO,3104,34.682557864572,26.926365703867994,True,00003689,10.0,rural
242674,Higosnioc,0,050612,0506,05,OCAÑA,LUCANAS,AYACUCHO,1781,13.666194874846726,12.688901398199926,True,00003684,17.7,rural
116297,Sonconche / San Pedro de Sonconche,0,050612,0506,05,OCAÑA,LUCANAS,AYACUCHO,2914,34.1545583708578,28.421930891153668,True,00003689,40.2,rural
686204,Ranramocco,0,050608,0506,05,LARAMATE,LUCANAS,AYACUCHO,1947,,,False,,5.3,rural
686255,Casa Blanca,0,050612,0506,05,OCAÑA,LUCANAS,AYACUCHO,3050,8.184855731690526,7.02817533531058,True,00003684,84.6,rural
686265,Chilcapuquio,0,050613,0506,05,OTOCA,LUCANAS,AYACUCHO,3354,31.138466715689653,22.928430916364878,True,00003684,30.4,rural
686269,Pampa Hocco,0,050613,0506,05,OTOCA,LUCANAS,AYACUCHO,2972,,,False,,32.1,rural
686302,Mauca Llacta,0,050621,0506,05,SANTA LUCIA,LUCANAS,AYACUCHO,2779,129.46985348619745,115.80652983105527,True,00003720,30.1,rural
692194,Palaco,0,050613,0506,05,OTOCA,LUCANAS,AYACUCHO,1889,4.691490700955267,3.16061041449466,True,00003689,4.3,rural
222641,Totora,0,050609,0506,05,LEONCIO PRADO,LUCANAS,AYACUCHO,3827,60.16297595524091,59.802399506545896,True,00003720,63.7,rural
662185,Ccelluaccasa,0,050611,0506,05,LUCANAS,LUCANAS,AYACUCHO,3750,40.533293923252955,23.291909645951215,True,00003720,6.0,rural
662187,Ccasa Corral,0,050611,0506,05,LUCANAS,LUCANAS,AYACUCHO,3964,,,False,,19.5,rural
662190,Ccaracha,0,050611,0506,05,LUCANAS,LUCANAS,AYACUCHO,3709,53.50188591797382,29.77620564331165,True,00003720,18.5,rural
662325,Jerusalen,0,050611,0506,05,LUCANAS,LUCANAS,AYACUCHO,3050,7.358651812599769,6.439345812208044,True,00003720,0.0,rural
662457,Moyalla,0,050601,0506,05,PUQUIO,LUCANAS,AYACUCHO,3407,4.9283785086411775,2.8877530451089304,True,00032252,34.7,rural
662458,Atun Huatechayoc,0,050601,0506,05,PUQUIO,LUCANAS,AYACUCHO,2886,4.565188275120408,2.389107190665345,True,00011438,338.8,rural
662603,Tampatampa,0,050619,0506,05,SANCOS,LUCANAS,AYACUCHO,3995,,,False,,24.8,rural
662929,Llajtani,0,050601,0506,05,PUQUIO,LUCANAS,AYACUCHO,3767,16.758666281081194,19.506644892787723,True,00003727,97.1,rural
662932,Pallcca,0,050604,0506,05,CARMEN SALCEDO,LUCANAS,AYACUCHO,4248,,,False,,237.3,rural
662939,Rurun Rumi,0,050604,0506,05,CARMEN SALCEDO,LUCANAS,AYACUCHO,4356,,,False,,165.8,rural
662940,Suyun Puquio,0,050601,0506,05,PUQUIO,LUCANAS,AYACUCHO,4309,,,False,,86.7,rural
662941,A Corral,0,050601,0506,05,PUQUIO,LUCANAS,AYACUCHO,4257,,,False,,56.4,rural
662946,Aylana,0,050601,0506,05,PUQUIO,LUCANAS,AYACUCHO,4100,23.939649444065246,27.88445858293578,True,00003727,34.4,rural
662948,Ccechiocca,0,050601,0506,05,PUQUIO,LUCANAS,AYACUCHO,4219,,,False,,69.0,rural
662950,Cuncacha Ccata,0,050601,0506,05,PUQUIO,LUCANAS,AYACUCHO,3921,,,False,,50.3,rural
662951,Cce Ccaña,0,050601,0506,05,PUQUIO,LUCANAS,AYACUCHO,4261,31.065076669642085,34.031160544223404,True,00003727,39.9,rural
662959,Marcaya,0,050601,0506,05,PUQUIO,LUCANAS,AYACUCHO,3171,5.207929120295584,6.075917307011514,True,00027735,62.7,rural
662965,Ccoypallocc,0,050601,0506,05,PUQUIO,LUCANAS,AYACUCHO,3398,8.161812541282817,7.927634291719906,True,00027735,114.9,rural
662968,Ccachu Ccachu,0,050601,0506,05,PUQUIO,LUCANAS,AYACUCHO,4112,23.013535163239418,26.80399192197231,True,00003727,145.0,rural
662973,Orcconcancha,0,050601,0506,05,PUQUIO,LUCANAS,AYACUCHO,3406,12.457934452945702,14.534256861769986,True,00027735,147.5,rural
662998,Usccamarca,0,050604,0506,05,CARMEN SALCEDO,LUCANAS,AYACUCHO,4171,,,False,,186.1,rural
662999,Chujuychu,0,050604,0506,05,CARMEN SALCEDO,LUCANAS,AYACUCHO,3610,20.364910129318087,21.162903752126635,True,00003713,147.7,rural
663004,Chaupiccocha,0,050604,0506,05,CARMEN SALCEDO,LUCANAS,AYACUCHO,4214,,,False,,113.4,rural
663005,Bellido Pampa,0,050604,0506,05,CARMEN SALCEDO,LUCANAS,AYACUCHO,4050,,,False,,197.1,rural
663014,Curine,0,050605,0506,05,CHAVIÑA,LUCANAS,AYACUCHO,4149,17.624628272579947,20.45542149303455,True,00003513,35.4,rural
663019,Yana Orcco,0,050605,0506,05,CHAVIÑA,LUCANAS,AYACUCHO,3698,45.15887714893135,26.990770549059405,True,00003513,107.7,rural
663071,Hueccruna,0,050604,0506,05,CARMEN SALCEDO,LUCANAS,AYACUCHO,4148,,,False,,425.4,rural
663281,Putitancca,0,050611,0506,05,LUCANAS,LUCANAS,AYACUCHO,3525,,,False,,16.2,rural
663285,Taya Pata,0,050611,0506,05,LUCANAS,LUCANAS,AYACUCHO,3571,,,False,,6.5,rural
663287,Salla,0,050611,0506,05,LUCANAS,LUCANAS,AYACUCHO,3349,,,False,,9.3,rural
663288,Wichccapata,0,050611,0506,05,LUCANAS,LUCANAS,AYACUCHO,3934,32.79067516827843,19.420600268463954,True,00003720,22.4,rural
663292,Potrero Punco,0,050611,0506,05,LUCANAS,LUCANAS,AYACUCHO,3690,,,False,,2.9,rural
663293,Misqui Puquio,0,050611,0506,05,LUCANAS,LUCANAS,AYACUCHO,3438,10.816015335937282,7.666742092477018,True,00003720,52.5,rural
663295,Uskilla,0,050611,0506,05,LUCANAS,LUCANAS,AYACUCHO,4125,,,False,,40.5,rural
663299,Pala Pampa,0,050611,0506,05,LUCANAS,LUCANAS,AYACUCHO,3484,10.955536019578652,7.682667926961728,True,00003720,81.4,rural
663300,Chonta Marca,0,050611,0506,05,LUCANAS,LUCANAS,AYACUCHO,3252,9.655170856592544,10.721893740827715,True,00003720,27.9,rural
663301,San Martin de Varo,0,050611,0506,05,LUCANAS,LUCANAS,AYACUCHO,3084,5.694527941121407,6.388374272103642,True,00003720,81.0,rural
663306,Sayacc Machay,0,050611,0506,05,LUCANAS,LUCANAS,AYACUCHO,3736,,,False,,101.6,rural
663307,Pocara,0,050611,0506,05,LUCANAS,LUCANAS,AYACUCHO,3728,,,False,,11.0,rural
663310,Tarachayocc,0,050611,0506,05,LUCANAS,LUCANAS,AYACUCHO,3031,6.267519297317494,5.711924135353195,True,00003720,24.2,rural
663311,Huallge,0,050611,0506,05,LUCANAS,LUCANAS,AYACUCHO,3072,7.358651812599769,6.439345812208044,True,00003720,12.4,rural
663318,Azul Ccasa,0,050611,0506,05,LUCANAS,LUCANAS,AYACUCHO,3948,,,False,,22.6,rural
663322,Puchon,0,050611,0506,05,LUCANAS,LUCANAS,AYACUCHO,3400,2.603195993969996,2.862350164501713,True,00003720,250.6,rural
663399,Ccerccocha,0,050614,0506,05,SAISA,LUCANAS,AYACUCHO,3605,,,False,,53.1,rural
663419,Silguiruyocc,0,050615,0506,05,SAN CRISTOBAL,LUCANAS,AYACUCHO,3780,,,False,,113.2,rural
663420,Chillhua,0,050615,0506,05,SAN CRISTOBAL,LUCANAS,AYACUCHO,3739,,,False,,28.4,rural
663422,Ccellochico,0,050615,0506,05,SAN CRISTOBAL,LUCANAS,AYACUCHO,3716,,,False,,21.5,rural
663423,Papachacra,0,050615,0506,05,SAN CRISTOBAL,LUCANAS,AYACUCHO,3413,,,False,,71.6,rural
663427,Uteccpampa,0,050615,0506,05,SAN CRISTOBAL,LUCANAS,AYACUCHO,3537,0.8268883058492621,0.43281961239269817,True,00003725,572.1,rural
663428,Occekichcayocc,0,050615,0506,05,SAN CRISTOBAL,LUCANAS,AYACUCHO,3473,,,False,,452.3,rural
663440,Manchana,0,050615,0506,05,SAN CRISTOBAL,LUCANAS,AYACUCHO,3248,60.0982856505068,31.973728663257177,True,00003725,94.4,rural
663442,Llullucha,0,050615,0506,05,SAN CRISTOBAL,LUCANAS,AYACUCHO,3498,44.40788201796091,24.128526846984222,True,00003725,12.6,rural
663445,Salla Cancha,0,050615,0506,05,SAN CRISTOBAL,LUCANAS,AYACUCHO,3558,,,False,,12.0,rural
663448,Yuraccmocco,0,050615,0506,05,SAN CRISTOBAL,LUCANAS,AYACUCHO,2707,,,False,,23.5,rural
663453,Tampa,0,050615,0506,05,SAN CRISTOBAL,LUCANAS,AYACUCHO,2036,,,False,,6.0,rural
663454,Quilca,0,050615,0506,05,SAN CRISTOBAL,LUCANAS,AYACUCHO,1917,,,False,,38.5,rural
668228,Ojotuco,0,050601,0506,05,PUQUIO,LUCANAS,AYACUCHO,3178,2.382746923365917,1.6602249052390583,True,00020940,266.1,rural
218463,Pallaccacancha,0,050611,0506,05,LUCANAS,LUCANAS,AYACUCHO,4029,,,False,,33.8,rural
679122,Ripas Pata,0,050611,0506,05,LUCANAS,LUCANAS,AYACUCHO,2931,7.358651812599769,6.439345812208044,True,00003720,16.8,rural
310685,Pucruhuasi,0,050617,0506,05,SAN PEDRO,LUCANAS,AYACUCHO,3803,,,False,,32.5,rural
228057,Ccallane,0,050603,0506,05,CABANA,LUCANAS,AYACUCHO,4265,,,False,,59.4,rural
663249,Iruro,0,050611,0506,05,LUCANAS,LUCANAS,AYACUCHO,4100,88.68373143248498,47.36712840056723,True,00003720,17.9,rural
663265,Lumitay,0,050611,0506,05,LUCANAS,LUCANAS,AYACUCHO,4194,,,False,,123.3,rural
663266,Capillapata,0,050611,0506,05,LUCANAS,LUCANAS,AYACUCHO,3966,49.68917292933535,27.86984914899241,True,00003720,19.3,rural
663271,Tastapata,0,050611,0506,05,LUCANAS,LUCANAS,AYACUCHO,3689,,,False,,40.8,rural
663272,Urumana,0,050611,0506,05,LUCANAS,LUCANAS,AYACUCHO,3458,40.63596736030312,23.343246364476293,True,00003720,6.7,rural
663275,Pucaccasa,0,050611,0506,05,LUCANAS,LUCANAS,AYACUCHO,3638,,,False,,5.4,rural
663276,Yanaccollpa,0,050611,0506,05,LUCANAS,LUCANAS,AYACUCHO,3688,25.626634417873245,15.838579893261358,True,00003720,45.6,rural
663278,Acchipahuachanan,0,050611,0506,05,LUCANAS,LUCANAS,AYACUCHO,3506,,,False,,21.4,rural
612529,Tayaccasa,0,050615,0506,05,SAN CRISTOBAL,LUCANAS,AYACUCHO,3877,,,False,,86.6,rural
222141,Poloni,0,050601,0506,05,PUQUIO,LUCANAS,AYACUCHO,3561,16.26505623605893,14.641790807457966,True,00003727,123.1,rural
310559,Aparu,0,050601,0506,05,PUQUIO,LUCANAS,AYACUCHO,3862,27.10490428773669,24.67976389611547,True,00003727,106.2,rural
539460,Ccoricocha,0,050601,0506,05,PUQUIO,LUCANAS,AYACUCHO,3204,3.1700913770314805,2.2603903403646854,True,00020940,18.4,rural
229446,Chaupi,0,050601,0506,05,PUQUIO,LUCANAS,AYACUCHO,3218,1.2700902882552767,0.6350451441276386,True,00003727,1022.1,rural
559806,Pichccachuri,0,050601,0506,05,PUQUIO,LUCANAS,AYACUCHO,3215,0.8026868731799202,0.4013434365899602,True,00032252,148.6,rural
238485,Wiscachanayoc,0,050615,0506,05,SAN CRISTOBAL,LUCANAS,AYACUCHO,4030,,,False,,157.7,rural
121954,San Pedro,3,050617,0506,05,SAN PEDRO,LUCANAS,AYACUCHO,3100,0.12323965226356777,0.06161982613178389,True,00003735,182.3,rural
250805,Jellohuasi,0,050609,0506,05,LEONCIO PRADO,LUCANAS,AYACUCHO,4004,,,False,,19.9,rural
231102,Yuracc Corral,0,050611,0506,05,LUCANAS,LUCANAS,AYACUCHO,3703,,,False,,44.1,rural
310085,Machocruz,0,050611,0506,05,LUCANAS,LUCANAS,AYACUCHO,4204,70.57950506005605,71.20961152796117,True,00003720,94.1,rural
539592,Oslo,0,050604,0506,05,CARMEN SALCEDO,LUCANAS,AYACUCHO,4095,,,False,,122.6,rural
124641,Chicahua,0,050604,0506,05,CARMEN SALCEDO,LUCANAS,AYACUCHO,3864,,,False,,168.8,rural
211548,Huaman Pirca,0,050611,0506,05,LUCANAS,LUCANAS,AYACUCHO,4204,,,False,,8.8,rural
216661,Huiscajasa,0,050611,0506,05,LUCANAS,LUCANAS,AYACUCHO,4315,93.77499099050296,57.5873950679579,True,00003720,22.5,rural
124286,Putacca,0,050617,0506,05,SAN PEDRO,LUCANAS,AYACUCHO,3739,46.05567026746117,24.57934825604492,True,00003735,30.5,rural
674402,Janjarpampa,0,050611,0506,05,LUCANAS,LUCANAS,AYACUCHO,3355,11.038264298564778,12.33550275646199,True,00003720,41.1,rural
674433,Pampa Estancia,0,050611,0506,05,LUCANAS,LUCANAS,AYACUCHO,4243,,,False,,10.6,rural
674434,Wiscapachaquin,0,050611,0506,05,LUCANAS,LUCANAS,AYACUCHO,4273,93.77499099050296,57.5873950679579,True,00003720,2.6,rural
674444,Cocharara,0,050611,0506,05,LUCANAS,LUCANAS,AYACUCHO,4239,93.77499099050296,57.5873950679579,True,00003720,14.1,rural
674949,Itunca,0,050611,0506,05,LUCANAS,LUCANAS,AYACUCHO,3743,40.533293923252955,23.291909645951215,True,00003720,4.7,rural
674952,Pachara Pampa,0,050611,0506,05,LUCANAS,LUCANAS,AYACUCHO,3544,9.19595239049601,4.71603155703483,True,00003720,30.9,rural
674953,Patahuasi,0,050611,0506,05,LUCANAS,LUCANAS,AYACUCHO,3941,,,False,,91.5,rural
675211,Chacapata,0,050611,0506,05,LUCANAS,LUCANAS,AYACUCHO,3685,,,False,,21.7,rural
675233,Jatacoral,0,050611,0506,05,LUCANAS,LUCANAS,AYACUCHO,3808,,,False,,35.0,rural
675236,Ccaruhuaypampa,0,050611,0506,05,LUCANAS,LUCANAS,AYACUCHO,4210,,,False,,9.1,rural
675377,Chocne,0,050611,0506,05,LUCANAS,LUCANAS,AYACUCHO,4181,,,False,,34.8,rural
675512,Tucsa,0,050604,0506,05,CARMEN SALCEDO,LUCANAS,AYACUCHO,3701,,,False,,323.7,rural
675381,Ccana Chacca,0,050611,0506,05,LUCANAS,LUCANAS,AYACUCHO,4233,,,False,,111.9,rural
675625,Ccejacha,0,050611,0506,05,LUCANAS,LUCANAS,AYACUCHO,3621,48.99794329900233,27.524234333825902,True,00003720,16.2,rural
675630,Quisuarchayocc,0,050611,0506,05,LUCANAS,LUCANAS,AYACUCHO,3967,,,False,,7.3,rural
675729,Pallcca Huasi,0,050611,0506,05,LUCANAS,LUCANAS,AYACUCHO,3833,32.79067516827843,19.420600268463954,True,00003720,15.7,rural
675732,Tincocc,0,050611,0506,05,LUCANAS,LUCANAS,AYACUCHO,3616,,,False,,36.6,rural
675735,Santos Samachina,0,050611,0506,05,LUCANAS,LUCANAS,AYACUCHO,3405,1.823971276913954,0.9146618967660523,True,00003720,107.3,rural
675739,Yana Ccacca,0,050611,0506,05,LUCANAS,LUCANAS,AYACUCHO,3277,1.6090753796778643,1.6220129504195084,True,00003720,162.4,rural
675932,Condorillo,0,050611,0506,05,LUCANAS,LUCANAS,AYACUCHO,4082,,,False,,17.3,rural
675934,Kichca Loma,0,050611,0506,05,LUCANAS,LUCANAS,AYACUCHO,3404,,,False,,7.7,rural
675940,Cchacari,0,050611,0506,05,LUCANAS,LUCANAS,AYACUCHO,4390,,,False,,14.7,rural
675943,Chucha Cruz,0,050611,0506,05,LUCANAS,LUCANAS,AYACUCHO,3661,32.74112486782989,19.395825118239678,True,00003720,14.2,rural
676534,Exmanchara,0,050605,0506,05,CHAVIÑA,LUCANAS,AYACUCHO,4067,26.41915065995327,28.9292859354567,True,00003513,22.1,rural
677141,Apachita,0,050611,0506,05,LUCANAS,LUCANAS,AYACUCHO,4269,,,False,,3.3,rural
677144,Jullpajata,0,050611,0506,05,LUCANAS,LUCANAS,AYACUCHO,3682,60.85525399420981,33.45288968142964,True,00003720,0.0,rural
677149,Llullucha,0,050611,0506,05,LUCANAS,LUCANAS,AYACUCHO,3803,,,False,,9.0,rural
677151,Pampahuasi,0,050611,0506,05,LUCANAS,LUCANAS,AYACUCHO,4151,,,False,,14.6,rural
677152,Huaylacucho,0,050611,0506,05,LUCANAS,LUCANAS,AYACUCHO,3659,60.85525399420981,33.45288968142964,True,00003720,12.5,rural
677153,Carpayoc,0,050611,0506,05,LUCANAS,LUCANAS,AYACUCHO,3681,60.85525399420981,33.45288968142964,True,00003720,0.0,rural
679215,Ischuloma,0,050601,0506,05,PUQUIO,LUCANAS,AYACUCHO,3096,7.651849314257416,7.672652678207206,True,00027735,52.4,rural
679217,Chillca Tuma,0,050601,0506,05,PUQUIO,LUCANAS,AYACUCHO,4187,33.84356555863833,37.73581239621841,True,00003727,210.2,rural
679218,Ccollcca Yarcca,0,050601,0506,05,PUQUIO,LUCANAS,AYACUCHO,3980,17.947508275701676,20.893627219844944,True,00003727,208.1,rural
677642,Uchuysora,0,050611,0506,05,LUCANAS,LUCANAS,AYACUCHO,3672,60.85525399420981,33.45288968142964,True,00003720,10.4,rural
677692,Ccatunromi,0,050611,0506,05,LUCANAS,LUCANAS,AYACUCHO,3678,60.85525399420981,33.45288968142964,True,00003720,15.2,rural
678109,Chucucha,0,050601,0506,05,PUQUIO,LUCANAS,AYACUCHO,4403,41.821341085783246,47.544370998027574,True,00003727,177.8,rural
679254,Ñaupallaccta,0,050615,0506,05,SAN CRISTOBAL,LUCANAS,AYACUCHO,4080,15.38597119072743,10.186842830948716,True,00003725,213.6,rural
679256,Peccaña,0,050615,0506,05,SAN CRISTOBAL,LUCANAS,AYACUCHO,2344,,,False,,9.7,rural
679257,Sallachayocc,0,050615,0506,05,SAN CRISTOBAL,LUCANAS,AYACUCHO,1967,,,False,,25.3,rural
679591,Pallccahuasi,0,050601,0506,05,PUQUIO,LUCANAS,AYACUCHO,3942,42.851260166788286,42.64322917338816,True,00003513,79.5,rural
679602,Taccrapata,0,050601,0506,05,PUQUIO,LUCANAS,AYACUCHO,3715,,,False,,259.0,rural
679603,Yanarumipampa,0,050601,0506,05,PUQUIO,LUCANAS,AYACUCHO,3786,,,False,,99.6,rural
679631,Pampahuasi,0,050616,0506,05,SAN JUAN,LUCANAS,AYACUCHO,3476,10.197197327717866,8.461616222188253,True,00032252,80.7,rural
680995,Amayccoyllo,0,050601,0506,05,PUQUIO,LUCANAS,AYACUCHO,2864,14.81454952650875,12.394161085808406,True,00027735,121.0,rural
680996,Quinsaccocha,0,050601,0506,05,PUQUIO,LUCANAS,AYACUCHO,3411,5.207929120295584,6.075917307011514,True,00027735,72.7,rural
680968,Cuchimachay,0,050611,0506,05,LUCANAS,LUCANAS,AYACUCHO,3416,,,False,,21.0,rural
612999,Marccancca,0,050611,0506,05,LUCANAS,LUCANAS,AYACUCHO,3686,,,False,,63.8,rural
528922,Ñahuilla,0,050611,0506,05,LUCANAS,LUCANAS,AYACUCHO,3373,11.038264298564778,12.33550275646199,True,00003720,27.5,rural
132843,Pedregal,0,050611,0506,05,LUCANAS,LUCANAS,AYACUCHO,4149,,,False,,60.0,rural
515091,Palotiyocc,0,050617,0506,05,SAN PEDRO,LUCANAS,AYACUCHO,3512,,,False,,28.5,rural
242295,Paccha Pata,0,050619,0506,05,SANCOS,LUCANAS,AYACUCHO,3713,,,False,,36.3,rural
535035,Puchcaruru,0,050619,0506,05,SANCOS,LUCANAS,AYACUCHO,3770,,,False,,30.7,rural
244352,Tantarccasa,0,050614,0506,05,SAISA,LUCANAS,AYACUCHO,3144,69.6533153718402,58.134514859689425,True,00003725,117.0,rural
223546,Yuracc Corral,0,050605,0506,05,CHAVIÑA,LUCANAS,AYACUCHO,4061,,,False,,22.1,rural
652491,Ccayao,0,050601,0506,05,PUQUIO,LUCANAS,AYACUCHO,3194,0.8052617114624401,0.40263085573122,True,00020940,1282.3,rural
225826,Jollpapampa,0,050601,0506,05,PUQUIO,LUCANAS,AYACUCHO,3341,5.207929120295584,6.075917307011514,True,00027735,31.0,rural
514979,Huaraccmarca,0,050601,0506,05,PUQUIO,LUCANAS,AYACUCHO,3279,5.207929120295584,6.075917307011514,True,00027735,151.3,rural
233083,Uchcamarca,0,050601,0506,05,PUQUIO,LUCANAS,AYACUCHO,3456,7.266692192010435,5.042693563862916,True,00032252,47.2,rural
230696,Ccollana,0,050601,0506,05,PUQUIO,LUCANAS,AYACUCHO,3187,0.7461307404856058,0.8704858638998731,True,00003727,3654.1,urbano
617307,Pucarumi,0,050616,0506,05,SAN JUAN,LUCANAS,AYACUCHO,3469,7.266692192010435,5.042693563862916,True,00032252,75.4,rural
310612,Huampulla,0,050601,0506,05,PUQUIO,LUCANAS,AYACUCHO,3706,12.224578325794518,14.21687561161993,True,00003727,171.8,rural
551468,Villa Ccollpa,0,050617,0506,05,SAN PEDRO,LUCANAS,AYACUCHO,3668,78.66042551999986,60.59143519719821,True,00003513,110.6,rural
227012,Quisuarnioc,0,050617,0506,05,SAN PEDRO,LUCANAS,AYACUCHO,3689,59.28541461386758,31.194220429248126,True,00003735,16.8,rural
241505,Saurama,0,050614,0506,05,SAISA,LUCANAS,AYACUCHO,3390,,,False,,70.9,rural
239933,Misquiyacu,0,050617,0506,05,SAN PEDRO,LUCANAS,AYACUCHO,3729,46.05567026746117,24.57934825604492,True,00003735,18.8,rural
528001,Ccalapuquio,0,050617,0506,05,SAN PEDRO,LUCANAS,AYACUCHO,2804,,,False,,16.8,rural
613908,Tampa Tampa,0,050617,0506,05,SAN PEDRO,LUCANAS,AYACUCHO,2909,8.367695321921476,5.542594404346693,True,00003735,146.7,rural
310103,Usa Corral,0,050601,0506,05,PUQUIO,LUCANAS,AYACUCHO,4052,,,False,,75.9,rural
113023,San Antonio,0,050617,0506,05,SAN PEDRO,LUCANAS,AYACUCHO,3329,4.537363745082043,2.8903601621081147,True,00003735,216.3,rural
541719,Huamanipa,0,050617,0506,05,SAN PEDRO,LUCANAS,AYACUCHO,3134,,,False,,17.3,rural
520960,Valente Pata,0,050617,0506,05,SAN PEDRO,LUCANAS,AYACUCHO,4092,,,False,,44.8,rural
234254,Chacyahuasi,0,050619,0506,05,SANCOS,LUCANAS,AYACUCHO,3992,,,False,,39.0,rural
243304,Cancuera,0,050605,0506,05,CHAVIÑA,LUCANAS,AYACUCHO,4016,24.726172949120077,26.36230079236632,True,00003513,56.9,rural
515374,Pucarumi,0,050617,0506,05,SAN PEDRO,LUCANAS,AYACUCHO,3878,56.64500709193722,29.874016668282945,True,00003735,16.8,rural
112106,Chiculete,0,050617,0506,05,SAN PEDRO,LUCANAS,AYACUCHO,4016,,,False,,199.3,rural
216087,Huasuapata,0,050605,0506,05,CHAVIÑA,LUCANAS,AYACUCHO,4029,26.41915065995327,28.9292859354567,True,00003513,48.2,rural
213928,Asahuecce,0,050617,0506,05,SAN PEDRO,LUCANAS,AYACUCHO,3212,,,False,,52.9,rural
216983,Huelloccocha,0,050617,0506,05,SAN PEDRO,LUCANAS,AYACUCHO,3995,,,False,,61.8,rural
246123,Pampahuasi,0,050615,0506,05,SAN CRISTOBAL,LUCANAS,AYACUCHO,3239,,,False,,7.9,rural
528386,Ccechccapampa,0,050617,0506,05,SAN PEDRO,LUCANAS,AYACUCHO,3835,36.35268368399559,39.43756427919606,True,00003513,194.2,rural
213926,Ccechca,0,050614,0506,05,SAISA,LUCANAS,AYACUCHO,3924,,,False,,47.7,rural
310173,Piquille,0,050615,0506,05,SAN CRISTOBAL,LUCANAS,AYACUCHO,3116,56.048142801900084,29.948657238953814,True,00003725,11.5,rural
219436,Capillyocc,0,050601,0506,05,PUQUIO,LUCANAS,AYACUCHO,4050,,,False,,192.0,rural
210759,Nasa,0,050621,0506,05,SANTA LUCIA,LUCANAS,AYACUCHO,3624,,,False,,66.5,rural
310080,Tonco Tonco,0,050615,0506,05,SAN CRISTOBAL,LUCANAS,AYACUCHO,3770,43.739613299737805,23.79439248787267,True,00003725,30.8,rural
230521,Challunuine,0,050615,0506,05,SAN CRISTOBAL,LUCANAS,AYACUCHO,3507,44.37486187113488,24.112016773571213,True,00003725,5.4,rural
651397,Santa Isabel,0,050617,0506,05,SAN PEDRO,LUCANAS,AYACUCHO,3395,6.267252558286848,3.8374833322777033,True,00003735,135.7,rural
127796,San Luis de Chacma,0,050615,0506,05,SAN CRISTOBAL,LUCANAS,AYACUCHO,3547,44.40788201796091,24.128526846984222,True,00003725,11.4,rural
111428,Uchuypaco,0,050601,0506,05,PUQUIO,LUCANAS,AYACUCHO,3881,,,False,,555.6,rural
214247,Fundo Saraya,0,050621,0506,05,SANTA LUCIA,LUCANAS,AYACUCHO,3269,141.59787210458987,123.94342107483989,True,00003720,33.7,rural
114464,Hacienda Chilca,0,050621,0506,05,SANTA LUCIA,LUCANAS,AYACUCHO,3162,141.59787210458987,123.94342107483989,True,00003720,25.9,rural
222544,Pucatagra,0,050614,0506,05,SAISA,LUCANAS,AYACUCHO,3875,,,False,,64.1,rural
626887,Cacuta,0,050619,0506,05,SANCOS,LUCANAS,AYACUCHO,3898,60.00291901737522,51.26268194588588,True,00003513,28.0,rural
618313,Huacc Huasa,0,050617,0506,05,SAN PEDRO,LUCANAS,AYACUCHO,2960,10.936696494988263,6.956858715908766,True,00003735,84.6,rural
621558,Patahuasi,0,050617,0506,05,SAN PEDRO,LUCANAS,AYACUCHO,3675,,,False,,281.6,rural
121266,Talla,0,050617,0506,05,SAN PEDRO,LUCANAS,AYACUCHO,3089,,,False,,36.9,rural
544902,Upacca,0,050617,0506,05,SAN PEDRO,LUCANAS,AYACUCHO,2180,,,False,,97.2,rural
542823,Chimblo,0,050617,0506,05,SAN PEDRO,LUCANAS,AYACUCHO,3427,7.0714881710140345,4.437120608645546,True,00003735,201.6,rural
239097,Ichulomo,0,050601,0506,05,PUQUIO,LUCANAS,AYACUCHO,4128,,,False,,52.3,rural
212345,Saraya,0,050621,0506,05,SANTA LUCIA,LUCANAS,AYACUCHO,3733,,,False,,51.3,rural
219628,Chirrihuinco,0,050615,0506,05,SAN CRISTOBAL,LUCANAS,AYACUCHO,3945,38.395406899716164,28.230744526201093,True,00003725,108.1,rural
130611,Ccochapata,0,050601,0506,05,PUQUIO,LUCANAS,AYACUCHO,3295,11.070222768565001,12.915259896659167,True,00027735,127.5,rural
226944,Biseca,0,050611,0506,05,LUCANAS,LUCANAS,AYACUCHO,2558,26.291912791217463,19.61503795149289,True,00003720,45.1,rural
517142,Ccoccha,0,050616,0506,05,SAN JUAN,LUCANAS,AYACUCHO,3171,11.693639605904991,11.118584607542644,True,00003720,195.9,rural
626629,Ccochapata Ii,0,050601,0506,05,PUQUIO,LUCANAS,AYACUCHO,3247,20.326636278691737,18.753733797532075,True,00027735,40.9,rural
124292,Pamparque,0,050601,0506,05,PUQUIO,LUCANAS,AYACUCHO,3342,15.933944283013007,16.681454341918574,True,00027735,345.4,rural
126162,Santa Ana,0,050617,0506,05,SAN PEDRO,LUCANAS,AYACUCHO,2583,13.817247881640366,9.089996277083557,True,00003735,155.5,rural
231850,Pucaccacca,0,050615,0506,05,SAN CRISTOBAL,LUCANAS,AYACUCHO,3994,23.680485871684997,13.76482877384627,True,00003725,166.2,rural
246482,Huaytohuerta Pampa,0,050615,0506,05,SAN CRISTOBAL,LUCANAS,AYACUCHO,3890,,,False,,48.7,rural
616338,Salccao,0,050601,0506,05,PUQUIO,LUCANAS,AYACUCHO,3169,18.58127005098728,11.472650312166916,True,00003735,73.9,rural
615719,Chamana (Palochupa),0,050601,0506,05,PUQUIO,LUCANAS,AYACUCHO,2766,9.412606469243892,4.812816287727088,True,00011438,77.3,rural
223568,Anga Silla,0,050601,0506,05,PUQUIO,LUCANAS,AYACUCHO,4133,,,False,,227.0,rural
227244,Samana,0,050615,0506,05,SAN CRISTOBAL,LUCANAS,AYACUCHO,4065,,,False,,55.7,rural
122779,Ccochalla,0,050601,0506,05,PUQUIO,LUCANAS,AYACUCHO,3405,15.18012121515493,15.647903725529764,True,00027735,198.0,rural
225681,Hacienda Cuyupucro,0,050601,0506,05,PUQUIO,LUCANAS,AYACUCHO,2987,4.565188275120408,2.389107190665345,True,00011438,32.0,rural
612272,Tectepampa,0,050601,0506,05,PUQUIO,LUCANAS,AYACUCHO,3117,7.45658076558424,7.575018403870619,True,00027735,36.8,rural
526446,Sapsi,0,050601,0506,05,PUQUIO,LUCANAS,AYACUCHO,2901,4.565188275120408,2.389107190665345,True,00011438,151.2,rural
310324,Ccenuara,0,050611,0506,05,LUCANAS,LUCANAS,AYACUCHO,4098,,,False,,28.8,rural
533065,Nuyalla,0,050601,0506,05,PUQUIO,LUCANAS,AYACUCHO,3215,2.010497851165551,1.6805935774317207,True,00020940,177.4,rural
538719,Alaycocha,0,050601,0506,05,PUQUIO,LUCANAS,AYACUCHO,3378,2.6425845855447734,3.0830153498022357,True,00003727,170.3,rural
116430,Colipite,0,050601,0506,05,PUQUIO,LUCANAS,AYACUCHO,3356,4.990123140366505,2.495061570183253,True,00003727,74.1,rural
651396,Pampa Galeras,0,050611,0506,05,LUCANAS,LUCANAS,AYACUCHO,3939,35.17735568804501,40.49777604418893,True,00003720,67.8,rural
615666,Cceyorichca,0,050616,0506,05,SAN JUAN,LUCANAS,AYACUCHO,2677,22.510095896497365,17.72412950413284,True,00003720,272.4,rural
114565,Campanayoc,0,050601,0506,05,PUQUIO,LUCANAS,AYACUCHO,3382,4.9283785086411775,2.8877530451089304,True,00032252,101.7,rural
131700,Atuhuachangayoc,0,050601,0506,05,PUQUIO,LUCANAS,AYACUCHO,3291,4.331087867910047,2.190913964255945,True,00032252,56.8,rural
612920,Saccsa,0,050616,0506,05,SAN JUAN,LUCANAS,AYACUCHO,3439,12.102035430112215,11.432397963242257,True,00003720,647.0,rural
237061,Gentilmachay,0,050609,0506,05,LEONCIO PRADO,LUCANAS,AYACUCHO,3984,,,False,,63.2,rural
119453,Pucapollera,0,050601,0506,05,PUQUIO,LUCANAS,AYACUCHO,3320,6.4979992824142405,3.2489996412071216,True,00003727,10.3,rural
241503,Yuracrumi,0,050611,0506,05,LUCANAS,LUCANAS,AYACUCHO,3972,37.79414710876733,43.55069936836498,True,00003720,24.7,rural
113002,Pampa Saño,0,050616,0506,05,SAN JUAN,LUCANAS,AYACUCHO,3487,10.197197327717866,8.461616222188253,True,00032252,48.2,rural
310013,Occocon,0,050601,0506,05,PUQUIO,LUCANAS,AYACUCHO,3591,7.746832168333804,8.992838427915764,True,00003727,72.0,rural
610286,Shahuala,0,050616,0506,05,SAN JUAN,LUCANAS,AYACUCHO,3227,10.197197327717866,8.461616222188253,True,00032252,21.4,rural
237329,Yanama,0,050601,0506,05,PUQUIO,LUCANAS,AYACUCHO,3770,12.224578325794518,14.21687561161993,True,00003727,112.9,rural
623735,Panccarum (Pangarami),0,050601,0506,05,PUQUIO,LUCANAS,AYACUCHO,3315,2.48986012058032,1.2449300602901603,True,00003727,326.5,rural
115005,Pacchapata,0,050601,0506,05,PUQUIO,LUCANAS,AYACUCHO,3468,11.093661128689684,5.593391674561206,True,00032252,21.6,rural
114660,Paccha,0,050611,0506,05,LUCANAS,LUCANAS,AYACUCHO,3423,36.57813532572098,24.31495225427775,True,00003725,30.4,rural
128950,Otuto,0,050611,0506,05,LUCANAS,LUCANAS,AYACUCHO,3509,,,False,,19.6,rural
130137,Latag,0,050601,0506,05,PUQUIO,LUCANAS,AYACUCHO,3425,7.687104837118043,8.923156541497375,True,00003727,140.4,rural
616333,Ccarachamarcca,0,050616,0506,05,SAN JUAN,LUCANAS,AYACUCHO,3515,10.197197327717866,8.461616222188253,True,00032252,147.6,rural
537344,Ccochancay / Ccochanjay,0,050601,0506,05,PUQUIO,LUCANAS,AYACUCHO,3464,6.4979992824142405,3.2489996412071216,True,00003727,77.7,rural
228087,Jalachupa,0,050611,0506,05,LUCANAS,LUCANAS,AYACUCHO,3960,37.79414710876733,43.55069936836498,True,00003720,42.2,rural
615725,Pucro,0,050616,0506,05,SAN JUAN,LUCANAS,AYACUCHO,2989,20.77511731380206,15.604555006494012,True,00003720,138.2,rural
213727,Pachaya,0,050601,0506,05,PUQUIO,LUCANAS,AYACUCHO,3816,,,False,,93.5,rural
213806,Ruyacloma,0,050601,0506,05,PUQUIO,LUCANAS,AYACUCHO,3656,11.093661128689684,5.593391674561206,True,00032252,81.9,rural
115061,Oncha,0,050611,0506,05,LUCANAS,LUCANAS,AYACUCHO,3010,7.358651812599769,6.439345812208044,True,00003720,15.1,rural
232137,iñaccio,0,050601,0506,05,PUQUIO,LUCANAS,AYACUCHO,3564,11.093661128689684,5.593391674561206,True,00032252,37.1,rural
221862,Puyachi,0,050616,0506,05,SAN JUAN,LUCANAS,AYACUCHO,3121,6.5191617229525205,6.120882000901911,True,00003720,133.7,rural
238859,Ccollpa Pampa,0,050611,0506,05,LUCANAS,LUCANAS,AYACUCHO,3743,20.608028849333163,23.500228065691775,True,00003720,215.7,rural
310390,Sayhuapata,0,050601,0506,05,PUQUIO,LUCANAS,AYACUCHO,3783,,,False,,107.9,rural
310266,Jatahuase,0,050609,0506,05,LEONCIO PRADO,LUCANAS,AYACUCHO,3926,,,False,,14.3,rural
625310,Pampacancha,0,050611,0506,05,LUCANAS,LUCANAS,AYACUCHO,3579,15.049843281048028,17.01567823602578,True,00003720,69.1,rural
126690,Amoca,0,050611,0506,05,LUCANAS,LUCANAS,AYACUCHO,3345,1.6090753796778643,1.6220129504195084,True,00003720,110.4,rural
532501,Pucara,0,050611,0506,05,LUCANAS,LUCANAS,AYACUCHO,3464,1.8726184203981306,0.9389854685081406,True,00003720,42.3,rural
130950,Santiago de Vado,0,050611,0506,05,LUCANAS,LUCANAS,AYACUCHO,3264,9.229320761951726,10.309329269915027,True,00003720,109.2,rural
211155,Corralpata,0,050601,0506,05,PUQUIO,LUCANAS,AYACUCHO,4288,,,False,,47.9,rural
239779,Soytocco,0,050611,0506,05,LUCANAS,LUCANAS,AYACUCHO,3945,,,False,,6.9,rural
243615,Asubrichayoc,0,050611,0506,05,LUCANAS,LUCANAS,AYACUCHO,4243,,,False,,32.7,rural
231048,Hacienda Totora,0,050611,0506,05,LUCANAS,LUCANAS,AYACUCHO,3311,15.415184894835416,10.732855131742443,True,00003720,80.5,rural
216350,Corralinllayoc,0,050601,0506,05,PUQUIO,LUCANAS,AYACUCHO,4487,,,False,,65.0,rural
522025,Vacahuasi,0,050611,0506,05,LUCANAS,LUCANAS,AYACUCHO,3869,,,False,,21.9,rural
123358,Itaniyayoc,0,050601,0506,05,PUQUIO,LUCANAS,AYACUCHO,4419,,,False,,58.8,rural
215176,Tambillo,0,050609,0506,05,LEONCIO PRADO,LUCANAS,AYACUCHO,4042,66.86377984806107,66.35194464902742,True,00003720,39.2,rural
231586,Ccaccahuasi,0,050611,0506,05,LUCANAS,LUCANAS,AYACUCHO,3590,,,False,,46.4,rural
551073,Geronta,0,050601,0506,05,PUQUIO,LUCANAS,AYACUCHO,4234,,,False,,126.4,rural
224678,Accaccua,0,050604,0506,05,CARMEN SALCEDO,LUCANAS,AYACUCHO,4361,,,False,,251.1,rural
113875,Casacc,0,050611,0506,05,LUCANAS,LUCANAS,AYACUCHO,4247,,,False,,124.6,rural
244172,Pallccahuasi,0,050611,0506,05,LUCANAS,LUCANAS,AYACUCHO,3842,,,False,,4.9,rural
114272,Ccontacc,0,050611,0506,05,LUCANAS,LUCANAS,AYACUCHO,3679,26.764012210855256,16.407268789752365,True,00003720,16.5,rural
213121,Aguahuasi,0,050611,0506,05,LUCANAS,LUCANAS,AYACUCHO,3637,,,False,,42.9,rural
122564,Hatunpampa,0,050611,0506,05,LUCANAS,LUCANAS,AYACUCHO,3515,32.74112486782989,19.395825118239678,True,00003720,8.1,rural
611061,Huandoga,0,050611,0506,05,LUCANAS,LUCANAS,AYACUCHO,3378,40.432187699607766,23.241356534128617,True,00003720,10.2,rural
245060,Saygualoma,0,050611,0506,05,LUCANAS,LUCANAS,AYACUCHO,3972,,,False,,6.8,rural
618606,Agapata,0,050611,0506,05,LUCANAS,LUCANAS,AYACUCHO,3579,32.74112486782989,19.395825118239678,True,00003720,6.2,rural
233915,Patahuasi,0,050611,0506,05,LUCANAS,LUCANAS,AYACUCHO,3529,46.87410402673822,26.462314697693845,True,00003720,8.0,rural
123467,Chacrapata,0,050611,0506,05,LUCANAS,LUCANAS,AYACUCHO,3510,,,False,,5.1,rural
221029,Cciñuahuasi,0,050611,0506,05,LUCANAS,LUCANAS,AYACUCHO,3516,46.87410402673822,26.462314697693845,True,00003720,8.1,rural
230841,Lachahuasi,0,050611,0506,05,LUCANAS,LUCANAS,AYACUCHO,3581,46.87410402673822,26.462314697693845,True,00003720,22.2,rural
310699,Sillanayo,0,050604,0506,05,CARMEN SALCEDO,LUCANAS,AYACUCHO,4250,,,False,,161.1,rural
242555,Paracclla,0,050611,0506,05,LUCANAS,LUCANAS,AYACUCHO,3982,,,False,,10.2,rural
235369,Ayayocc,0,050611,0506,05,LUCANAS,LUCANAS,AYACUCHO,3701,51.26923353819076,28.659879453420114,True,00003720,22.3,rural
235103,Coliyocc,0,050611,0506,05,LUCANAS,LUCANAS,AYACUCHO,3752,51.26923353819076,28.659879453420114,True,00003720,13.2,rural
221414,Ccahuiña,0,050611,0506,05,LUCANAS,LUCANAS,AYACUCHO,3951,,,False,,6.0,rural
221036,Huarajoccasa,0,050611,0506,05,LUCANAS,LUCANAS,AYACUCHO,3697,48.99794329900233,27.524234333825902,True,00003720,8.4,rural
533900,Quillcata,0,050604,0506,05,CARMEN SALCEDO,LUCANAS,AYACUCHO,4122,45.324987943042906,50.01272822380756,True,00003727,356.1,rural
213319,Morcotuyoc,0,050611,0506,05,LUCANAS,LUCANAS,AYACUCHO,4014,,,False,,12.0,rural
232745,Lapalla,0,050611,0506,05,LUCANAS,LUCANAS,AYACUCHO,3961,,,False,,14.1,rural
124558,Huiscachayoc,0,050611,0506,05,LUCANAS,LUCANAS,AYACUCHO,4056,,,False,,3.6,rural
222595,Layimina,0,050611,0506,05,LUCANAS,LUCANAS,AYACUCHO,4052,,,False,,26.6,rural
215381,Chaccere,0,050603,0506,05,CABANA,LUCANAS,AYACUCHO,4247,,,False,,186.2,rural
250126,Chu_une,0,050604,0506,05,CARMEN SALCEDO,LUCANAS,AYACUCHO,4123,,,False,,141.3,rural
242186,Huaccracca,0,050604,0506,05,CARMEN SALCEDO,LUCANAS,AYACUCHO,3699,25.680096412956924,27.232346541301826,True,00003713,169.0,rural
221649,Ccalane,0,050611,0506,05,LUCANAS,LUCANAS,AYACUCHO,4129,,,False,,12.2,rural
126377,Parcco,0,050611,0506,05,LUCANAS,LUCANAS,AYACUCHO,4130,,,False,,7.7,rural
245765,Macurilla,0,050611,0506,05,LUCANAS,LUCANAS,AYACUCHO,4148,,,False,,17.7,rural
226741,Oichlo,0,050611,0506,05,LUCANAS,LUCANAS,AYACUCHO,4205,113.20967526191724,67.30473720366504,True,00003720,18.8,rural
123803,Machocorral,0,050611,0506,05,LUCANAS,LUCANAS,AYACUCHO,4152,,,False,,15.8,rural
221792,Tambo,0,050613,0506,05,OTOCA,LUCANAS,AYACUCHO,4058,,,False,,112.4,rural
216490,Mojohuasi,0,050603,0506,05,CABANA,LUCANAS,AYACUCHO,4203,,,False,,295.6,rural
545337,Huicso,0,050604,0506,05,CARMEN SALCEDO,LUCANAS,AYACUCHO,4376,,,False,,210.3,rural
119142,Ojosuyo,0,050603,0506,05,CABANA,LUCANAS,AYACUCHO,4171,,,False,,172.1,rural
217216,Ccango,0,050611,0506,05,LUCANAS,LUCANAS,AYACUCHO,4154,,,False,,23.3,rural
217254,Huayllaocco,0,050611,0506,05,LUCANAS,LUCANAS,AYACUCHO,3964,,,False,,8.2,rural
234959,Mollacata,0,050604,0506,05,CARMEN SALCEDO,LUCANAS,AYACUCHO,3526,20.364910129318087,21.162903752126635,True,00003713,524.0,rural
132364,Mosocorral,0,050611,0506,05,LUCANAS,LUCANAS,AYACUCHO,4265,,,False,,13.6,rural
240247,Almachayoc,0,050611,0506,05,LUCANAS,LUCANAS,AYACUCHO,4254,,,False,,28.4,rural
214083,Huarajo Huayjo,0,050611,0506,05,LUCANAS,LUCANAS,AYACUCHO,4157,,,False,,29.4,rural
510532,Esquina Corral,0,050603,0506,05,CABANA,LUCANAS,AYACUCHO,4160,55.36752648351648,60.05526676428113,True,00003727,130.2,rural
110246,Sajrahua,0,050604,0506,05,CARMEN SALCEDO,LUCANAS,AYACUCHO,3838,,,False,,141.0,rural
225976,Quichque,0,050611,0506,05,LUCANAS,LUCANAS,AYACUCHO,4050,88.68373143248498,47.36712840056723,True,00003720,18.7,rural
110612,Pangapata,0,050604,0506,05,CARMEN SALCEDO,LUCANAS,AYACUCHO,3618,22.181399051030436,21.94961319079162,True,00003713,110.1,rural
227532,Yaraccapampa,0,050611,0506,05,LUCANAS,LUCANAS,AYACUCHO,4175,,,False,,15.1,rural
133070,Illacana,0,050603,0506,05,CABANA,LUCANAS,AYACUCHO,4155,55.36752648351648,60.05526676428113,True,00003727,117.4,rural
236513,Culluauayjo,0,050604,0506,05,CARMEN SALCEDO,LUCANAS,AYACUCHO,3427,18.177230497949665,19.376718000466003,True,00003713,450.3,rural
686158,Ccercco Loma,0,050601,0506,05,PUQUIO,LUCANAS,AYACUCHO,3091,6.853035955566283,3.895369421339241,True,00020940,88.2,rural
686160,Chipia,0,050601,0506,05,PUQUIO,LUCANAS,AYACUCHO,3468,12.962085430362857,14.755018106557236,True,00027735,129.1,rural
686214,Gilca,0,050611,0506,05,LUCANAS,LUCANAS,AYACUCHO,3128,7.225391260479677,6.190860116934286,True,00003720,81.9,rural
686216,Saihuapata,0,050611,0506,05,LUCANAS,LUCANAS,AYACUCHO,4113,88.68373143248498,47.36712840056723,True,00003720,2.1,rural
686219,Achalla,0,050611,0506,05,LUCANAS,LUCANAS,AYACUCHO,3701,,,False,,34.4,rural
686224,Sondorhuasi,0,050611,0506,05,LUCANAS,LUCANAS,AYACUCHO,4023,,,False,,18.9,rural
686225,Sora Cucho,0,050611,0506,05,LUCANAS,LUCANAS,AYACUCHO,4234,,,False,,8.6,rural
686228,Pampa Corral,0,050611,0506,05,LUCANAS,LUCANAS,AYACUCHO,3927,,,False,,45.9,rural
686231,Ccenty Huaycco,0,050611,0506,05,LUCANAS,LUCANAS,AYACUCHO,3701,40.533293923252955,23.291909645951215,True,00003720,19.2,rural
686240,Huayllayocc,0,050611,0506,05,LUCANAS,LUCANAS,AYACUCHO,4044,,,False,,17.3,rural
686241,Jacachiloma,0,050611,0506,05,LUCANAS,LUCANAS,AYACUCHO,3371,,,False,,25.7,rural
686242,Huañuchka,0,050611,0506,05,LUCANAS,LUCANAS,AYACUCHO,3895,,,False,,31.7,rural
686244,Chajiri,0,050611,0506,05,LUCANAS,LUCANAS,AYACUCHO,4344,,,False,,25.2,rural
686250,Junde,0,050611,0506,05,LUCANAS,LUCANAS,AYACUCHO,4015,,,False,,13.3,rural
686275,Ccunucc,0,050615,0506,05,SAN CRISTOBAL,LUCANAS,AYACUCHO,3155,60.05403177520048,31.95160172560401,True,00003725,13.9,rural
686279,Saño,0,050616,0506,05,SAN JUAN,LUCANAS,AYACUCHO,3495,10.6999091811766,5.595647190466065,True,00032252,58.7,rural
686282,Chacly Pata,0,050617,0506,05,SAN PEDRO,LUCANAS,AYACUCHO,3821,53.06286360425283,28.082944924440756,True,00003735,28.5,rural
678334,Plalta Rumi,0,050708,0507,05,UPAHUACHO,PARINACOCHAS,AYACUCHO,3921,,,False,,26.1,rural
678338,Yllapata,0,050708,0507,05,UPAHUACHO,PARINACOCHAS,AYACUCHO,3933,61.74717302788714,44.33022767577016,True,00003530,35.7,rural
678297,Sayltuapampa,0,050701,0507,05,CORACORA,PARINACOCHAS,AYACUCHO,4186,,,False,,152.5,rural
521711,Huasapampa,0,050606,0506,05,CHIPAO,LUCANAS,AYACUCHO,3239,9.718105066705313,6.001691284200406,True,00003711,20.1,rural
620251,Ccotoni,0,050708,0507,05,UPAHUACHO,PARINACOCHAS,AYACUCHO,3590,42.512086802837196,31.54620047473672,True,00003530,92.7,rural
656732,Chuñuna Pata,0,050701,0507,05,CORACORA,PARINACOCHAS,AYACUCHO,4082,53.28877230156025,28.18161201839312,True,00003513,8.9,rural
656733,Allota,0,050701,0507,05,CORACORA,PARINACOCHAS,AYACUCHO,4020,,,False,,48.3,rural
656671,Ccochanaccasa,0,050701,0507,05,CORACORA,PARINACOCHAS,AYACUCHO,3794,,,False,,10.4,rural
663830,Ccollota,0,050708,0507,05,UPAHUACHO,PARINACOCHAS,AYACUCHO,3770,,,False,,92.8,rural
663835,Huallhuani,0,050704,0507,05,PACAPAUSA,PARINACOCHAS,AYACUCHO,2975,8.533825104046834,5.531498484230246,True,00003530,394.9,rural
663025,Cruzpata,0,050605,0506,05,CHAVIÑA,LUCANAS,AYACUCHO,3681,25.140570980496467,13.075427336016226,True,00003513,41.0,rural
663056,Ccollpa,0,050606,0506,05,CHIPAO,LUCANAS,AYACUCHO,3228,8.037723451915797,5.134312417901489,True,00003711,205.0,rural
663057,Mio Ccollpa,0,050606,0506,05,CHIPAO,LUCANAS,AYACUCHO,3294,9.718105066705313,6.001691284200406,True,00003711,80.6,rural
663058,Chuquio,0,050606,0506,05,CHIPAO,LUCANAS,AYACUCHO,3255,9.718105066705313,6.001691284200406,True,00003711,56.4,rural
663081,Herranacorral,0,050606,0506,05,CHIPAO,LUCANAS,AYACUCHO,4284,,,False,,29.7,rural
663084,Pollcho,0,050606,0506,05,CHIPAO,LUCANAS,AYACUCHO,4254,,,False,,44.3,rural
663481,Media Luna,0,050701,0507,05,CORACORA,PARINACOCHAS,AYACUCHO,4519,,,False,,34.2,rural
663483,Ccapaso,0,050701,0507,05,CORACORA,PARINACOCHAS,AYACUCHO,4388,80.01492531193269,73.71580580846957,True,00029702,35.6,rural
663485,Patahuasi,0,050701,0507,05,CORACORA,PARINACOCHAS,AYACUCHO,4272,80.01492531193269,73.71580580846957,True,00029702,43.6,rural
663489,Challapuquio,0,050701,0507,05,CORACORA,PARINACOCHAS,AYACUCHO,4498,,,False,,5.7,rural
663491,Hernandez,0,050701,0507,05,CORACORA,PARINACOCHAS,AYACUCHO,4360,,,False,,37.9,rural
663494,Pampahuasi I,0,050701,0507,05,CORACORA,PARINACOCHAS,AYACUCHO,4026,,,False,,29.1,rural
663499,Gabriel Huasi,0,050701,0507,05,CORACORA,PARINACOCHAS,AYACUCHO,4467,,,False,,143.9,rural
663503,Ccelluhuaycco,0,050701,0507,05,CORACORA,PARINACOCHAS,AYACUCHO,4491,,,False,,95.5,rural
663517,Yuraccancha,0,050701,0507,05,CORACORA,PARINACOCHAS,AYACUCHO,4280,98.75373081067474,50.914091272950365,True,00003513,13.4,rural
663519,Atunpunco,0,050701,0507,05,CORACORA,PARINACOCHAS,AYACUCHO,4548,,,False,,126.4,rural
663522,Succlla,0,050701,0507,05,CORACORA,PARINACOCHAS,AYACUCHO,4477,57.48195284651051,66.14560410782939,True,00003727,114.4,rural
663525,Apachita,0,050606,0506,05,CHIPAO,LUCANAS,AYACUCHO,4282,77.04246208558237,77.83452433707792,True,00003818,18.1,rural
663779,Ccaruaccarua,0,050701,0507,05,CORACORA,PARINACOCHAS,AYACUCHO,4302,,,False,,64.7,rural
663782,Huarcayny,0,050701,0507,05,CORACORA,PARINACOCHAS,AYACUCHO,4309,,,False,,51.0,rural
663784,Suyturumi,0,050701,0507,05,CORACORA,PARINACOCHAS,AYACUCHO,4176,,,False,,51.7,rural
663787,Ccolpacha,0,050701,0507,05,CORACORA,PARINACOCHAS,AYACUCHO,4097,,,False,,85.8,rural
663791,Huanca Huanca,0,050701,0507,05,CORACORA,PARINACOCHAS,AYACUCHO,3978,53.34945095751592,28.211951346370952,True,00003513,19.3,rural
663796,Huarcaypito,0,050701,0507,05,CORACORA,PARINACOCHAS,AYACUCHO,3896,,,False,,28.0,rural
663797,Minapirua,0,050701,0507,05,CORACORA,PARINACOCHAS,AYACUCHO,3609,34.51383468946266,18.794143212344327,True,00003513,99.1,rural
663872,Pallcca Huasi,0,050708,0507,05,UPAHUACHO,PARINACOCHAS,AYACUCHO,4409,,,False,,106.5,rural
663875,Huancahuancahuaycco,0,050708,0507,05,UPAHUACHO,PARINACOCHAS,AYACUCHO,4054,73.85205459799683,54.22195550264913,True,00003523,98.8,rural
663884,Choccepampa,0,050708,0507,05,UPAHUACHO,PARINACOCHAS,AYACUCHO,4027,72.05174508300837,51.194661447218536,True,00003530,8.4,rural
663887,Pucasayhua,0,050708,0507,05,UPAHUACHO,PARINACOCHAS,AYACUCHO,4214,,,False,,17.3,rural
663890,Callapampa,0,050708,0507,05,UPAHUACHO,PARINACOCHAS,AYACUCHO,4106,,,False,,52.3,rural
663891,Sayrosa,0,050708,0507,05,UPAHUACHO,PARINACOCHAS,AYACUCHO,4185,,,False,,43.4,rural
663894,Accocruz,0,050701,0507,05,CORACORA,PARINACOCHAS,AYACUCHO,4476,52.99092156356722,42.43920358920595,True,00003523,104.2,rural
663895,Puchaca,0,050708,0507,05,UPAHUACHO,PARINACOCHAS,AYACUCHO,4187,,,False,,7.6,rural
663897,Iyacho,0,050708,0507,05,UPAHUACHO,PARINACOCHAS,AYACUCHO,3999,,,False,,25.2,rural
663898,Ayaccasa,0,050708,0507,05,UPAHUACHO,PARINACOCHAS,AYACUCHO,3564,,,False,,50.0,rural
663904,Orcco Huasi,0,050708,0507,05,UPAHUACHO,PARINACOCHAS,AYACUCHO,3781,,,False,,352.1,rural
663905,Palcca Huasi,0,050708,0507,05,UPAHUACHO,PARINACOCHAS,AYACUCHO,3669,,,False,,56.2,rural
663911,Sorapata Ii,0,050701,0507,05,CORACORA,PARINACOCHAS,AYACUCHO,4355,,,False,,38.5,rural
663912,Ocerumi,0,050701,0507,05,CORACORA,PARINACOCHAS,AYACUCHO,4277,,,False,,16.7,rural
663919,Pallcca,0,050701,0507,05,CORACORA,PARINACOCHAS,AYACUCHO,4136,90.95028812358147,63.83833468856624,True,00003530,64.0,rural
663920,Rayoscca,0,050701,0507,05,CORACORA,PARINACOCHAS,AYACUCHO,3936,81.75910001442483,57.58977104582667,True,00003530,37.0,rural
663924,Huanacopampa,0,050701,0507,05,CORACORA,PARINACOCHAS,AYACUCHO,3795,77.00390856354552,54.54074831520895,True,00003530,26.3,rural
663926,Huayrapata,0,050701,0507,05,CORACORA,PARINACOCHAS,AYACUCHO,3852,81.30111797228508,57.37252908265672,True,00003530,59.4,rural
664250,Herrana Corral,0,050605,0506,05,CHAVIÑA,LUCANAS,AYACUCHO,4167,17.624628272579947,20.45542149303455,True,00003513,27.4,rural
664256,Huallmiso,0,050703,0507,05,CORONEL CASTAÑEDA,PARINACOCHAS,AYACUCHO,3493,,,False,,108.7,rural
664259,Occrapampa,0,050708,0507,05,UPAHUACHO,PARINACOCHAS,AYACUCHO,3816,71.86989352982772,51.10940977843079,True,00003530,28.6,rural
664588,Rupasca,0,050701,0507,05,CORACORA,PARINACOCHAS,AYACUCHO,4343,98.75373081067474,50.914091272950365,True,00003513,18.1,rural
664590,Pacchapata,0,050701,0507,05,CORACORA,PARINACOCHAS,AYACUCHO,4398,98.75373081067474,50.914091272950365,True,00003513,20.0,rural
543214,San Juan Pampa Puchaca,0,050708,0507,05,UPAHUACHO,PARINACOCHAS,AYACUCHO,4101,60.92090788198522,43.8187478608354,True,00003530,24.4,rural
622695,Huacmini,0,050708,0507,05,UPAHUACHO,PARINACOCHAS,AYACUCHO,3765,,,False,,172.2,rural
212747,Pumarangra,0,050606,0506,05,CHIPAO,LUCANAS,AYACUCHO,4203,55.2126430459072,36.642257733275336,True,00003711,28.3,rural
219713,Yarccolla,0,050601,0506,05,PUQUIO,LUCANAS,AYACUCHO,4185,,,False,,8.6,rural
117107,Pulluchi,0,050708,0507,05,UPAHUACHO,PARINACOCHAS,AYACUCHO,3828,56.868015901147615,41.07542771939389,True,00003530,57.3,rural
626868,Ccasapata,0,050708,0507,05,UPAHUACHO,PARINACOCHAS,AYACUCHO,4057,,,False,,60.4,rural
613628,Sorapampa,0,050708,0507,05,UPAHUACHO,PARINACOCHAS,AYACUCHO,4314,105.28988916170735,71.00813520762918,True,00003530,52.7,rural
520186,Condorcoccha,0,050701,0507,05,CORACORA,PARINACOCHAS,AYACUCHO,4443,75.40542889566187,88.37884587600048,True,00003727,78.4,rural
130894,Llactapampa,0,050606,0506,05,CHIPAO,LUCANAS,AYACUCHO,4356,51.621813114680585,57.57954663650817,True,00003727,80.1,rural
215433,Jochapuma,0,050606,0506,05,CHIPAO,LUCANAS,AYACUCHO,4377,89.39296473172635,84.00977566014991,True,00003818,17.8,rural
239483,Jellopata,0,050606,0506,05,CHIPAO,LUCANAS,AYACUCHO,4240,,,False,,30.2,rural
674285,Inca,0,050701,0507,05,CORACORA,PARINACOCHAS,AYACUCHO,4325,,,False,,140.4,rural
674288,Puca Corral,0,050701,0507,05,CORACORA,PARINACOCHAS,AYACUCHO,4072,,,False,,63.5,rural
674292,Accollay,0,050605,0506,05,CHAVIÑA,LUCANAS,AYACUCHO,4137,,,False,,9.4,rural
674294,Sallahuaycco,0,050701,0507,05,CORACORA,PARINACOCHAS,AYACUCHO,4525,,,False,,32.8,rural
677938,Piscco Ufiana,0,050708,0507,05,UPAHUACHO,PARINACOCHAS,AYACUCHO,4055,72.01172790021857,51.17995782375993,True,00003530,10.4,rural
678709,Tambo Pata,0,050701,0507,05,CORACORA,PARINACOCHAS,AYACUCHO,4416,,,False,,10.7,rural
678719,Laja Pata,0,050701,0507,05,CORACORA,PARINACOCHAS,AYACUCHO,4465,,,False,,61.1,rural
678721,Vaca Chico,0,050701,0507,05,CORACORA,PARINACOCHAS,AYACUCHO,4232,,,False,,68.5,rural
678724,Salla Yaco,0,050701,0507,05,CORACORA,PARINACOCHAS,AYACUCHO,4512,,,False,,32.7,rural
679451,Ccotto Puquio,0,050701,0507,05,CORACORA,PARINACOCHAS,AYACUCHO,4239,,,False,,29.4,rural
679452,Sispayccocha,0,050701,0507,05,CORACORA,PARINACOCHAS,AYACUCHO,4646,,,False,,55.2,rural
679453,Ccallapampa,0,050701,0507,05,CORACORA,PARINACOCHAS,AYACUCHO,4435,,,False,,82.2,rural
679454,Ccellopallcca,0,050701,0507,05,CORACORA,PARINACOCHAS,AYACUCHO,4372,,,False,,107.9,rural
679455,Cconimoscca,0,050701,0507,05,CORACORA,PARINACOCHAS,AYACUCHO,4344,,,False,,28.9,rural
679593,Huayccera,0,050601,0506,05,PUQUIO,LUCANAS,AYACUCHO,4270,,,False,,13.4,rural
679596,Leon Huachana,0,050601,0506,05,PUQUIO,LUCANAS,AYACUCHO,4229,,,False,,27.9,rural
679599,Ccasacorral,0,050601,0506,05,PUQUIO,LUCANAS,AYACUCHO,4342,,,False,,106.3,rural
679600,Ccaparenja,0,050601,0506,05,PUQUIO,LUCANAS,AYACUCHO,4342,,,False,,29.9,rural
679660,Uygahuasi,0,050701,0507,05,CORACORA,PARINACOCHAS,AYACUCHO,4480,,,False,,66.8,rural
679662,Uchuy Huascuya,0,050701,0507,05,CORACORA,PARINACOCHAS,AYACUCHO,4660,,,False,,53.3,rural
679665,Ojepiruro,0,050701,0507,05,CORACORA,PARINACOCHAS,AYACUCHO,4449,,,False,,27.8,rural
680032,Occemocco,0,050701,0507,05,CORACORA,PARINACOCHAS,AYACUCHO,4509,,,False,,29.2,rural
680033,Puca Coral,0,050701,0507,05,CORACORA,PARINACOCHAS,AYACUCHO,4483,,,False,,14.9,rural
680977,Sora,0,050708,0507,05,UPAHUACHO,PARINACOCHAS,AYACUCHO,3886,,,False,,42.4,rural
681042,Pucapuca,0,050701,0507,05,CORACORA,PARINACOCHAS,AYACUCHO,4132,55.01776535247636,29.046108543851176,True,00003513,5.2,rural
681045,Huayllapucro,0,050701,0507,05,CORACORA,PARINACOCHAS,AYACUCHO,3873,85.59388693092907,60.23786698561314,True,00003530,41.5,rural
117703,Chillhua,0,050701,0507,05,CORACORA,PARINACOCHAS,AYACUCHO,4212,90.5352485622784,46.804850148752195,True,00003513,16.7,rural
225597,Torno,0,050701,0507,05,CORACORA,PARINACOCHAS,AYACUCHO,4451,,,False,,28.5,rural
654011,Ipara,0,050606,0506,05,CHIPAO,LUCANAS,AYACUCHO,4378,,,False,,46.4,rural
228180,Patacancha,0,050606,0506,05,CHIPAO,LUCANAS,AYACUCHO,4188,,,False,,36.7,rural
225482,Auquilla,0,050701,0507,05,CORACORA,PARINACOCHAS,AYACUCHO,3828,,,False,,40.1,rural
223830,Tallapata,0,050606,0506,05,CHIPAO,LUCANAS,AYACUCHO,4378,77.04246208558237,77.83452433707792,True,00003818,30.8,rural
242794,Gesguehuasi,0,050708,0507,05,UPAHUACHO,PARINACOCHAS,AYACUCHO,3983,,,False,,44.8,rural
120375,Nasama,0,050701,0507,05,CORACORA,PARINACOCHAS,AYACUCHO,4253,,,False,,156.7,rural
229400,Paccha,0,050701,0507,05,CORACORA,PARINACOCHAS,AYACUCHO,3714,,,False,,147.0,rural
111434,Ampi,0,050704,0507,05,PACAPAUSA,PARINACOCHAS,AYACUCHO,2988,8.533825104046834,5.531498484230246,True,00003530,359.6,rural
522946,Huro,0,050605,0506,05,CHAVIÑA,LUCANAS,AYACUCHO,3497,19.382962559902108,10.196623125719046,True,00003513,15.0,rural
237474,Jauro,0,050605,0506,05,CHAVIÑA,LUCANAS,AYACUCHO,3568,20.290246283484073,10.650264987510031,True,00003513,5.4,rural
111270,Patahoco / Pataocco,0,050708,0507,05,UPAHUACHO,PARINACOCHAS,AYACUCHO,3892,,,False,,41.4,rural
610758,Tinacca Pata Cruz Occo,0,050708,0507,05,UPAHUACHO,PARINACOCHAS,AYACUCHO,3919,,,False,,157.5,rural
620741,Huañapampa,0,050605,0506,05,CHAVIÑA,LUCANAS,AYACUCHO,3903,,,False,,21.6,rural
230382,Surapata,0,050605,0506,05,CHAVIÑA,LUCANAS,AYACUCHO,4026,18.081517056515576,20.26434894985458,True,00003513,62.5,rural
623221,Pusunkira,0,050708,0507,05,UPAHUACHO,PARINACOCHAS,AYACUCHO,3696,,,False,,116.3,rural
245656,Tipicha,0,050701,0507,05,CORACORA,PARINACOCHAS,AYACUCHO,4235,36.10455048928271,21.89903693317758,True,00003523,189.9,rural
216154,Vadopata,0,050708,0507,05,UPAHUACHO,PARINACOCHAS,AYACUCHO,4261,58.49573613925982,46.218811822328384,True,00003523,61.4,rural
126189,Xexajaya,0,050703,0507,05,CORONEL CASTAÑEDA,PARINACOCHAS,AYACUCHO,3521,29.10841011279264,19.347323532203294,True,00003530,16.7,rural
242583,Ancuylla,0,050708,0507,05,UPAHUACHO,PARINACOCHAS,AYACUCHO,3898,,,False,,51.7,rural
215559,Ccarhuayo,0,050701,0507,05,CORACORA,PARINACOCHAS,AYACUCHO,3880,,,False,,52.1,rural
244698,Ranrahuasi,0,050701,0507,05,CORACORA,PARINACOCHAS,AYACUCHO,4172,55.01776535247636,29.046108543851176,True,00003513,18.5,rural
649688,Canllacca,0,050708,0507,05,UPAHUACHO,PARINACOCHAS,AYACUCHO,3535,,,False,,219.7,rural
310130,Pozonquesera,0,050708,0507,05,UPAHUACHO,PARINACOCHAS,AYACUCHO,3921,,,False,,52.1,rural
649812,Llinlle,0,050708,0507,05,UPAHUACHO,PARINACOCHAS,AYACUCHO,3597,39.02425067384328,29.220976388740773,True,00003530,37.8,rural
219517,Pucacorral,0,050701,0507,05,CORACORA,PARINACOCHAS,AYACUCHO,3864,,,False,,56.8,rural
225017,Muchaya,0,050701,0507,05,CORACORA,PARINACOCHAS,AYACUCHO,4114,55.01776535247636,29.046108543851176,True,00003513,15.5,rural
618722,Aguada,0,050708,0507,05,UPAHUACHO,PARINACOCHAS,AYACUCHO,4063,,,False,,49.2,rural
616112,Uchuccasa,0,050703,0507,05,CORONEL CASTAÑEDA,PARINACOCHAS,AYACUCHO,3433,63.16145804115482,41.478097736432005,True,00029702,29.6,rural
219050,Yuracpatachico,0,050708,0507,05,UPAHUACHO,PARINACOCHAS,AYACUCHO,4128,60.44564284497327,47.51874962613735,True,00003523,48.7,rural
232027,Pellone Orcco,0,050708,0507,05,UPAHUACHO,PARINACOCHAS,AYACUCHO,3844,61.76711342069189,44.34019787217254,True,00003530,59.9,rural
217755,Sorapata,0,050701,0507,05,CORACORA,PARINACOCHAS,AYACUCHO,4264,,,False,,48.3,rural
235432,Quimpiri,0,050701,0507,05,CORACORA,PARINACOCHAS,AYACUCHO,4438,,,False,,45.0,rural
227574,Yanarumi,0,050708,0507,05,UPAHUACHO,PARINACOCHAS,AYACUCHO,4357,,,False,,74.9,rural
127135,Ccalani,0,050708,0507,05,UPAHUACHO,PARINACOCHAS,AYACUCHO,3710,55.52693846229428,40.22276824770811,True,00003530,88.9,rural
238795,Umacusana,0,050701,0507,05,CORACORA,PARINACOCHAS,AYACUCHO,3969,,,False,,83.9,rural
211958,Chapi,0,050701,0507,05,CORACORA,PARINACOCHAS,AYACUCHO,4201,,,False,,133.0,rural
226134,Jasahuasi,0,050701,0507,05,CORACORA,PARINACOCHAS,AYACUCHO,4295,,,False,,117.4,rural
615971,Sinccata,0,050708,0507,05,UPAHUACHO,PARINACOCHAS,AYACUCHO,4033,,,False,,27.2,rural
218974,Ojecocha,0,050701,0507,05,CORACORA,PARINACOCHAS,AYACUCHO,4349,98.75373081067474,50.914091272950365,True,00003513,14.8,rural
212898,Ojopuccro,0,050701,0507,05,CORACORA,PARINACOCHAS,AYACUCHO,4449,,,False,,70.2,rural
231273,Patahuasi,0,050605,0506,05,CHAVIÑA,LUCANAS,AYACUCHO,4124,,,False,,9.7,rural
651402,Condorpampa,0,050708,0507,05,UPAHUACHO,PARINACOCHAS,AYACUCHO,3835,71.87876875277948,51.10817328210408,True,00003530,23.2,rural
618068,Antaccasa 2,0,050708,0507,05,UPAHUACHO,PARINACOCHAS,AYACUCHO,4072,,,False,,34.8,rural
216207,Millcay,0,050601,0506,05,PUQUIO,LUCANAS,AYACUCHO,4128,,,False,,39.1,rural
120098,Puisa,0,050701,0507,05,CORACORA,PARINACOCHAS,AYACUCHO,4162,90.5352485622784,46.804850148752195,True,00003513,40.2,rural
310465,Sillan Sura,0,050601,0506,05,PUQUIO,LUCANAS,AYACUCHO,4164,,,False,,7.8,rural
223462,Patopata,0,050701,0507,05,CORACORA,PARINACOCHAS,AYACUCHO,3861,85.59388693092907,60.23786698561314,True,00003530,16.4,rural
245882,Yuracc Corral,0,050601,0506,05,PUQUIO,LUCANAS,AYACUCHO,4224,,,False,,10.9,rural
228316,Huisca Huisca,0,050601,0506,05,PUQUIO,LUCANAS,AYACUCHO,4335,,,False,,109.0,rural
216367,Toccra,0,050701,0507,05,CORACORA,PARINACOCHAS,AYACUCHO,4198,90.95028812358147,63.83833468856624,True,00003530,44.7,rural
228690,Jatunsayana,0,050701,0507,05,CORACORA,PARINACOCHAS,AYACUCHO,4529,,,False,,108.1,rural
243599,Huaichao,0,050701,0507,05,CORACORA,PARINACOCHAS,AYACUCHO,4488,,,False,,176.4,rural
310674,Junipucro,0,050701,0507,05,CORACORA,PARINACOCHAS,AYACUCHO,4647,,,False,,356.8,rural
219274,Rangraccasa,0,050701,0507,05,CORACORA,PARINACOCHAS,AYACUCHO,4086,,,False,,43.9,rural
235654,Cuncari,0,050701,0507,05,CORACORA,PARINACOCHAS,AYACUCHO,4039,,,False,,11.0,rural
241524,Canuascucho,0,050701,0507,05,CORACORA,PARINACOCHAS,AYACUCHO,4075,,,False,,62.9,rural
310290,Pampa Piticcocha,0,050606,0506,05,CHIPAO,LUCANAS,AYACUCHO,4500,57.445833584650615,66.09744509201619,True,00003727,116.8,rural
130921,Yanamarca,0,050606,0506,05,CHIPAO,LUCANAS,AYACUCHO,4551,,,False,,11.0,rural
310055,Ccangrara,0,050606,0506,05,CHIPAO,LUCANAS,AYACUCHO,4451,,,False,,121.5,rural
217162,Cabecera de Apiñaccocha,0,050601,0506,05,PUQUIO,LUCANAS,AYACUCHO,4444,,,False,,131.0,rural
118098,Huaylla,0,050606,0506,05,CHIPAO,LUCANAS,AYACUCHO,4015,,,False,,88.1,rural
226955,Rayusca,0,050701,0507,05,CORACORA,PARINACOCHAS,AYACUCHO,4503,,,False,,21.8,rural
229393,Ccollpapampa,0,050701,0507,05,CORACORA,PARINACOCHAS,AYACUCHO,4479,,,False,,50.0,rural
224789,Milagro,0,050606,0506,05,CHIPAO,LUCANAS,AYACUCHO,4420,,,False,,48.1,rural
246756,Jatunrumi,0,050606,0506,05,CHIPAO,LUCANAS,AYACUCHO,4518,,,False,,45.6,rural
227722,Agchi,0,050606,0506,05,CHIPAO,LUCANAS,AYACUCHO,4451,,,False,,14.0,rural
246212,Rumicruz,0,050606,0506,05,CHIPAO,LUCANAS,AYACUCHO,4429,,,False,,52.6,rural
310561,Samana,0,050701,0507,05,CORACORA,PARINACOCHAS,AYACUCHO,4435,75.40542889566187,88.37884587600048,True,00003727,73.4,rural
213558,Girushayana,0,050606,0506,05,CHIPAO,LUCANAS,AYACUCHO,4336,,,False,,41.9,rural
219426,Isco,0,050701,0507,05,CORACORA,PARINACOCHAS,AYACUCHO,4237,,,False,,87.3,rural
238808,Tomas Corral,0,050701,0507,05,CORACORA,PARINACOCHAS,AYACUCHO,4324,85.06004225217153,77.73294131657448,True,00029702,43.9,rural
219761,Ccaputa,0,050701,0507,05,CORACORA,PARINACOCHAS,AYACUCHO,4456,,,False,,36.8,rural
128024,Urayhuma,0,050701,0507,05,CORACORA,PARINACOCHAS,AYACUCHO,4168,84.54868973924286,77.47726506011014,True,00029702,196.3,rural
540770,Pachachaca,0,050606,0506,05,CHIPAO,LUCANAS,AYACUCHO,4192,,,False,,15.7,rural
117110,Pampahuasi,0,050606,0506,05,CHIPAO,LUCANAS,AYACUCHO,4331,,,False,,48.2,rural
548398,Tacalla,0,050606,0506,05,CHIPAO,LUCANAS,AYACUCHO,3663,49.609913231841865,27.5415157119797,True,00003711,69.6,rural
242859,Maraypata,0,050606,0506,05,CHIPAO,LUCANAS,AYACUCHO,4222,,,False,,38.9,rural
241205,Tiegrapata,0,050701,0507,05,CORACORA,PARINACOCHAS,AYACUCHO,4449,,,False,,42.2,rural
119589,Chaupihorco,0,050606,0506,05,CHIPAO,LUCANAS,AYACUCHO,4282,,,False,,58.7,rural
236689,Sacsachaca,0,050701,0507,05,CORACORA,PARINACOCHAS,AYACUCHO,4178,80.01492531193269,73.71580580846957,True,00029702,34.5,rural
130763,Antaccocha,0,050606,0506,05,CHIPAO,LUCANAS,AYACUCHO,4457,,,False,,45.7,rural
218084,Puncuto,0,050701,0507,05,CORACORA,PARINACOCHAS,AYACUCHO,4525,,,False,,24.3,rural
310330,Loma Huaillacua,0,050606,0506,05,CHIPAO,LUCANAS,AYACUCHO,4393,,,False,,52.2,rural
618494,Ccella,0,050606,0506,05,CHIPAO,LUCANAS,AYACUCHO,4483,,,False,,24.8,rural
537526,Macmay Machay,0,050606,0506,05,CHIPAO,LUCANAS,AYACUCHO,4315,,,False,,152.3,rural
234422,Posoncoray,0,050606,0506,05,CHIPAO,LUCANAS,AYACUCHO,4369,,,False,,47.1,rural
126587,Ostopucro,0,050606,0506,05,CHIPAO,LUCANAS,AYACUCHO,4578,,,False,,26.5,rural
224032,Sayajata,0,050606,0506,05,CHIPAO,LUCANAS,AYACUCHO,4469,89.39296473172635,84.00977566014991,True,00003818,18.6,rural
121345,Sora Pampa / Loma Surau,0,050606,0506,05,CHIPAO,LUCANAS,AYACUCHO,4411,62.458247768529105,66.54825082289423,True,00003818,31.6,rural
517209,Suyto Ccocha,0,050606,0506,05,CHIPAO,LUCANAS,AYACUCHO,4420,,,False,,37.2,rural
127319,Ñecce / Nieje,0,050606,0506,05,CHIPAO,LUCANAS,AYACUCHO,4402,,,False,,38.9,rural
246823,Cancha Cancha,0,050606,0506,05,CHIPAO,LUCANAS,AYACUCHO,4325,,,False,,66.1,rural
527801,Trampa Pata,0,050606,0506,05,CHIPAO,LUCANAS,AYACUCHO,3948,,,False,,45.6,rural
223636,Sura,0,050606,0506,05,CHIPAO,LUCANAS,AYACUCHO,3920,,,False,,92.8,rural
114438,Llamllo,0,050606,0506,05,CHIPAO,LUCANAS,AYACUCHO,3767,63.215062203693684,34.344090197905615,True,00003711,68.8,rural
123201,Huajoro,0,050606,0506,05,CHIPAO,LUCANAS,AYACUCHO,4252,50.14493916975515,54.93371766973297,True,00003818,92.0,rural
241087,Patahuasi,0,050606,0506,05,CHIPAO,LUCANAS,AYACUCHO,4240,55.2126430459072,36.642257733275336,True,00003711,5.7,rural
131568,Ullullo,0,050606,0506,05,CHIPAO,LUCANAS,AYACUCHO,4312,,,False,,55.1,rural
112777,Huascoto,0,050908,0509,05,SAN PEDRO DE LARCAY,SUCRE,AYACUCHO,4391,,,False,,64.2,rural
231837,Checllaja,0,050606,0506,05,CHIPAO,LUCANAS,AYACUCHO,3893,,,False,,108.8,rural
126551,San Juan Punco,0,050606,0506,05,CHIPAO,LUCANAS,AYACUCHO,3696,18.59039846275298,12.031758327435261,True,00003711,78.3,rural
217220,Huirapampa,0,050606,0506,05,CHIPAO,LUCANAS,AYACUCHO,3601,35.85350699245351,20.66331259228553,True,00003711,117.5,rural
235992,Huasco,0,050908,0509,05,SAN PEDRO DE LARCAY,SUCRE,AYACUCHO,4410,,,False,,62.6,rural
231496,Canal Huasi,0,050606,0506,05,CHIPAO,LUCANAS,AYACUCHO,4087,23.861154667128922,15.349107306880585,True,00003711,23.9,rural
213317,Pampahuasi,0,050606,0506,05,CHIPAO,LUCANAS,AYACUCHO,4306,,,False,,28.1,rural
241274,Pampaocco,0,050606,0506,05,CHIPAO,LUCANAS,AYACUCHO,4377,,,False,,38.7,rural
686163,Yurarccacca,0,050601,0506,05,PUQUIO,LUCANAS,AYACUCHO,4121,,,False,,10.3,rural
686180,Yanamito,0,050605,0506,05,CHAVIÑA,LUCANAS,AYACUCHO,4196,,,False,,33.8,rural
686182,Huayllapa,0,050606,0506,05,CHIPAO,LUCANAS,AYACUCHO,3948,7.081558843403619,4.551635689757867,True,00003711,112.7,rural
686184,Raccarapampa,0,050606,0506,05,CHIPAO,LUCANAS,AYACUCHO,4392,,,False,,115.4,rural
686307,Uchcupata,0,050701,0507,05,CORACORA,PARINACOCHAS,AYACUCHO,4529,73.89705211816403,65.55864155011136,True,00029702,50.6,rural
686308,Chaupi Urcco,0,050701,0507,05,CORACORA,PARINACOCHAS,AYACUCHO,4466,,,False,,86.3,rural
686312,Huashua Runtuna,0,050701,0507,05,CORACORA,PARINACOCHAS,AYACUCHO,4442,,,False,,85.2,rural
686313,Pampa Llipllina,0,050701,0507,05,CORACORA,PARINACOCHAS,AYACUCHO,4511,,,False,,39.6,rural
686316,Ruyaccmachay,0,050701,0507,05,CORACORA,PARINACOCHAS,AYACUCHO,4387,,,False,,76.9,rural
686317,Occepiruro 1,0,050701,0507,05,CORACORA,PARINACOCHAS,AYACUCHO,4498,,,False,,26.1,rural
686318,Accocorral,0,050701,0507,05,CORACORA,PARINACOCHAS,AYACUCHO,4135,,,False,,74.8,rural
686371,Huitopata,0,050708,0507,05,UPAHUACHO,PARINACOCHAS,AYACUCHO,4017,,,False,,15.4,rural
686377,Kichki,0,050708,0507,05,UPAHUACHO,PARINACOCHAS,AYACUCHO,3895,,,False,,57.4,rural
686379,Secce Tasta,0,050708,0507,05,UPAHUACHO,PARINACOCHAS,AYACUCHO,4057,,,False,,60.4,rural
662106,Santa Rosa,0,050703,0507,05,CORONEL CASTAÑEDA,PARINACOCHAS,AYACUCHO,4290,15.324435507140693,10.052487463662583,True,00029702,358.4,rural
662107,Huchara,0,050703,0507,05,CORONEL CASTAÑEDA,PARINACOCHAS,AYACUCHO,4600,38.050848337404474,25.203429350505107,True,00029702,70.6,rural
662108,Loteca,0,050806,0508,05,OYOLO,PAUCAR DEL SARA SARA,AYACUCHO,4671,7.645687260835305,5.09712484055687,True,00034073,50.9,rural
663836,Huaccotopampa,0,050703,0507,05,CORONEL CASTAÑEDA,PARINACOCHAS,AYACUCHO,4032,34.827051824206414,23.061518887674854,True,00003530,33.7,rural
663825,Sonccoña,0,050703,0507,05,CORONEL CASTAÑEDA,PARINACOCHAS,AYACUCHO,3837,56.8840551924995,35.152121785625624,True,00003530,83.3,rural
664281,Morado Pata,0,050703,0507,05,CORONEL CASTAÑEDA,PARINACOCHAS,AYACUCHO,4654,,,False,,72.8,rural
664284,Huayllacocha,0,050703,0507,05,CORONEL CASTAÑEDA,PARINACOCHAS,AYACUCHO,4045,54.15209368641137,35.60596380074058,True,00029702,67.9,rural
211867,Ccatuntasani,0,050703,0507,05,CORONEL CASTAÑEDA,PARINACOCHAS,AYACUCHO,4491,,,False,,60.0,rural
310320,Ccollotapata,0,050703,0507,05,CORONEL CASTAÑEDA,PARINACOCHAS,AYACUCHO,4178,,,False,,330.0,rural
675872,Jurorumarca,0,050806,0508,05,OYOLO,PAUCAR DEL SARA SARA,AYACUCHO,4717,,,False,,60.5,rural
547530,San Gabriel,0,050703,0507,05,CORONEL CASTAÑEDA,PARINACOCHAS,AYACUCHO,4228,,,False,,55.0,rural
528862,Cera Florida,0,050703,0507,05,CORONEL CASTAÑEDA,PARINACOCHAS,AYACUCHO,4272,60.1392850011127,37.69846097233316,True,00029702,82.7,rural
128225,Huayta,0,050703,0507,05,CORONEL CASTAÑEDA,PARINACOCHAS,AYACUCHO,3548,50.452654555135986,30.87432025313964,True,00003530,34.9,rural
622533,Patari I,0,050707,0507,05,SAN FRANCISCO DE RAVACAYCO,PARINACOCHAS,AYACUCHO,4603,,,False,,42.4,rural
623111,Yachapacucho,0,050703,0507,05,CORONEL CASTAÑEDA,PARINACOCHAS,AYACUCHO,4823,,,False,,49.1,rural
244248,Mina San Salvador,0,050704,0507,05,PACAPAUSA,PARINACOCHAS,AYACUCHO,4046,,,False,,379.2,rural
513523,Fuisa,0,050806,0508,05,OYOLO,PAUCAR DEL SARA SARA,AYACUCHO,4651,,,False,,55.0,rural
240025,Culi,0,050703,0507,05,CORONEL CASTAÑEDA,PARINACOCHAS,AYACUCHO,4392,,,False,,110.1,rural
610097,Huaraccopampa,0,050703,0507,05,CORONEL CASTAÑEDA,PARINACOCHAS,AYACUCHO,3899,34.827051824206414,23.061518887674854,True,00003530,13.0,rural
231304,Tinco,0,050703,0507,05,CORONEL CASTAÑEDA,PARINACOCHAS,AYACUCHO,4023,,,False,,68.8,rural
310590,Puqiopata,0,050703,0507,05,CORONEL CASTAÑEDA,PARINACOCHAS,AYACUCHO,4708,,,False,,89.9,rural
126670,Pucara,0,050703,0507,05,CORONEL CASTAÑEDA,PARINACOCHAS,AYACUCHO,3411,56.825261837961456,35.122725108356605,True,00003530,68.1,rural
235444,Abra Chancahuaña,0,050703,0507,05,CORONEL CASTAÑEDA,PARINACOCHAS,AYACUCHO,4817,,,False,,31.4,rural
310739,Apara,0,050703,0507,05,CORONEL CASTAÑEDA,PARINACOCHAS,AYACUCHO,4206,57.83708270189592,35.43684287853086,True,00034073,148.8,rural
227897,Sarhuica,0,050703,0507,05,CORONEL CASTAÑEDA,PARINACOCHAS,AYACUCHO,4633,,,False,,26.9,rural
234295,Chucma,0,050703,0507,05,CORONEL CASTAÑEDA,PARINACOCHAS,AYACUCHO,4573,,,False,,48.0,rural
310183,Chaupipata,0,050703,0507,05,CORONEL CASTAÑEDA,PARINACOCHAS,AYACUCHO,4531,24.68118285177975,15.95868991098617,True,00029702,88.7,rural
244475,Yanaccacca,0,050703,0507,05,CORONEL CASTAÑEDA,PARINACOCHAS,AYACUCHO,4625,12.056397318199513,7.820392861118777,True,00029702,187.8,rural
519545,Cole / Cote,0,050703,0507,05,CORONEL CASTAÑEDA,PARINACOCHAS,AYACUCHO,4761,,,False,,47.4,rural
240697,Llihua,0,050703,0507,05,CORONEL CASTAÑEDA,PARINACOCHAS,AYACUCHO,4595,,,False,,78.5,rural
124448,Puycuto,0,050703,0507,05,CORONEL CASTAÑEDA,PARINACOCHAS,AYACUCHO,4618,70.58423982517097,41.58717942900377,True,00029702,127.4,rural
686351,Llahualla,0,050703,0507,05,CORONEL CASTAÑEDA,PARINACOCHAS,AYACUCHO,4630,34.15987210134074,17.164545497043324,True,00029702,57.2,rural
686352,Macari,0,050703,0507,05,CORONEL CASTAÑEDA,PARINACOCHAS,AYACUCHO,4604,30.378302549716402,15.273760721231158,True,00029702,8.5,rural
692205,Antoyo,0,050707,0507,05,SAN FRANCISCO DE RAVACAYCO,PARINACOCHAS,AYACUCHO,4590,,,False,,97.7,rural
692208,Pampa Utaña,0,050707,0507,05,SAN FRANCISCO DE RAVACAYCO,PARINACOCHAS,AYACUCHO,4601,,,False,,55.4,rural
132584,Urituhuasi,0,050607,0506,05,HUAC-HUAS,LUCANAS,AYACUCHO,1303,,,False,,10.3,rural
310016,Campanario,0,050607,0506,05,HUAC-HUAS,LUCANAS,AYACUCHO,1124,,,False,,18.8,rural
545843,Colorado,0,050607,0506,05,HUAC-HUAS,LUCANAS,AYACUCHO,1180,,,False,,48.5,rural
677413,Jarishuaccachi,0,050607,0506,05,HUAC-HUAS,LUCANAS,AYACUCHO,2070,56.52262512270554,45.34040444321508,True,00003677,52.5,rural
526487,Guitarrayoc,0,050610,0506,05,LLAUTA,LUCANAS,AYACUCHO,1321,69.82376434501046,56.36396535343275,True,00003677,23.2,rural
217334,Chujunacucho,0,050301,0503,05,SANCOS,HUANCA SANCOS,AYACUCHO,4405,,,False,,62.6,rural
550462,Anjoclla,0,050612,0506,05,OCAÑA,LUCANAS,AYACUCHO,3193,45.400324240702695,34.168626382719005,True,00003689,44.5,rural
226709,Lligua,0,050618,0506,05,SAN PEDRO DE PALCO,LUCANAS,AYACUCHO,4179,,,False,,2.0,rural
212075,Huitco,0,050608,0506,05,LARAMATE,LUCANAS,AYACUCHO,3360,,,False,,9.6,rural
535257,Chaupicancha,0,050608,0506,05,LARAMATE,LUCANAS,AYACUCHO,3094,6.48293104020143,3.461571984798445,True,00003680,24.4,rural
622821,Tampulla,0,050612,0506,05,OCAÑA,LUCANAS,AYACUCHO,3382,,,False,,72.4,rural
229131,Huanzo / Huansu,0,050304,0503,05,SANTIAGO DE LUCANAMARCA,HUANCA SANCOS,AYACUCHO,4264,,,False,,35.9,rural
511424,Ancuquichca,0,050612,0506,05,OCAÑA,LUCANAS,AYACUCHO,3534,49.862119329591586,35.34094497389165,True,00003684,46.7,rural
541013,Uspa,0,050610,0506,05,LLAUTA,LUCANAS,AYACUCHO,1365,62.5967496258781,51.66541658852959,True,00003677,32.6,rural
213408,Huaquirata,0,050608,0506,05,LARAMATE,LUCANAS,AYACUCHO,2992,5.257047881907638,2.8486304056515492,True,00003680,5.6,rural
514322,Leon Cipina,0,050618,0506,05,SAN PEDRO DE PALCO,LUCANAS,AYACUCHO,4190,,,False,,23.6,rural
528713,Yanama,0,050610,0506,05,LLAUTA,LUCANAS,AYACUCHO,1924,51.72495152056785,40.79361848321934,True,00003677,36.3,rural
218871,Bellavista,0,050608,0506,05,LARAMATE,LUCANAS,AYACUCHO,3119,0.5283549785185258,0.2641774892592629,True,00003680,109.9,rural
221319,Llullumate,0,050608,0506,05,LARAMATE,LUCANAS,AYACUCHO,2685,13.413492799659815,6.926852864527637,True,00003680,12.9,rural
123069,Apataque,0,050608,0506,05,LARAMATE,LUCANAS,AYACUCHO,2713,12.302364340850515,6.371288635122987,True,00003680,1.6,rural
132991,Palca,0,050612,0506,05,OCAÑA,LUCANAS,AYACUCHO,3701,,,False,,72.8,rural
534116,Huayllata,0,050608,0506,05,LARAMATE,LUCANAS,AYACUCHO,3375,,,False,,26.4,rural
514610,Collanco,0,050610,0506,05,LLAUTA,LUCANAS,AYACUCHO,1678,55.784643555074844,44.853310517726335,True,00003677,23.6,rural
129244,Aquenta,0,050608,0506,05,LARAMATE,LUCANAS,AYACUCHO,3404,19.814430644496454,10.059023629611065,True,00003680,5.2,rural
122719,Vilcacancha,0,050608,0506,05,LARAMATE,LUCANAS,AYACUCHO,3218,5.812123131117583,3.8960539376611836,True,00003680,9.7,rural
244927,Tunagya,0,050610,0506,05,LLAUTA,LUCANAS,AYACUCHO,1997,51.28780196600511,40.356468928656604,True,00003677,20.8,rural
218354,Patahuasi,0,050608,0506,05,LARAMATE,LUCANAS,AYACUCHO,3161,1.8776230773973386,1.2730539018476879,True,00003680,48.9,rural
210922,Rudyune,0,050612,0506,05,OCAÑA,LUCANAS,AYACUCHO,4257,,,False,,30.9,rural
521742,Ajo Cruz,0,050608,0506,05,LARAMATE,LUCANAS,AYACUCHO,3126,7.2356574694350115,4.802560204553741,True,00003680,10.7,rural
131816,Quichcasora,0,050612,0506,05,OCAÑA,LUCANAS,AYACUCHO,4238,,,False,,74.0,rural
613445,Uchpacancha,0,050610,0506,05,LLAUTA,LUCANAS,AYACUCHO,2989,48.09287074216627,33.07417632507157,True,00003680,62.2,rural
120841,Rayusca,0,050618,0506,05,SAN PEDRO DE PALCO,LUCANAS,AYACUCHO,4270,,,False,,6.1,rural
225211,Uysuy,0,050618,0506,05,SAN PEDRO DE PALCO,LUCANAS,AYACUCHO,4302,,,False,,13.5,rural
242208,Caillinta,0,050608,0506,05,LARAMATE,LUCANAS,AYACUCHO,4288,,,False,,45.3,rural
519780,Sicuay,0,050607,0506,05,HUAC-HUAS,LUCANAS,AYACUCHO,1404,,,False,,17.5,rural
537807,Ccanaccana,0,050607,0506,05,HUAC-HUAS,LUCANAS,AYACUCHO,3125,4.545772251900545,3.363985540704105,True,00003677,94.5,rural
215384,Tuma,0,050301,0503,05,SANCOS,HUANCA SANCOS,AYACUCHO,4031,,,False,,20.5,rural
238071,Casacancha,0,050301,0503,05,SANCOS,HUANCA SANCOS,AYACUCHO,4062,,,False,,16.8,rural
663161,Totorapampa,0,050608,0506,05,LARAMATE,LUCANAS,AYACUCHO,4184,,,False,,28.7,rural
663162,Soraccasa,0,050608,0506,05,LARAMATE,LUCANAS,AYACUCHO,4169,,,False,,2.4,rural
663183,Yacuraquina,0,050608,0506,05,LARAMATE,LUCANAS,AYACUCHO,3394,5.812123131117583,3.8960539376611836,True,00003680,6.3,rural
663187,Rodiuna,0,050608,0506,05,LARAMATE,LUCANAS,AYACUCHO,2927,,,False,,12.4,rural
663188,Marcalla,0,050608,0506,05,LARAMATE,LUCANAS,AYACUCHO,3013,3.1183251098987266,1.603686995070535,True,00003680,9.6,rural
663190,Sallalle,0,050608,0506,05,LARAMATE,LUCANAS,AYACUCHO,2258,,,False,,12.8,rural
663193,Rosasniyocc,0,050608,0506,05,LARAMATE,LUCANAS,AYACUCHO,3047,12.851631067549535,10.87515739412053,True,00003684,26.9,rural
663196,Pichaccapuquio,0,050608,0506,05,LARAMATE,LUCANAS,AYACUCHO,3642,,,False,,8.2,rural
663227,Tunashualljo,0,050610,0506,05,LLAUTA,LUCANAS,AYACUCHO,2459,51.30430256323108,37.85248019911099,True,00003677,43.8,rural
663229,Casa Grande,0,050610,0506,05,LLAUTA,LUCANAS,AYACUCHO,2158,50.13378444164236,37.267221138316636,True,00003677,96.2,rural
663231,Tierra Blanca,0,050610,0506,05,LLAUTA,LUCANAS,AYACUCHO,1618,55.784643555074844,44.853310517726335,True,00003677,23.1,rural
663233,Asapayocc,0,050608,0506,05,LARAMATE,LUCANAS,AYACUCHO,2896,47.344334019686556,31.5841945300405,True,00003680,48.8,rural
663234,Puna Tucci,0,050610,0506,05,LLAUTA,LUCANAS,AYACUCHO,4263,,,False,,32.6,rural
663239,Casuaca,0,050610,0506,05,LLAUTA,LUCANAS,AYACUCHO,2763,40.50181736967668,27.022516763367246,True,00003680,14.8,rural
663243,Huayjocancha,0,050610,0506,05,LLAUTA,LUCANAS,AYACUCHO,3207,32.05275333373708,21.374651367525715,True,00003677,104.6,rural
244840,Jalamoco,0,050608,0506,05,LARAMATE,LUCANAS,AYACUCHO,3289,6.980557717520641,4.675010328596556,True,00003680,18.5,rural
544675,Acos,0,050607,0506,05,HUAC-HUAS,LUCANAS,AYACUCHO,1778,,,False,,138.3,rural
110131,Pucarumi,0,050612,0506,05,OCAÑA,LUCANAS,AYACUCHO,3547,37.451193539711106,18.87740507721839,True,00003680,62.6,rural
510315,Sausana,0,050612,0506,05,OCAÑA,LUCANAS,AYACUCHO,3433,29.157312780860046,14.730464697792863,True,00003680,28.3,rural
215050,Islapampa,0,050612,0506,05,OCAÑA,LUCANAS,AYACUCHO,3345,28.9940951476484,14.648855881187037,True,00003680,28.9,rural
237201,Ojoropucro,0,050612,0506,05,OCAÑA,LUCANAS,AYACUCHO,3668,60.34002635818963,40.57989848819068,True,00003684,53.0,rural
220680,Patarayjo,0,050612,0506,05,OCAÑA,LUCANAS,AYACUCHO,3915,,,False,,36.5,rural
215453,Huayrana,0,050608,0506,05,LARAMATE,LUCANAS,AYACUCHO,2841,3.1183251098987266,1.603686995070535,True,00003680,10.5,rural
540003,Jajamarca,0,050608,0506,05,LARAMATE,LUCANAS,AYACUCHO,3518,,,False,,12.6,rural
210616,Miraflores,0,050608,0506,05,LARAMATE,LUCANAS,AYACUCHO,3096,1.1754326413944858,0.646852011416367,True,00003680,36.3,rural
516897,Jullpachayoc,0,050608,0506,05,LARAMATE,LUCANAS,AYACUCHO,3294,13.136403679426023,6.568201839713011,True,00003680,22.9,rural
224214,Panchalla,0,050610,0506,05,LLAUTA,LUCANAS,AYACUCHO,2153,50.13378444164236,37.267221138316636,True,00003677,10.8,rural
232956,Lloccecancha,0,050607,0506,05,HUAC-HUAS,LUCANAS,AYACUCHO,2946,,,False,,0.0,rural
116819,Soitojo,0,050608,0506,05,LARAMATE,LUCANAS,AYACUCHO,3588,11.485305675345598,6.732645209775193,True,00003680,24.0,rural
121551,Pampacocha,0,050610,0506,05,LLAUTA,LUCANAS,AYACUCHO,3411,30.39687720242412,20.19254670931973,True,00003680,60.8,rural
535140,Huilcuta,0,050610,0506,05,LLAUTA,LUCANAS,AYACUCHO,2824,41.25029634140004,28.597513680416434,True,00003680,52.8,rural
516089,Inque,0,050618,0506,05,SAN PEDRO DE PALCO,LUCANAS,AYACUCHO,4279,,,False,,7.2,rural
244052,Pucara,0,050610,0506,05,LLAUTA,LUCANAS,AYACUCHO,3519,30.11818574091909,20.11112975614987,True,00003680,159.8,rural
119652,Pucacorral,0,050618,0506,05,SAN PEDRO DE PALCO,LUCANAS,AYACUCHO,4225,,,False,,33.6,rural
232723,Pucajaja,0,050608,0506,05,LARAMATE,LUCANAS,AYACUCHO,4207,,,False,,18.4,rural
237761,Cusicancha,0,050607,0506,05,HUAC-HUAS,LUCANAS,AYACUCHO,3234,,,False,,108.9,rural
237941,Uyrutambo,0,050608,0506,05,LARAMATE,LUCANAS,AYACUCHO,4047,,,False,,30.8,rural
129489,Cruz Pata,0,050607,0506,05,HUAC-HUAS,LUCANAS,AYACUCHO,2074,19.60229934760208,14.795362342027783,True,00003677,34.9,rural
218505,Jatunsura,0,050608,0506,05,LARAMATE,LUCANAS,AYACUCHO,4275,,,False,,11.8,rural
214250,Tullmalla,0,050607,0506,05,HUAC-HUAS,LUCANAS,AYACUCHO,2910,,,False,,21.5,rural
613877,Quinsa Ccocha,0,050607,0506,05,HUAC-HUAS,LUCANAS,AYACUCHO,3456,16.577101564991597,11.377194332182723,True,00003677,247.4,rural
612112,Llajhua,0,050608,0506,05,LARAMATE,LUCANAS,AYACUCHO,4207,,,False,,19.6,rural
128379,Cecceccora,0,050607,0506,05,HUAC-HUAS,LUCANAS,AYACUCHO,3247,,,False,,40.1,rural
237485,Mayacto,0,050607,0506,05,HUAC-HUAS,LUCANAS,AYACUCHO,2473,13.30324294879318,11.501161397953705,True,00003677,49.4,rural
547003,Petecclla,0,050607,0506,05,HUAC-HUAS,LUCANAS,AYACUCHO,3078,0.8433636498169915,0.5245066973756926,True,00003677,58.0,rural
131290,Sincoro,0,050607,0506,05,HUAC-HUAS,LUCANAS,AYACUCHO,2187,12.976473625329909,11.482449480891697,True,00003677,22.0,rural
245940,Uchutacana,0,050301,0503,05,SANCOS,HUANCA SANCOS,AYACUCHO,4046,,,False,,36.6,rural
227909,Parjocancha,0,050608,0506,05,LARAMATE,LUCANAS,AYACUCHO,4162,,,False,,10.5,rural
620844,Pulto,0,050608,0506,05,LARAMATE,LUCANAS,AYACUCHO,4159,,,False,,38.3,rural
612370,Orcconcancha,0,050607,0506,05,HUAC-HUAS,LUCANAS,AYACUCHO,3067,6.0303838983562095,2.8311807831912423,True,00003677,33.1,rural
611832,Diaspacancha,0,050607,0506,05,HUAC-HUAS,LUCANAS,AYACUCHO,3285,,,False,,45.2,rural
238260,Maraycerayoc,0,050608,0506,05,LARAMATE,LUCANAS,AYACUCHO,4223,,,False,,44.7,rural
547116,Pate,0,050607,0506,05,HUAC-HUAS,LUCANAS,AYACUCHO,1715,32.151863975434026,29.214253115847335,True,00003677,38.9,rural
526676,Sortojo,0,050301,0503,05,SANCOS,HUANCA SANCOS,AYACUCHO,3991,,,False,,104.2,rural
116099,Jasahuasi,0,050301,0503,05,SANCOS,HUANCA SANCOS,AYACUCHO,3952,,,False,,39.5,rural
232802,Loclocsa,0,050301,0503,05,SANCOS,HUANCA SANCOS,AYACUCHO,3968,,,False,,88.0,rural
219357,Huaccoto,0,050304,0503,05,SANTIAGO DE LUCANAMARCA,HUANCA SANCOS,AYACUCHO,4268,,,False,,57.8,rural
240535,Sanga,0,050301,0503,05,SANCOS,HUANCA SANCOS,AYACUCHO,4244,,,False,,53.7,rural
226329,Punta Puruchuco,0,050301,0503,05,SANCOS,HUANCA SANCOS,AYACUCHO,4061,,,False,,48.6,rural
530583,Pablohuasin / Rangracancha,0,050301,0503,05,SANCOS,HUANCA SANCOS,AYACUCHO,4322,,,False,,82.0,rural
223833,Yanacocha,0,050301,0503,05,SANCOS,HUANCA SANCOS,AYACUCHO,4206,,,False,,106.6,rural
228917,añaycha,0,050301,0503,05,SANCOS,HUANCA SANCOS,AYACUCHO,4219,,,False,,30.4,rural
244729,Jeullapucro,0,050304,0503,05,SANTIAGO DE LUCANAMARCA,HUANCA SANCOS,AYACUCHO,4333,,,False,,20.2,rural
244684,Orccocancha,0,050304,0503,05,SANTIAGO DE LUCANAMARCA,HUANCA SANCOS,AYACUCHO,4160,,,False,,22.6,rural
245594,Pucapuca,0,050304,0503,05,SANTIAGO DE LUCANAMARCA,HUANCA SANCOS,AYACUCHO,4502,,,False,,92.9,rural
216472,Sora,0,050301,0503,05,SANCOS,HUANCA SANCOS,AYACUCHO,4437,,,False,,19.9,rural
132293,Llullucha,0,050301,0503,05,SANCOS,HUANCA SANCOS,AYACUCHO,4336,,,False,,82.1,rural
543251,Manahallicancha,0,050304,0503,05,SANTIAGO DE LUCANAMARCA,HUANCA SANCOS,AYACUCHO,4446,,,False,,22.5,rural
530858,Ccellocruz,0,050304,0503,05,SANTIAGO DE LUCANAMARCA,HUANCA SANCOS,AYACUCHO,4431,,,False,,36.1,rural
125657,Chacatayoc,0,050301,0503,05,SANCOS,HUANCA SANCOS,AYACUCHO,4388,,,False,,33.9,rural
550555,Ceneguilla,0,050304,0503,05,SANTIAGO DE LUCANAMARCA,HUANCA SANCOS,AYACUCHO,4373,,,False,,30.0,rural
242821,Anchashuasi,0,050301,0503,05,SANCOS,HUANCA SANCOS,AYACUCHO,4407,128.4224216506088,87.76647826046832,True,00003623,40.7,rural
224128,Yutumarcamayo,0,050304,0503,05,SANTIAGO DE LUCANAMARCA,HUANCA SANCOS,AYACUCHO,4198,,,False,,32.0,rural
236907,Huaraccoyoc,0,050301,0503,05,SANCOS,HUANCA SANCOS,AYACUCHO,4498,,,False,,28.2,rural
545830,Pucullo,0,050301,0503,05,SANCOS,HUANCA SANCOS,AYACUCHO,4486,140.9421363486717,96.1129547258436,True,00003623,64.4,rural
620965,Mayucancha,0,050304,0503,05,SANTIAGO DE LUCANAMARCA,HUANCA SANCOS,AYACUCHO,4027,86.43400574129356,69.30888921074144,True,00003512,30.5,rural
544294,Yanamachay,0,050304,0503,05,SANTIAGO DE LUCANAMARCA,HUANCA SANCOS,AYACUCHO,4494,,,False,,57.1,rural
212447,Cochacjsa,0,050304,0503,05,SANTIAGO DE LUCANAMARCA,HUANCA SANCOS,AYACUCHO,4463,,,False,,35.0,rural
239202,Capilla,0,050304,0503,05,SANTIAGO DE LUCANAMARCA,HUANCA SANCOS,AYACUCHO,4111,,,False,,33.1,rural
569576,Chacata,0,050304,0503,05,SANTIAGO DE LUCANAMARCA,HUANCA SANCOS,AYACUCHO,4299,,,False,,20.2,rural
570521,Pichccana,0,050607,0506,05,HUAC-HUAS,LUCANAS,AYACUCHO,3204,0.816587407820191,0.42278562093607036,True,00003677,182.8,rural
677220,Suylluna,0,050607,0506,05,HUAC-HUAS,LUCANAS,AYACUCHO,1440,23.165496915147756,21.67147277070954,True,00003677,14.7,rural
656669,Puca Corral,0,050618,0506,05,SAN PEDRO DE PALCO,LUCANAS,AYACUCHO,4207,,,False,,9.2,rural
661883,Uchuy Yactu,0,050304,0503,05,SANTIAGO DE LUCANAMARCA,HUANCA SANCOS,AYACUCHO,4170,,,False,,20.3,rural
662364,Tuqsi,0,050301,0503,05,SANCOS,HUANCA SANCOS,AYACUCHO,4472,,,False,,21.0,rural
662365,Yanahuaccra,0,050301,0503,05,SANCOS,HUANCA SANCOS,AYACUCHO,4357,,,False,,18.5,rural
662585,Chagiri,0,050618,0506,05,SAN PEDRO DE PALCO,LUCANAS,AYACUCHO,3953,,,False,,11.4,rural
662586,Oge Rume,0,050618,0506,05,SAN PEDRO DE PALCO,LUCANAS,AYACUCHO,3920,,,False,,11.6,rural
662589,Huancasayhua,0,050618,0506,05,SAN PEDRO DE PALCO,LUCANAS,AYACUCHO,3849,,,False,,8.9,rural
662590,Tasta Bamba,0,050618,0506,05,SAN PEDRO DE PALCO,LUCANAS,AYACUCHO,3848,66.12754881718858,45.11265164737285,True,00003689,9.4,rural
662591,Sorajasa,0,050618,0506,05,SAN PEDRO DE PALCO,LUCANAS,AYACUCHO,4151,66.12754881718858,45.11265164737285,True,00003689,32.2,rural
662594,Socchancca,0,050618,0506,05,SAN PEDRO DE PALCO,LUCANAS,AYACUCHO,4093,94.14928763646647,57.32636772274354,True,00003689,13.6,rural
662742,Cacsi,0,050301,0503,05,SANCOS,HUANCA SANCOS,AYACUCHO,4024,,,False,,87.7,rural
662752,Llamapucro,0,050301,0503,05,SANCOS,HUANCA SANCOS,AYACUCHO,4059,96.90093265160642,100.15922785144356,True,00003512,25.8,rural
662754,Ataracra,0,050301,0503,05,SANCOS,HUANCA SANCOS,AYACUCHO,4091,,,False,,50.5,rural
662785,Allpachaca,0,050301,0503,05,SANCOS,HUANCA SANCOS,AYACUCHO,4133,,,False,,19.7,rural
662786,Saiwaracra,0,050301,0503,05,SANCOS,HUANCA SANCOS,AYACUCHO,3935,,,False,,47.7,rural
662788,Chaclapampa,0,050301,0503,05,SANCOS,HUANCA SANCOS,AYACUCHO,4019,,,False,,37.2,rural
662857,Cceronta,0,050304,0503,05,SANTIAGO DE LUCANAMARCA,HUANCA SANCOS,AYACUCHO,4334,,,False,,12.6,rural
662858,Allccahuasi,0,050304,0503,05,SANTIAGO DE LUCANAMARCA,HUANCA SANCOS,AYACUCHO,4388,,,False,,7.6,rural
662859,Incachayuce,0,050304,0503,05,SANTIAGO DE LUCANAMARCA,HUANCA SANCOS,AYACUCHO,4209,95.8648210280478,74.03675765494759,True,00003512,24.4,rural
662860,Saycata,0,050304,0503,05,SANTIAGO DE LUCANAMARCA,HUANCA SANCOS,AYACUCHO,4134,89.78226456292505,70.99547942238621,True,00003512,30.9,rural
663088,Puitinpata,0,050607,0506,05,HUAC-HUAS,LUCANAS,AYACUCHO,2403,,,False,,67.8,rural
663094,Mituyupana,0,050301,0503,05,SANCOS,HUANCA SANCOS,AYACUCHO,4266,75.17600367287257,43.93487270451319,True,00003680,25.2,rural
663095,Huaylas,0,050301,0503,05,SANCOS,HUANCA SANCOS,AYACUCHO,4175,75.17600367287257,43.93487270451319,True,00003680,3.4,rural
663096,Llullucha,0,050301,0503,05,SANCOS,HUANCA SANCOS,AYACUCHO,4061,,,False,,11.2,rural
663098,Alto Pelor,0,050301,0503,05,SANCOS,HUANCA SANCOS,AYACUCHO,4093,,,False,,14.3,rural
663105,Parionapata,0,050301,0503,05,SANCOS,HUANCA SANCOS,AYACUCHO,4024,87.136667665337,53.573335998612336,True,00003680,59.9,rural
663109,Piccuycancha,0,050301,0503,05,SANCOS,HUANCA SANCOS,AYACUCHO,4072,,,False,,6.6,rural
663110,Apacheta,0,050607,0506,05,HUAC-HUAS,LUCANAS,AYACUCHO,4106,,,False,,68.6,rural
663111,Cutoc Uto,0,050607,0506,05,HUAC-HUAS,LUCANAS,AYACUCHO,3233,6.0303838983562095,2.8311807831912423,True,00003677,0.0,rural
663112,Chacarumi,0,050607,0506,05,HUAC-HUAS,LUCANAS,AYACUCHO,3120,1.8941625105401105,0.7630700892831924,True,00003677,59.3,rural
663113,Suyto Cerco,0,050607,0506,05,HUAC-HUAS,LUCANAS,AYACUCHO,3231,6.0303838983562095,2.8311807831912423,True,00003677,42.4,rural
663115,Itanacancha,0,050607,0506,05,HUAC-HUAS,LUCANAS,AYACUCHO,3188,6.0303838983562095,2.8311807831912423,True,00003677,25.1,rural
663125,Pacay,0,050607,0506,05,HUAC-HUAS,LUCANAS,AYACUCHO,2352,13.30324294879318,11.501161397953705,True,00003677,58.7,rural
663133,Huambo,0,050607,0506,05,HUAC-HUAS,LUCANAS,AYACUCHO,1539,21.033309184949427,19.415296245769454,True,00003677,86.3,rural
663135,Higosniyocc Grande,0,050607,0506,05,HUAC-HUAS,LUCANAS,AYACUCHO,1492,,,False,,72.5,rural
663142,Cunte,0,050607,0506,05,HUAC-HUAS,LUCANAS,AYACUCHO,3138,0.8433636498169915,0.5245066973756926,True,00003677,15.0,rural
663143,Antamachay,0,050607,0506,05,HUAC-HUAS,LUCANAS,AYACUCHO,3150,0.8433636498169915,0.5245066973756926,True,00003677,0.0,rural
663145,Allpaurccuna,0,050607,0506,05,HUAC-HUAS,LUCANAS,AYACUCHO,3237,9.629494344973383,6.807243611537006,True,00003677,31.4,rural
663147,Anselmacancha,0,050607,0506,05,HUAC-HUAS,LUCANAS,AYACUCHO,3220,16.117611245695826,11.113044129814355,True,00003677,432.1,rural
663149,Ccontuniayocc,0,050607,0506,05,HUAC-HUAS,LUCANAS,AYACUCHO,2648,24.308719752215247,14.146856315157937,True,00003677,68.8,rural
663150,Cinega,0,050607,0506,05,HUAC-HUAS,LUCANAS,AYACUCHO,2908,,,False,,43.7,rural
663156,Uña Huañuscca,0,050607,0506,05,HUAC-HUAS,LUCANAS,AYACUCHO,2078,19.60229934760208,14.795362342027783,True,00003677,36.2,rural
663323,Illahuasi,0,050612,0506,05,OCAÑA,LUCANAS,AYACUCHO,4234,,,False,,21.7,rural
663325,Cieneguilla,0,050608,0506,05,LARAMATE,LUCANAS,AYACUCHO,4120,,,False,,54.5,rural
663343,Tunasniyocc,0,050612,0506,05,OCAÑA,LUCANAS,AYACUCHO,3049,40.79295078674881,31.864939655742063,True,00003689,0.0,rural
663344,Cuchirumi,0,050612,0506,05,OCAÑA,LUCANAS,AYACUCHO,3037,40.79295078674881,31.864939655742063,True,00003689,5.8,rural
663345,Cruz Pampa,0,050612,0506,05,OCAÑA,LUCANAS,AYACUCHO,3432,19.814430644496454,10.059023629611065,True,00003680,18.6,rural
664136,Ccolpa Mayu,0,050618,0506,05,SAN PEDRO DE PALCO,LUCANAS,AYACUCHO,4261,,,False,,2.0,rural
664252,Pusapaccha,0,050607,0506,05,HUAC-HUAS,LUCANAS,AYACUCHO,3015,3.7465558880358567,3.4276989355945577,True,00003677,47.8,rural
664253,Jaujacplla,0,050607,0506,05,HUAC-HUAS,LUCANAS,AYACUCHO,3059,3.7465558880358567,3.4276989355945577,True,00003677,60.4,rural
664166,Paqcha,0,050618,0506,05,SAN PEDRO DE PALCO,LUCANAS,AYACUCHO,4178,,,False,,14.3,rural
664169,Canlla Ccasa,0,050618,0506,05,SAN PEDRO DE PALCO,LUCANAS,AYACUCHO,4228,,,False,,3.5,rural
664173,Huaman Ripa,0,050618,0506,05,SAN PEDRO DE PALCO,LUCANAS,AYACUCHO,4167,,,False,,5.1,rural
664176,Azul Cancha,0,050618,0506,05,SAN PEDRO DE PALCO,LUCANAS,AYACUCHO,4157,,,False,,8.0,rural
664179,Ccochapata,0,050618,0506,05,SAN PEDRO DE PALCO,LUCANAS,AYACUCHO,4184,,,False,,9.5,rural
664180,Ccollpa Esquina,0,050618,0506,05,SAN PEDRO DE PALCO,LUCANAS,AYACUCHO,4291,,,False,,11.5,rural
664182,Huanco,0,050618,0506,05,SAN PEDRO DE PALCO,LUCANAS,AYACUCHO,4300,,,False,,4.3,rural
664185,Huaraccuyoq,0,050618,0506,05,SAN PEDRO DE PALCO,LUCANAS,AYACUCHO,4236,,,False,,30.0,rural
664187,Uña Watana,0,050618,0506,05,SAN PEDRO DE PALCO,LUCANAS,AYACUCHO,4188,,,False,,11.9,rural
664200,Huypecc,0,050618,0506,05,SAN PEDRO DE PALCO,LUCANAS,AYACUCHO,4275,,,False,,7.7,rural
664203,Pukutilla,0,050618,0506,05,SAN PEDRO DE PALCO,LUCANAS,AYACUCHO,4186,94.14928763646647,57.32636772274354,True,00003689,11.7,rural
664207,Fundiscca,0,050618,0506,05,SAN PEDRO DE PALCO,LUCANAS,AYACUCHO,4188,,,False,,4.2,rural
664216,Llullucha,0,050618,0506,05,SAN PEDRO DE PALCO,LUCANAS,AYACUCHO,4047,,,False,,6.0,rural
664217,Guerra,0,050618,0506,05,SAN PEDRO DE PALCO,LUCANAS,AYACUCHO,3988,,,False,,7.2,rural
665686,Tambo Chayocc,0,050301,0503,05,SANCOS,HUANCA SANCOS,AYACUCHO,4126,,,False,,35.2,rural
665688,Saccsalla,0,050301,0503,05,SANCOS,HUANCA SANCOS,AYACUCHO,4101,,,False,,38.8,rural
665692,Cocapartina,0,050301,0503,05,SANCOS,HUANCA SANCOS,AYACUCHO,4303,,,False,,30.0,rural
226373,Huachoco,0,050304,0503,05,SANTIAGO DE LUCANAMARCA,HUANCA SANCOS,AYACUCHO,4281,,,False,,11.9,rural
520413,San Bartolome de Las Capillas,0,050301,0503,05,SANCOS,HUANCA SANCOS,AYACUCHO,4054,95.85890059407578,50.57906600701625,True,00003677,27.6,rural
117850,Oscollone,0,050612,0506,05,OCAÑA,LUCANAS,AYACUCHO,3452,43.148708421567285,31.984239519879498,True,00003684,81.3,rural
546199,Choccpe,0,050608,0506,05,LARAMATE,LUCANAS,AYACUCHO,2903,3.1183251098987266,1.603686995070535,True,00003680,4.0,rural
621375,Turuhuichccana,0,050608,0506,05,LARAMATE,LUCANAS,AYACUCHO,4032,,,False,,41.8,rural
231638,Sajaclla,0,050608,0506,05,LARAMATE,LUCANAS,AYACUCHO,3476,,,False,,19.6,rural
114225,Tarapampa,0,050607,0506,05,HUAC-HUAS,LUCANAS,AYACUCHO,2063,36.01990794930733,31.148275102783987,True,00003677,36.0,rural
620153,Cangallo,0,050607,0506,05,HUAC-HUAS,LUCANAS,AYACUCHO,3237,6.292134930414889,2.962056299220582,True,00003677,17.4,rural
520436,Aquilla,0,050607,0506,05,HUAC-HUAS,LUCANAS,AYACUCHO,1499,28.353405319628216,26.85938117519,True,00003677,46.4,rural
674275,San Bartolome,0,050301,0503,05,SANCOS,HUANCA SANCOS,AYACUCHO,4269,,,False,,15.3,rural
674276,Huaccoto,0,050301,0503,05,SANCOS,HUANCA SANCOS,AYACUCHO,4437,,,False,,40.9,rural
676521,Cunte Cucho,0,050618,0506,05,SAN PEDRO DE PALCO,LUCANAS,AYACUCHO,4197,,,False,,3.6,rural
676653,Jatacancha,0,050301,0503,05,SANCOS,HUANCA SANCOS,AYACUCHO,4114,75.17600367287257,43.93487270451319,True,00003680,7.0,rural
676654,Trigotrigo,0,050301,0503,05,SANCOS,HUANCA SANCOS,AYACUCHO,4061,,,False,,14.3,rural
676658,Llanamachay,0,050607,0506,05,HUAC-HUAS,LUCANAS,AYACUCHO,3996,,,False,,88.3,rural
677415,Marayniyocc,0,050608,0506,05,LARAMATE,LUCANAS,AYACUCHO,4217,,,False,,12.4,rural
677416,Huanopampa,0,050608,0506,05,LARAMATE,LUCANAS,AYACUCHO,4138,,,False,,27.4,rural
677417,Sillau Pata,0,050301,0503,05,SANCOS,HUANCA SANCOS,AYACUCHO,4267,,,False,,29.4,rural
677418,Machucancha,0,050608,0506,05,LARAMATE,LUCANAS,AYACUCHO,4000,59.520496281472454,38.76355306640292,True,00003680,14.8,rural
677421,Cullccu Chaccocc,0,050608,0506,05,LARAMATE,LUCANAS,AYACUCHO,4161,,,False,,25.0,rural
677422,Puto Huayccos,0,050301,0503,05,SANCOS,HUANCA SANCOS,AYACUCHO,4055,64.81526122414144,41.410935537737416,True,00003680,18.9,rural
677797,Vaca Rume,0,050607,0506,05,HUAC-HUAS,LUCANAS,AYACUCHO,2430,36.01990794930733,31.148275102783987,True,00003677,16.8,rural
678110,Tramparuana,0,050610,0506,05,LLAUTA,LUCANAS,AYACUCHO,3870,33.241330008050106,23.17605499672597,True,00003680,65.7,rural
678118,Puna Putacca,0,050610,0506,05,LLAUTA,LUCANAS,AYACUCHO,2709,40.50181736967668,27.022516763367246,True,00003680,36.0,rural
680007,Kis Warniyoc,0,050618,0506,05,SAN PEDRO DE PALCO,LUCANAS,AYACUCHO,4290,,,False,,3.5,rural
680988,Maraycera,0,050301,0503,05,SANCOS,HUANCA SANCOS,AYACUCHO,4267,,,False,,57.2,rural
681002,Puna Runtulla,0,050610,0506,05,LLAUTA,LUCANAS,AYACUCHO,4268,51.70119428976743,31.31158953049588,True,00003680,12.9,rural
681003,Punas Maraycera,0,050608,0506,05,LARAMATE,LUCANAS,AYACUCHO,4347,,,False,,49.1,rural
681007,Punas Chaviscancha,0,050610,0506,05,LLAUTA,LUCANAS,AYACUCHO,4370,51.70119428976743,31.31158953049588,True,00003680,41.5,rural
681008,Puna Jarayhuayjo,0,050610,0506,05,LLAUTA,LUCANAS,AYACUCHO,4048,,,False,,28.7,rural
681009,Puna Jaichilla,0,050610,0506,05,LLAUTA,LUCANAS,AYACUCHO,4148,41.671342310334516,31.606067299010384,True,00003680,35.9,rural
681013,Viscas,0,050608,0506,05,LARAMATE,LUCANAS,AYACUCHO,4118,,,False,,22.3,rural
681014,Chonta,0,050608,0506,05,LARAMATE,LUCANAS,AYACUCHO,4304,,,False,,29.2,rural
681997,Puca Orcco,0,050608,0506,05,LARAMATE,LUCANAS,AYACUCHO,4401,,,False,,38.4,rural
226924,Pultocancha,0,050618,0506,05,SAN PEDRO DE PALCO,LUCANAS,AYACUCHO,4290,,,False,,10.4,rural
111082,Laramate,3,050608,0506,05,LARAMATE,LUCANAS,AYACUCHO,3043,0.34515855264624656,0.24387475229120975,True,00003680,58.5,rural
220517,Yanarangra,0,050612,0506,05,OCAÑA,LUCANAS,AYACUCHO,4164,,,False,,33.7,rural
130682,Carconi,0,050612,0506,05,OCAÑA,LUCANAS,AYACUCHO,3084,40.55560044909324,31.746264486914274,True,00003689,103.6,rural
217984,Huayo,0,050608,0506,05,LARAMATE,LUCANAS,AYACUCHO,2062,,,False,,14.9,rural
115946,Carhuacucho,0,050610,0506,05,LLAUTA,LUCANAS,AYACUCHO,3324,31.906316824471574,21.22821485826021,True,00003677,213.8,rural
118736,Patachana,0,050608,0506,05,LARAMATE,LUCANAS,AYACUCHO,3424,10.833606332338373,7.2437094051417095,True,00003680,17.6,rural
242811,Huaraccmocco,0,050618,0506,05,SAN PEDRO DE PALCO,LUCANAS,AYACUCHO,4191,,,False,,8.7,rural
310493,Calachihuichi,0,050608,0506,05,LARAMATE,LUCANAS,AYACUCHO,3563,,,False,,11.9,rural
686013,Ccapacillana,0,050301,0503,05,SANCOS,HUANCA SANCOS,AYACUCHO,4203,112.69816975649198,93.89249986179442,True,00003512,11.4,rural
686191,Yacupaca,0,050608,0506,05,LARAMATE,LUCANAS,AYACUCHO,3460,,,False,,7.6,rural
686194,Palulla Grande,0,050608,0506,05,LARAMATE,LUCANAS,AYACUCHO,2648,35.63132322408358,23.775520666305187,True,00003680,4.9,rural
686195,Paluya Chica,0,050608,0506,05,LARAMATE,LUCANAS,AYACUCHO,2680,35.63132322408358,23.775520666305187,True,00003680,12.4,rural
686196,Vista Alegre,0,050608,0506,05,LARAMATE,LUCANAS,AYACUCHO,3969,59.321273187624534,38.66394151947896,True,00003680,14.9,rural
686202,Chihuillita Alta,0,050608,0506,05,LARAMATE,LUCANAS,AYACUCHO,3407,12.22633814111169,7.2463445856900695,True,00003680,26.2,rural
686213,Puna Janampampa,0,050610,0506,05,LLAUTA,LUCANAS,AYACUCHO,3967,,,False,,19.7,rural
686256,Miraflores,0,050612,0506,05,OCAÑA,LUCANAS,AYACUCHO,3808,,,False,,58.1,rural
686283,Qatacancha,0,050618,0506,05,SAN PEDRO DE PALCO,LUCANAS,AYACUCHO,4117,,,False,,6.9,rural
692168,Paltamachay,0,050301,0503,05,SANCOS,HUANCA SANCOS,AYACUCHO,4451,,,False,,50.4,rural
692186,Pishccapuquio,0,050607,0506,05,HUAC-HUAS,LUCANAS,AYACUCHO,4186,19.012470753175315,9.322224210600796,True,00003677,48.4,rural
692189,Titiminas,0,050607,0506,05,HUAC-HUAS,LUCANAS,AYACUCHO,3571,13.609002620826015,6.620490144426145,True,00003677,15.0,rural
692196,Qello Cancha,0,050618,0506,05,SAN PEDRO DE PALCO,LUCANAS,AYACUCHO,4160,,,False,,13.2,rural
678270,Llihuacucho,0,050303,0503,05,SACSAMARCA,HUANCA SANCOS,AYACUCHO,3901,,,False,,12.0,rural
678273,Millpo,0,050303,0503,05,SACSAMARCA,HUANCA SANCOS,AYACUCHO,3930,,,False,,13.0,rural
530798,Oscco,0,050303,0503,05,SACSAMARCA,HUANCA SANCOS,AYACUCHO,4439,,,False,,18.7,rural
239845,Ccalapata,0,050303,0503,05,SACSAMARCA,HUANCA SANCOS,AYACUCHO,4332,,,False,,3.1,rural
132377,Huanca Sancos,2,050301,0503,05,SANCOS,HUANCA SANCOS,AYACUCHO,3422,48.61764245357514,50.497329454401076,True,00003512,282.3,rural
232468,Chalcha,0,050303,0503,05,SACSAMARCA,HUANCA SANCOS,AYACUCHO,4159,,,False,,22.0,rural
232055,Ccuellusura,0,050303,0503,05,SACSAMARCA,HUANCA SANCOS,AYACUCHO,4367,,,False,,3.1,rural
133351,Yanama,0,050611,0506,05,LUCANAS,LUCANAS,AYACUCHO,4197,80.16912113799654,43.109823253323015,True,00003720,32.5,rural
210503,Punco Jasa,0,050618,0506,05,SAN PEDRO DE PALCO,LUCANAS,AYACUCHO,4041,,,False,,4.5,rural
512315,Huantaymisa,0,050603,0506,05,CABANA,LUCANAS,AYACUCHO,3153,20.77977227883328,11.558380102905367,True,00003713,0.0,rural
520699,Huillacconcco,0,050603,0506,05,CABANA,LUCANAS,AYACUCHO,4233,,,False,,76.5,rural
544584,Bado,0,050602,0506,05,AUCARA,LUCANAS,AYACUCHO,3055,34.62932799337827,22.01207411425797,True,00003713,59.8,rural
229505,Jautapampa,0,050603,0506,05,CABANA,LUCANAS,AYACUCHO,3451,6.4566494149910305,3.2283247074955153,True,00003713,500.7,rural
241381,Yacutaya,0,050611,0506,05,LUCANAS,LUCANAS,AYACUCHO,4257,,,False,,17.0,rural
524107,Pacha Pucuna,0,050603,0506,05,CABANA,LUCANAS,AYACUCHO,4298,,,False,,396.8,rural
613472,Challhuamayo,0,051005,0510,05,CANARIA,VICTOR FAJARDO,AYACUCHO,4325,24.84544326660189,24.068363631059743,True,00003829,8.1,rural
535284,Pucche Villavista,0,050603,0506,05,CABANA,LUCANAS,AYACUCHO,3121,20.77977227883328,11.558380102905367,True,00003713,64.7,rural
130340,Sondondo,0,050603,0506,05,CABANA,LUCANAS,AYACUCHO,2993,16.197943709172034,9.356432493823089,True,00003713,255.3,rural
221310,Moyopata,0,050618,0506,05,SAN PEDRO DE PALCO,LUCANAS,AYACUCHO,4007,,,False,,26.2,rural
537215,Tambo,0,050618,0506,05,SAN PEDRO DE PALCO,LUCANAS,AYACUCHO,4141,,,False,,10.7,rural
530734,Cceccapisca,0,050603,0506,05,CABANA,LUCANAS,AYACUCHO,3355,15.816759127387282,9.165840202930717,True,00003713,190.8,rural
310669,Ayon,0,050603,0506,05,CABANA,LUCANAS,AYACUCHO,3359,4.416051080932615,3.7202960536817256,True,00003713,679.2,rural
225613,Lasapata,0,050618,0506,05,SAN PEDRO DE PALCO,LUCANAS,AYACUCHO,4045,,,False,,16.4,rural
110781,Riyiñan,0,050602,0506,05,AUCARA,LUCANAS,AYACUCHO,4310,,,False,,126.3,rural
310640,Yanamachay,0,050602,0506,05,AUCARA,LUCANAS,AYACUCHO,3562,29.919297688231428,19.61426699594565,True,00003713,107.5,rural
515247,Collay Cullay / Collay,0,050602,0506,05,AUCARA,LUCANAS,AYACUCHO,3106,13.719276633006514,13.320238877789926,True,00003713,185.9,rural
224110,Orccosa,0,050602,0506,05,AUCARA,LUCANAS,AYACUCHO,3136,39.901658969282785,26.269174516646547,True,00003713,156.2,rural
130390,San Diego de Ishua,0,050602,0506,05,AUCARA,LUCANAS,AYACUCHO,2987,11.153326544104376,12.037263833338857,True,00003713,505.1,rural
220914,Occra,0,050303,0503,05,SACSAMARCA,HUANCA SANCOS,AYACUCHO,3871,,,False,,53.8,rural
133375,Sayhuaccata / Sayhuapata / Sayhuaqata,0,051005,0510,05,CANARIA,VICTOR FAJARDO,AYACUCHO,4133,,,False,,7.4,rural
227717,Ccatahuasi,0,050618,0506,05,SAN PEDRO DE PALCO,LUCANAS,AYACUCHO,3979,,,False,,2.0,rural
621732,Quisuarniyocc,0,050602,0506,05,AUCARA,LUCANAS,AYACUCHO,3616,,,False,,46.9,rural
124240,Lasapampa,0,050602,0506,05,AUCARA,LUCANAS,AYACUCHO,4186,,,False,,46.9,rural
123727,Humaya,0,050602,0506,05,AUCARA,LUCANAS,AYACUCHO,3089,50.80749854897404,32.570235555939334,True,00003713,113.4,rural
233715,Machaypata,0,050611,0506,05,LUCANAS,LUCANAS,AYACUCHO,4322,,,False,,15.7,rural
529145,Conty Huaycco,0,050604,0506,05,CARMEN SALCEDO,LUCANAS,AYACUCHO,3437,32.82254710194033,28.146651397181156,True,00003713,161.1,rural
542998,Huajohuace,0,050618,0506,05,SAN PEDRO DE PALCO,LUCANAS,AYACUCHO,4118,,,False,,36.5,rural
548799,Jarhuaymarca,0,050603,0506,05,CABANA,LUCANAS,AYACUCHO,3074,20.77977227883328,11.558380102905367,True,00003713,56.3,rural
515291,Rueda Pampa,0,051005,0510,05,CANARIA,VICTOR FAJARDO,AYACUCHO,3966,,,False,,15.2,rural
626137,Totorapata,0,050602,0506,05,AUCARA,LUCANAS,AYACUCHO,3816,,,False,,168.8,rural
529610,Uncho Chuco,0,050618,0506,05,SAN PEDRO DE PALCO,LUCANAS,AYACUCHO,4128,,,False,,16.3,rural
550658,Ccocha,0,050618,0506,05,SAN PEDRO DE PALCO,LUCANAS,AYACUCHO,3975,,,False,,13.8,rural
128383,Acno,0,050618,0506,05,SAN PEDRO DE PALCO,LUCANAS,AYACUCHO,4028,,,False,,6.1,rural
511335,Huamanquillo,0,050618,0506,05,SAN PEDRO DE PALCO,LUCANAS,AYACUCHO,4035,,,False,,6.4,rural
110218,Tayacucho,0,050602,0506,05,AUCARA,LUCANAS,AYACUCHO,4029,,,False,,28.6,rural
112741,Santa Ana de Huaycahuacho,3,050620,0506,05,SANTA ANA DE HUAYCAHUACHO,LUCANAS,AYACUCHO,2970,13.94132564564559,15.079033041865387,True,00003713,346.6,rural
111237,Ccahuiña,0,050618,0506,05,SAN PEDRO DE PALCO,LUCANAS,AYACUCHO,3954,,,False,,13.8,rural
227402,Soytojo,0,050905,0509,05,HUACAÑA,SUCRE,AYACUCHO,3505,,,False,,132.8,rural
118640,Paclla,0,050602,0506,05,AUCARA,LUCANAS,AYACUCHO,4261,,,False,,247.8,rural
115532,Pucaccacca,0,050618,0506,05,SAN PEDRO DE PALCO,LUCANAS,AYACUCHO,4009,,,False,,27.8,rural
133462,Asno Puquio,0,050602,0506,05,AUCARA,LUCANAS,AYACUCHO,3249,30.367314949293654,19.932171918261986,True,00003713,33.4,rural
123053,Mozocorral,0,050618,0506,05,SAN PEDRO DE PALCO,LUCANAS,AYACUCHO,3987,,,False,,3.9,rural
210501,Santa Cruz de Accenana,0,050602,0506,05,AUCARA,LUCANAS,AYACUCHO,3478,63.72141475653445,42.05147672276904,True,00003713,76.2,rural
622170,Pulperia,0,050618,0506,05,SAN PEDRO DE PALCO,LUCANAS,AYACUCHO,3958,118.08621197310161,104.6247997170073,True,00033337,64.8,rural
124774,Bisbicha,0,050602,0506,05,AUCARA,LUCANAS,AYACUCHO,3863,,,False,,121.4,rural
129724,Patahuasi,0,050301,0503,05,SANCOS,HUANCA SANCOS,AYACUCHO,3988,127.0729806342465,97.31494477075991,True,00003512,93.8,rural
246088,Jatunhuasi,0,050602,0506,05,AUCARA,LUCANAS,AYACUCHO,4005,,,False,,107.1,rural
624299,Ccala Huanco,0,050602,0506,05,AUCARA,LUCANAS,AYACUCHO,3077,29.21217057994047,19.13220411079286,True,00003713,56.1,rural
243940,Huanupata,0,050602,0506,05,AUCARA,LUCANAS,AYACUCHO,3718,80.02746183200482,52.85976004328728,True,00003713,40.8,rural
242817,Ajanta,0,050602,0506,05,AUCARA,LUCANAS,AYACUCHO,3850,,,False,,118.8,rural
123168,Licha Pampa,0,050602,0506,05,AUCARA,LUCANAS,AYACUCHO,3576,,,False,,53.0,rural
121963,Amaycca,0,050602,0506,05,AUCARA,LUCANAS,AYACUCHO,3449,,,False,,122.8,rural
133478,Lecleja,0,050602,0506,05,AUCARA,LUCANAS,AYACUCHO,4332,,,False,,66.1,rural
118680,Ccondiscca,0,050602,0506,05,AUCARA,LUCANAS,AYACUCHO,4236,,,False,,210.6,rural
131227,Yamama,0,050602,0506,05,AUCARA,LUCANAS,AYACUCHO,4099,,,False,,49.9,rural
227595,Moila,0,050608,0506,05,LARAMATE,LUCANAS,AYACUCHO,4304,,,False,,38.0,rural
228038,Jullana,0,050303,0503,05,SACSAMARCA,HUANCA SANCOS,AYACUCHO,4273,,,False,,13.4,rural
240271,Llupa,0,050303,0503,05,SACSAMARCA,HUANCA SANCOS,AYACUCHO,4361,,,False,,19.7,rural
219815,Janjahua,0,051003,0510,05,APONGO,VICTOR FAJARDO,AYACUCHO,4276,42.76320439092316,37.01056409181947,True,00033337,47.1,rural
546895,Ccorficancha,0,050602,0506,05,AUCARA,LUCANAS,AYACUCHO,4112,,,False,,82.4,rural
244754,Patahuasi,0,050602,0506,05,AUCARA,LUCANAS,AYACUCHO,4019,,,False,,129.1,rural
513491,Ayache,0,050602,0506,05,AUCARA,LUCANAS,AYACUCHO,4042,,,False,,57.6,rural
231686,Occurqui,0,050303,0503,05,SACSAMARCA,HUANCA SANCOS,AYACUCHO,4254,,,False,,23.7,rural
244957,Sajatoma,0,051003,0510,05,APONGO,VICTOR FAJARDO,AYACUCHO,4364,,,False,,22.8,rural
531797,Uyuccasa,0,051005,0510,05,CANARIA,VICTOR FAJARDO,AYACUCHO,3325,1.4721772919816185,0.7360886459908093,True,00033337,532.2,rural
523007,Huaripirca,0,050303,0503,05,SACSAMARCA,HUANCA SANCOS,AYACUCHO,4519,,,False,,14.9,rural
212023,Manco Joniche,0,050906,0509,05,MORCOLLA,SUCRE,AYACUCHO,3796,106.08649293799405,67.02329518131216,True,00033337,79.3,rural
613285,Ccatun Huasi,0,050303,0503,05,SACSAMARCA,HUANCA SANCOS,AYACUCHO,3999,,,False,,9.2,rural
122333,Jarhuay,0,050301,0503,05,SANCOS,HUANCA SANCOS,AYACUCHO,4273,,,False,,39.1,rural
537842,Chilpahuasi,0,050303,0503,05,SACSAMARCA,HUANCA SANCOS,AYACUCHO,4051,53.622663165075934,59.12191701460288,True,00033337,74.9,rural
227340,Putaccasa,0,050602,0506,05,AUCARA,LUCANAS,AYACUCHO,4094,51.19893337590235,55.890277295704756,True,00033337,176.7,rural
123182,Huayccohuasi,0,051003,0510,05,APONGO,VICTOR FAJARDO,AYACUCHO,3629,76.89914670852949,50.32851294724369,True,00003713,113.8,rural
620814,Cuchihuasi,0,050602,0506,05,AUCARA,LUCANAS,AYACUCHO,3972,76.38568851409497,73.81155064326012,True,00033337,134.1,rural
220321,Morocoilla,0,050301,0503,05,SANCOS,HUANCA SANCOS,AYACUCHO,4042,,,False,,35.1,rural
123015,Morcolla / Morcolla Chico,0,051004,0510,05,ASQUIPATA,VICTOR FAJARDO,AYACUCHO,2993,76.36445583042685,50.81823736120199,True,00033337,42.3,rural
243826,Jatunhuasi,0,050301,0503,05,SANCOS,HUANCA SANCOS,AYACUCHO,3987,113.47287977671594,90.51489434199463,True,00003512,27.6,rural
226728,Cruzpata,0,050301,0503,05,SANCOS,HUANCA SANCOS,AYACUCHO,3951,122.91637456030091,95.23664173378711,True,00003512,10.3,rural
214691,Ajocancha,0,050303,0503,05,SACSAMARCA,HUANCA SANCOS,AYACUCHO,4028,57.5924083100532,64.41491054123924,True,00033337,8.5,rural
511845,Machuhuasi,0,050303,0503,05,SACSAMARCA,HUANCA SANCOS,AYACUCHO,4330,,,False,,13.6,rural
219411,Milpo,0,051004,0510,05,ASQUIPATA,VICTOR FAJARDO,AYACUCHO,3365,84.81233649430472,56.39468476758792,True,00033337,85.4,rural
223743,Huancacirca,0,050301,0503,05,SANCOS,HUANCA SANCOS,AYACUCHO,3962,,,False,,13.7,rural
210459,Lindahuasi,0,050301,0503,05,SANCOS,HUANCA SANCOS,AYACUCHO,3964,,,False,,16.8,rural
215826,Potrero,0,050301,0503,05,SANCOS,HUANCA SANCOS,AYACUCHO,3974,,,False,,14.1,rural
126166,Antacancha,0,050303,0503,05,SACSAMARCA,HUANCA SANCOS,AYACUCHO,4205,59.752749078743825,62.18695997143682,True,00033337,37.4,rural
218467,Tama,0,051004,0510,05,ASQUIPATA,VICTOR FAJARDO,AYACUCHO,3541,84.80324434095967,56.38167088279496,True,00033337,103.0,rural
210734,Paccha,0,051003,0510,05,APONGO,VICTOR FAJARDO,AYACUCHO,3949,82.16151674485008,54.46163978196627,True,00003713,55.5,rural
117874,Sayre,0,050602,0506,05,AUCARA,LUCANAS,AYACUCHO,4306,,,False,,110.4,rural
246065,Joricancha,0,051003,0510,05,APONGO,VICTOR FAJARDO,AYACUCHO,4079,,,False,,16.2,rural
111702,Jatun Huasi,0,050602,0506,05,AUCARA,LUCANAS,AYACUCHO,4347,,,False,,41.2,rural
210714,Pucacorral,0,050303,0503,05,SACSAMARCA,HUANCA SANCOS,AYACUCHO,4196,,,False,,21.5,rural
622894,Ccocra,0,050303,0503,05,SACSAMARCA,HUANCA SANCOS,AYACUCHO,4369,,,False,,84.5,rural
541254,Piqoy Wayco,0,051005,0510,05,CANARIA,VICTOR FAJARDO,AYACUCHO,4347,24.84544326660189,24.068363631059743,True,00003829,2.6,rural
534056,Asca,0,050303,0503,05,SACSAMARCA,HUANCA SANCOS,AYACUCHO,3596,66.67453423662015,64.70176324284532,True,00003512,99.2,rural
618738,Chullaccasa,0,051005,0510,05,CANARIA,VICTOR FAJARDO,AYACUCHO,4270,23.736969828195,23.514126911856298,True,00003829,14.4,rural
114755,Llihua,0,051005,0510,05,CANARIA,VICTOR FAJARDO,AYACUCHO,4166,24.84544326660189,24.068363631059743,True,00003829,7.2,rural
211273,Parada,0,050303,0503,05,SACSAMARCA,HUANCA SANCOS,AYACUCHO,4349,,,False,,19.4,rural
123374,Jamachi,0,050303,0503,05,SACSAMARCA,HUANCA SANCOS,AYACUCHO,4325,,,False,,14.0,rural
230138,Milpoc,0,050301,0503,05,SANCOS,HUANCA SANCOS,AYACUCHO,4018,,,False,,13.6,rural
121085,Condor Huasi,0,050303,0503,05,SACSAMARCA,HUANCA SANCOS,AYACUCHO,4339,,,False,,20.0,rural
610374,Pallcca Cancha,0,050303,0503,05,SACSAMARCA,HUANCA SANCOS,AYACUCHO,4186,,,False,,22.8,rural
110683,Huachoaccasa,0,050303,0503,05,SACSAMARCA,HUANCA SANCOS,AYACUCHO,4423,,,False,,35.5,rural
220797,Huacuralla,0,051003,0510,05,APONGO,VICTOR FAJARDO,AYACUCHO,4340,,,False,,71.3,rural
217457,Toro Potrero,0,050301,0503,05,SANCOS,HUANCA SANCOS,AYACUCHO,3927,,,False,,34.0,rural
111150,Suyto Rumi,0,051005,0510,05,CANARIA,VICTOR FAJARDO,AYACUCHO,4317,,,False,,9.7,rural
210059,Quisuarnioc,0,050301,0503,05,SANCOS,HUANCA SANCOS,AYACUCHO,4059,,,False,,24.0,rural
523251,Marcachata,0,051005,0510,05,CANARIA,VICTOR FAJARDO,AYACUCHO,3424,12.756812442986112,8.498416145618977,True,00033337,737.1,rural
229615,Cuyune,0,050301,0503,05,SANCOS,HUANCA SANCOS,AYACUCHO,3796,,,False,,14.3,rural
250048,Yanamachay,0,050301,0503,05,SANCOS,HUANCA SANCOS,AYACUCHO,4243,,,False,,35.0,rural
127053,Challhuamayo,0,051003,0510,05,APONGO,VICTOR FAJARDO,AYACUCHO,4343,31.105482138683655,31.181702965699717,True,00033337,90.7,rural
126215,Huaytara,0,051005,0510,05,CANARIA,VICTOR FAJARDO,AYACUCHO,4291,,,False,,55.8,rural
548760,San Jeronimo / Planta San Geronimo,0,051005,0510,05,CANARIA,VICTOR FAJARDO,AYACUCHO,3927,,,False,,7.6,rural
129185,Mina Catalina Huanca,0,051005,0510,05,CANARIA,VICTOR FAJARDO,AYACUCHO,3528,1.943830551576659,1.295887034384439,True,00033337,497.7,rural
510015,Oqoroyoq,0,051005,0510,05,CANARIA,VICTOR FAJARDO,AYACUCHO,4229,11.958253925229743,9.224848268690163,True,00033337,115.0,rural
231162,Suyto Rumi,0,050303,0503,05,SACSAMARCA,HUANCA SANCOS,AYACUCHO,4114,,,False,,36.0,rural
224075,Pocposilca,0,050301,0503,05,SANCOS,HUANCA SANCOS,AYACUCHO,4226,,,False,,27.6,rural
226795,San Juan de Huarcaya,0,050304,0503,05,SANTIAGO DE LUCANAMARCA,HUANCA SANCOS,AYACUCHO,3510,50.0349426490133,43.06825811611236,True,00003512,68.8,rural
545897,Sorapampa,0,051005,0510,05,CANARIA,VICTOR FAJARDO,AYACUCHO,4249,20.387133375896664,20.46335420291272,True,00033337,11.6,rural
119024,Millpo Pampa,0,051005,0510,05,CANARIA,VICTOR FAJARDO,AYACUCHO,4314,20.387133375896664,20.46335420291272,True,00033337,12.4,rural
211001,Corral Pampa,0,051005,0510,05,CANARIA,VICTOR FAJARDO,AYACUCHO,4423,22.27849967980454,22.3547205068206,True,00033337,28.0,rural
616302,Patawasi,0,051005,0510,05,CANARIA,VICTOR FAJARDO,AYACUCHO,4283,,,False,,28.6,rural
231512,Huacha Huachanan,0,050301,0503,05,SANCOS,HUANCA SANCOS,AYACUCHO,3903,57.19248739785732,59.164261230475546,True,00003512,56.2,rural
223951,Llehuecclla,0,050301,0503,05,SANCOS,HUANCA SANCOS,AYACUCHO,4312,,,False,,38.8,rural
553953,Sacsamarca,3,050303,0503,05,SACSAMARCA,HUANCA SANCOS,AYACUCHO,3472,59.79849888754413,60.35497350295787,True,00003512,133.7,rural
540597,Wayllaoqo,0,051005,0510,05,CANARIA,VICTOR FAJARDO,AYACUCHO,3829,,,False,,29.4,rural
616199,Huaccotoccasa,0,051005,0510,05,CANARIA,VICTOR FAJARDO,AYACUCHO,4130,,,False,,16.4,rural
618486,Huacchuaccassa,0,051005,0510,05,CANARIA,VICTOR FAJARDO,AYACUCHO,4085,,,False,,13.4,rural
539702,Pucahuasi,0,050303,0503,05,SACSAMARCA,HUANCA SANCOS,AYACUCHO,4187,,,False,,26.9,rural
536077,Jatun Orqo,0,051005,0510,05,CANARIA,VICTOR FAJARDO,AYACUCHO,3425,36.081353204656175,23.682104335077966,True,00003824,16.9,rural
222454,Huanaco,0,051005,0510,05,CANARIA,VICTOR FAJARDO,AYACUCHO,3129,9.87579803827514,9.354685865962242,True,00003824,89.1,rural
241570,Ccuenhuacucho / Cenhuahuaycco,0,050303,0503,05,SACSAMARCA,HUANCA SANCOS,AYACUCHO,4232,,,False,,28.3,rural
221897,Saltopampa,0,050303,0503,05,SACSAMARCA,HUANCA SANCOS,AYACUCHO,4399,,,False,,10.0,rural
113917,Suyto Cocha / Suyto Cocha Chico,0,051005,0510,05,CANARIA,VICTOR FAJARDO,AYACUCHO,4170,,,False,,20.5,rural
216812,Llallahuillca,0,050301,0503,05,SANCOS,HUANCA SANCOS,AYACUCHO,4347,,,False,,25.3,rural
241974,Utucocha,0,051005,0510,05,CANARIA,VICTOR FAJARDO,AYACUCHO,4437,,,False,,40.7,rural
225377,Huaycco Huasi,0,051005,0510,05,CANARIA,VICTOR FAJARDO,AYACUCHO,4307,,,False,,25.3,rural
622190,Pucawasi,0,051005,0510,05,CANARIA,VICTOR FAJARDO,AYACUCHO,4422,24.84544326660189,24.068363631059743,True,00003829,21.0,rural
235374,Huaylas,0,050301,0503,05,SANCOS,HUANCA SANCOS,AYACUCHO,4059,,,False,,47.4,rural
240162,Parccohuasi,0,050303,0503,05,SACSAMARCA,HUANCA SANCOS,AYACUCHO,4126,,,False,,13.1,rural
614288,Anoqara,0,051010,0510,05,HUALLA,VICTOR FAJARDO,AYACUCHO,4066,25.545110155779067,23.933366636504502,True,00003829,16.4,rural
624256,Cusuro,0,050301,0503,05,SANCOS,HUANCA SANCOS,AYACUCHO,4042,,,False,,28.8,rural
619631,Huamanripa,0,050304,0503,05,SANTIAGO DE LUCANAMARCA,HUANCA SANCOS,AYACUCHO,3714,57.78083127102426,52.37029497842583,True,00003512,11.2,rural
535125,Ccari,0,051010,0510,05,HUALLA,VICTOR FAJARDO,AYACUCHO,4340,20.849716400600812,20.62687348426211,True,00003829,46.4,rural
112469,Pachapata,0,050303,0503,05,SACSAMARCA,HUANCA SANCOS,AYACUCHO,3703,89.01805571161813,79.51947062821677,True,00003512,12.1,rural
113502,Paquiopata,0,050303,0503,05,SACSAMARCA,HUANCA SANCOS,AYACUCHO,3741,88.84396428127674,79.43242491304605,True,00003512,16.0,rural
223093,Santa Rosa,0,051001,0510,05,HUANCAPI,VICTOR FAJARDO,AYACUCHO,4008,,,False,,12.9,rural
116397,Arpancca,0,051001,0510,05,HUANCAPI,VICTOR FAJARDO,AYACUCHO,4208,,,False,,20.5,rural
541107,San Antonio de Julo,0,050304,0503,05,SANTIAGO DE LUCANAMARCA,HUANCA SANCOS,AYACUCHO,3345,50.36068835799365,41.86426113905281,True,00003512,60.0,rural
128600,Inccancha,0,051001,0510,05,HUANCAPI,VICTOR FAJARDO,AYACUCHO,4125,,,False,,7.7,rural
233453,Condor Ccacca,0,050304,0503,05,SANTIAGO DE LUCANAMARCA,HUANCA SANCOS,AYACUCHO,3794,,,False,,41.7,rural
235568,Huanrac Huaycco,0,051001,0510,05,HUANCAPI,VICTOR FAJARDO,AYACUCHO,4089,,,False,,34.6,rural
237161,Huayllar Huaycco,0,051001,0510,05,HUANCAPI,VICTOR FAJARDO,AYACUCHO,4191,,,False,,48.1,rural
212113,Matacancha,0,050303,0503,05,SACSAMARCA,HUANCA SANCOS,AYACUCHO,3881,,,False,,15.2,rural
537582,Soañe,0,051010,0510,05,HUALLA,VICTOR FAJARDO,AYACUCHO,3513,,,False,,106.8,rural
112060,Tiquihua,0,051010,0510,05,HUALLA,VICTOR FAJARDO,AYACUCHO,3207,8.232753967128435,8.941207763883897,True,00003829,707.7,rural
625081,Jullpahuaycco,0,051010,0510,05,HUALLA,VICTOR FAJARDO,AYACUCHO,3962,,,False,,10.9,rural
114761,Iscurumi,0,051005,0510,05,CANARIA,VICTOR FAJARDO,AYACUCHO,4142,,,False,,26.9,rural
228576,Toro Rumi,0,051010,0510,05,HUALLA,VICTOR FAJARDO,AYACUCHO,4310,25.04604030906798,22.77075893134513,True,00003829,39.1,rural
228760,Amaypata,0,050303,0503,05,SACSAMARCA,HUANCA SANCOS,AYACUCHO,4200,,,False,,13.2,rural
222055,Ccaraccara,0,050303,0503,05,SACSAMARCA,HUANCA SANCOS,AYACUCHO,4195,,,False,,11.2,rural
616155,Wuichip / Wichiqpampa,0,051010,0510,05,HUALLA,VICTOR FAJARDO,AYACUCHO,4308,20.849716400600812,20.62687348426211,True,00003829,49.4,rural
615818,Esccere,0,051010,0510,05,HUALLA,VICTOR FAJARDO,AYACUCHO,3797,,,False,,115.9,rural
536027,Pumarumi,0,051010,0510,05,HUALLA,VICTOR FAJARDO,AYACUCHO,4317,,,False,,30.1,rural
541778,Anacata,0,051010,0510,05,HUALLA,VICTOR FAJARDO,AYACUCHO,3975,,,False,,26.9,rural
620507,Soncco,0,050301,0503,05,SANCOS,HUANCA SANCOS,AYACUCHO,3523,50.82467617477132,52.00847058271455,True,00003512,19.8,rural
239492,Condor Huachana,0,050304,0503,05,SANTIAGO DE LUCANAMARCA,HUANCA SANCOS,AYACUCHO,4249,,,False,,79.5,rural
129936,Pallca,0,050303,0503,05,SACSAMARCA,HUANCA SANCOS,AYACUCHO,3428,88.69646392233153,79.35867473357345,True,00003512,20.1,rural
235506,Muqui / Moque,0,050303,0503,05,SACSAMARCA,HUANCA SANCOS,AYACUCHO,4008,,,False,,13.5,rural
240012,Uchuapata,0,050304,0503,05,SANTIAGO DE LUCANAMARCA,HUANCA SANCOS,AYACUCHO,3543,61.52499046126798,59.9683380586387,True,00003512,73.7,rural
536653,Miquecna,0,050303,0503,05,SACSAMARCA,HUANCA SANCOS,AYACUCHO,3732,,,False,,20.2,rural
245946,Accocasa,0,051010,0510,05,HUALLA,VICTOR FAJARDO,AYACUCHO,4009,16.426225514531946,16.203382598193244,True,00003829,41.3,rural
223650,Cuncacha,0,050302,0503,05,CARAPO,HUANCA SANCOS,AYACUCHO,3951,,,False,,9.5,rural
245730,Quinuapata,0,050304,0503,05,SANTIAGO DE LUCANAMARCA,HUANCA SANCOS,AYACUCHO,4098,,,False,,38.7,rural
231564,Cchahuana,0,050302,0503,05,CARAPO,HUANCA SANCOS,AYACUCHO,3384,40.1413579700156,42.00689054630263,True,00003512,70.8,rural
245889,Sombrerotuyocc,0,050304,0503,05,SANTIAGO DE LUCANAMARCA,HUANCA SANCOS,AYACUCHO,4031,70.76196375820783,58.860861222017604,True,00003512,30.4,rural
250225,Malpaso,0,051010,0510,05,HUALLA,VICTOR FAJARDO,AYACUCHO,4263,16.426225514531946,16.203382598193244,True,00003829,67.1,rural
244347,Cayhuari,0,051010,0510,05,HUALLA,VICTOR FAJARDO,AYACUCHO,4193,,,False,,75.2,rural
124768,Yuraj Cancha,0,050302,0503,05,CARAPO,HUANCA SANCOS,AYACUCHO,3999,,,False,,31.9,rural
237641,Ranra Ranra,0,050304,0503,05,SANTIAGO DE LUCANAMARCA,HUANCA SANCOS,AYACUCHO,3832,61.7647478412347,56.354211548636265,True,00003512,57.4,rural
124508,Tiana Huasi,0,050302,0503,05,CARAPO,HUANCA SANCOS,AYACUCHO,3393,,,False,,34.2,rural
222924,Llacua,0,050304,0503,05,SANTIAGO DE LUCANAMARCA,HUANCA SANCOS,AYACUCHO,4111,,,False,,46.8,rural
121256,Ccoccralla Pampa,0,050302,0503,05,CARAPO,HUANCA SANCOS,AYACUCHO,3976,,,False,,60.0,rural
525786,Manchiripata,0,050303,0503,05,SACSAMARCA,HUANCA SANCOS,AYACUCHO,4270,,,False,,90.8,rural
528261,Concayocc,0,050304,0503,05,SANTIAGO DE LUCANAMARCA,HUANCA SANCOS,AYACUCHO,3544,56.87421737132579,51.463681078727355,True,00003512,44.2,rural
550147,Accopampa,0,050302,0503,05,CARAPO,HUANCA SANCOS,AYACUCHO,3104,35.77738508090375,36.46570556839531,True,00003512,98.9,rural
128390,Ccotamesa,0,051001,0510,05,HUANCAPI,VICTOR FAJARDO,AYACUCHO,4173,,,False,,54.3,rural
536726,Carmen de Alanya,0,050304,0503,05,SANTIAGO DE LUCANAMARCA,HUANCA SANCOS,AYACUCHO,3674,43.515692053699354,39.700329924093225,True,00003512,106.3,rural
232022,Condor Huachana,0,050304,0503,05,SANTIAGO DE LUCANAMARCA,HUANCA SANCOS,AYACUCHO,3928,,,False,,32.4,rural
238839,Huaccrapampa,0,050303,0503,05,SACSAMARCA,HUANCA SANCOS,AYACUCHO,4165,,,False,,53.4,rural
510478,Sincapampa,0,050304,0503,05,SANTIAGO DE LUCANAMARCA,HUANCA SANCOS,AYACUCHO,3313,42.61262382691742,40.943490803611226,True,00003512,80.5,rural
539166,Pampahuasi,0,050302,0503,05,CARAPO,HUANCA SANCOS,AYACUCHO,3309,38.997793306774106,39.21203088155888,True,00003512,118.5,rural
236230,Tunio,0,051010,0510,05,HUALLA,VICTOR FAJARDO,AYACUCHO,4052,,,False,,96.9,rural
520230,Huaylulo,0,050304,0503,05,SANTIAGO DE LUCANAMARCA,HUANCA SANCOS,AYACUCHO,4125,,,False,,36.5,rural
221965,Paco Pampa,0,050304,0503,05,SANTIAGO DE LUCANAMARCA,HUANCA SANCOS,AYACUCHO,4052,,,False,,24.2,rural
120188,Chincheros,0,051006,0510,05,CAYARA,VICTOR FAJARDO,AYACUCHO,3151,5.740339800153051,6.427266823312491,True,00003829,293.7,rural
514813,Moyurccocha,0,050302,0503,05,CARAPO,HUANCA SANCOS,AYACUCHO,3107,33.73624552130204,35.445135788594456,True,00003512,125.2,rural
544926,Llullocha,0,050304,0503,05,SANTIAGO DE LUCANAMARCA,HUANCA SANCOS,AYACUCHO,3943,,,False,,41.7,rural
215788,Acco Punco,0,051001,0510,05,HUANCAPI,VICTOR FAJARDO,AYACUCHO,3654,,,False,,38.5,rural
116209,Antichuco,0,050302,0503,05,CARAPO,HUANCA SANCOS,AYACUCHO,4085,51.503253201221774,51.09769944732003,True,00003512,67.7,rural
116738,Ramos Pampa,0,051001,0510,05,HUANCAPI,VICTOR FAJARDO,AYACUCHO,4080,,,False,,32.9,rural
547501,Sachata,0,050304,0503,05,SANTIAGO DE LUCANAMARCA,HUANCA SANCOS,AYACUCHO,4132,,,False,,55.2,rural
510161,Pucara,0,050304,0503,05,SANTIAGO DE LUCANAMARCA,HUANCA SANCOS,AYACUCHO,3791,52.529763464663056,44.23692841195633,True,00003512,70.8,rural
226771,Ccachcarumi,0,050302,0503,05,CARAPO,HUANCA SANCOS,AYACUCHO,3414,34.164657397798585,33.766245658955285,True,00003512,226.3,rural
544459,Pucapuca,0,050302,0503,05,CARAPO,HUANCA SANCOS,AYACUCHO,3928,,,False,,41.4,rural
213738,Jampatuylla,0,051001,0510,05,HUANCAPI,VICTOR FAJARDO,AYACUCHO,4133,,,False,,12.1,rural
620050,Ccenhua,0,051001,0510,05,HUANCAPI,VICTOR FAJARDO,AYACUCHO,3583,39.88210690410599,35.02961406336788,True,00003829,25.6,rural
537090,Muchcapata,0,051001,0510,05,HUANCAPI,VICTOR FAJARDO,AYACUCHO,4207,,,False,,18.4,rural
615502,Huashuantu,0,051009,0510,05,HUANCARAYLLA,VICTOR FAJARDO,AYACUCHO,4266,,,False,,34.7,rural
242816,Neccui,0,050302,0503,05,CARAPO,HUANCA SANCOS,AYACUCHO,4226,,,False,,60.6,rural
663612,Pedro Condorillo Pata,0,051009,0510,05,HUANCARAYLLA,VICTOR FAJARDO,AYACUCHO,4359,,,False,,38.8,rural
663622,Ccachu I,0,051001,0510,05,HUANCAPI,VICTOR FAJARDO,AYACUCHO,4005,,,False,,25.6,rural
663623,Arquistona,0,051010,0510,05,HUALLA,VICTOR FAJARDO,AYACUCHO,4184,,,False,,74.2,rural
663625,Paccchahuaycco,0,051010,0510,05,HUALLA,VICTOR FAJARDO,AYACUCHO,3774,,,False,,67.7,rural
663627,Pataccuillo,0,051010,0510,05,HUALLA,VICTOR FAJARDO,AYACUCHO,4085,,,False,,40.3,rural
663628,Testisa,0,051010,0510,05,HUALLA,VICTOR FAJARDO,AYACUCHO,3049,10.802351274070269,7.36690045832316,True,00003829,244.2,rural
663631,Choccaquilla,0,051010,0510,05,HUALLA,VICTOR FAJARDO,AYACUCHO,3242,12.130887295450723,8.252591139243462,True,00003829,478.4,rural
663633,Huayllapata,0,051010,0510,05,HUALLA,VICTOR FAJARDO,AYACUCHO,4164,,,False,,72.1,rural
663638,Huayramachay,0,051010,0510,05,HUALLA,VICTOR FAJARDO,AYACUCHO,4213,,,False,,19.5,rural
663642,Paccucuyllo,0,051010,0510,05,HUALLA,VICTOR FAJARDO,AYACUCHO,3791,,,False,,37.5,rural
567019,Tranca,0,051010,0510,05,HUALLA,VICTOR FAJARDO,AYACUCHO,3743,,,False,,15.2,rural
558915,Puycay,0,050603,0506,05,CABANA,LUCANAS,AYACUCHO,3248,15.816759127387282,9.165840202930717,True,00003713,55.1,rural
552979,Supampampa,0,051010,0510,05,HUALLA,VICTOR FAJARDO,AYACUCHO,3795,,,False,,178.9,rural
552700,Quichcasora,0,050602,0506,05,AUCARA,LUCANAS,AYACUCHO,4197,,,False,,64.9,rural
559016,Huaccoto,0,050603,0506,05,CABANA,LUCANAS,AYACUCHO,4225,,,False,,111.0,rural
656717,Yarjayuq,0,050303,0503,05,SACSAMARCA,HUANCA SANCOS,AYACUCHO,3968,,,False,,64.5,rural
656735,Uchco Uchco,0,050304,0503,05,SANTIAGO DE LUCANAMARCA,HUANCA SANCOS,AYACUCHO,3485,54.835079540808785,49.34377581503022,True,00003512,76.7,rural
656652,Botegeria,0,050302,0503,05,CARAPO,HUANCA SANCOS,AYACUCHO,3530,48.597296713856636,40.532635279874064,True,00003512,64.0,rural
656710,Tunacanchacucho,0,050303,0503,05,SACSAMARCA,HUANCA SANCOS,AYACUCHO,4033,,,False,,36.4,rural
656711,Chupacancha,0,050303,0503,05,SACSAMARCA,HUANCA SANCOS,AYACUCHO,4106,57.5924083100532,64.41491054123924,True,00033337,19.7,rural
656668,Jorge Chavez (Jorijopa),0,050618,0506,05,SAN PEDRO DE PALCO,LUCANAS,AYACUCHO,4037,,,False,,4.8,rural
657075,Ranra Cruz,0,050304,0503,05,SANTIAGO DE LUCANAMARCA,HUANCA SANCOS,AYACUCHO,3770,57.78083127102426,52.37029497842583,True,00003512,46.0,rural
662321,Puncoccacca,0,050618,0506,05,SAN PEDRO DE PALCO,LUCANAS,AYACUCHO,3976,,,False,,5.6,rural
662360,Timpocc Qollpa,0,051010,0510,05,HUALLA,VICTOR FAJARDO,AYACUCHO,4009,,,False,,17.8,rural
662578,Misqui Puquio,0,050618,0506,05,SAN PEDRO DE PALCO,LUCANAS,AYACUCHO,4016,,,False,,28.0,rural
662612,Ccercca Pampa,0,051001,0510,05,HUANCAPI,VICTOR FAJARDO,AYACUCHO,4184,,,False,,33.5,rural
662737,Soldaduyoc,0,050301,0503,05,SANCOS,HUANCA SANCOS,AYACUCHO,3803,55.65062550830842,57.031155582158924,True,00003512,41.1,rural
662740,Alani,0,050301,0503,05,SANCOS,HUANCA SANCOS,AYACUCHO,3491,49.92691060850051,51.68200212419231,True,00003512,45.3,rural
662741,Pacopampa,0,050301,0503,05,SANCOS,HUANCA SANCOS,AYACUCHO,3894,58.55543863562525,57.7973457812166,True,00003512,49.1,rural
662763,Pucapunco,0,050301,0503,05,SANCOS,HUANCA SANCOS,AYACUCHO,4283,,,False,,4.2,rural
662774,Tarunca,0,050301,0503,05,SANCOS,HUANCA SANCOS,AYACUCHO,3404,50.06846171360423,51.41621369662879,True,00003512,88.3,rural
662776,Uraya,0,050301,0503,05,SANCOS,HUANCA SANCOS,AYACUCHO,3543,55.4883970904265,56.832378731056366,True,00003512,139.5,rural
662777,Currina,0,050301,0503,05,SANCOS,HUANCA SANCOS,AYACUCHO,3925,,,False,,35.5,rural
662780,Pejocpampa,0,050301,0503,05,SANCOS,HUANCA SANCOS,AYACUCHO,3944,71.59577341596803,76.83828897482474,True,00003512,30.1,rural
662783,Cutucuto,0,050301,0503,05,SANCOS,HUANCA SANCOS,AYACUCHO,3753,63.42673476328179,66.36065854693102,True,00003512,86.6,rural
662790,Chucchocancha,0,050301,0503,05,SANCOS,HUANCA SANCOS,AYACUCHO,4052,,,False,,14.9,rural
662793,Changarra,0,050301,0503,05,SANCOS,HUANCA SANCOS,AYACUCHO,4128,,,False,,14.3,rural
662794,Pichccarma,0,050303,0503,05,SACSAMARCA,HUANCA SANCOS,AYACUCHO,3942,122.91637456030091,95.23664173378711,True,00003512,27.8,rural
662795,Iñipallcca,0,050301,0503,05,SANCOS,HUANCA SANCOS,AYACUCHO,3956,122.91637456030091,95.23664173378711,True,00003512,29.7,rural
662817,Ccellomayo,0,050302,0503,05,CARAPO,HUANCA SANCOS,AYACUCHO,3079,35.25031611430772,37.11584869059476,True,00003512,30.1,rural
662820,Tunahuasi,0,050302,0503,05,CARAPO,HUANCA SANCOS,AYACUCHO,4037,50.26367054384874,50.477908118633515,True,00003512,13.0,rural
662821,Palmadera,0,050302,0503,05,CARAPO,HUANCA SANCOS,AYACUCHO,3925,50.26367054384874,50.477908118633515,True,00003512,15.3,rural
662822,Cuyuhuaycco,0,050302,0503,05,CARAPO,HUANCA SANCOS,AYACUCHO,3444,40.342141557983176,40.55637913276796,True,00003512,100.0,rural
662823,Cano,0,050302,0503,05,CARAPO,HUANCA SANCOS,AYACUCHO,3708,41.62710817909938,40.776132064644884,True,00003512,30.7,rural
662830,Chaqui Puquio,0,050302,0503,05,CARAPO,HUANCA SANCOS,AYACUCHO,3202,39.49668080062083,39.710918375405605,True,00003512,37.2,rural
662832,Urqu Wasi,0,050302,0503,05,CARAPO,HUANCA SANCOS,AYACUCHO,3649,,,False,,28.4,rural
662835,Pariamucco,0,050302,0503,05,CARAPO,HUANCA SANCOS,AYACUCHO,3930,,,False,,59.8,rural
662837,Chocl0 Urcco,0,050303,0503,05,SACSAMARCA,HUANCA SANCOS,AYACUCHO,3658,,,False,,11.4,rural
662839,Challhuamayo,0,050303,0503,05,SACSAMARCA,HUANCA SANCOS,AYACUCHO,3908,,,False,,3.2,rural
662850,Ccenhuacucho,0,050303,0503,05,SACSAMARCA,HUANCA SANCOS,AYACUCHO,4072,51.75777000894421,56.26283505106599,True,00033337,33.5,rural
662851,Accocancha,0,050303,0503,05,SACSAMARCA,HUANCA SANCOS,AYACUCHO,4030,57.5924083100532,64.41491054123924,True,00033337,10.4,rural
662979,Villa Santa Rosa,0,050602,0506,05,AUCARA,LUCANAS,AYACUCHO,4065,56.725020857408786,62.885836182352094,True,00033337,91.4,rural
662980,Saywa,0,050602,0506,05,AUCARA,LUCANAS,AYACUCHO,3676,70.00948133696815,45.719018659278866,True,00003713,73.9,rural
662984,Tayapampa,0,050603,0506,05,CABANA,LUCANAS,AYACUCHO,4048,41.390894577273976,25.59123412687835,True,00003713,176.8,rural
662985,Chirapachayocc,0,050603,0506,05,CABANA,LUCANAS,AYACUCHO,4201,,,False,,96.8,rural
662986,Irahua,0,050603,0506,05,CABANA,LUCANAS,AYACUCHO,4006,33.376948032674434,21.58426085457858,True,00003713,163.0,rural
662997,Huanahuire,0,050603,0506,05,CABANA,LUCANAS,AYACUCHO,4042,,,False,,79.1,rural
663546,Huayllapampa,0,050602,0506,05,AUCARA,LUCANAS,AYACUCHO,3993,82.16151674485008,54.46163978196627,True,00003713,57.9,rural
663549,Llihuapampa,0,051005,0510,05,CANARIA,VICTOR FAJARDO,AYACUCHO,4367,,,False,,23.5,rural
663551,Mutuyniyuq,0,051005,0510,05,CANARIA,VICTOR FAJARDO,AYACUCHO,3867,,,False,,25.7,rural
663553,Jatun Rumi,0,051005,0510,05,CANARIA,VICTOR FAJARDO,AYACUCHO,3546,13.275343182956309,8.758828929554946,True,00033337,62.2,rural
664002,Jatun Waycco,0,051005,0510,05,CANARIA,VICTOR FAJARDO,AYACUCHO,4067,,,False,,49.5,rural
664018,Machu Punku,0,050602,0506,05,AUCARA,LUCANAS,AYACUCHO,4341,,,False,,8.1,rural
664021,Cusi Pata,0,051005,0510,05,CANARIA,VICTOR FAJARDO,AYACUCHO,4407,,,False,,8.3,rural
664025,Machaywasi,0,051005,0510,05,CANARIA,VICTOR FAJARDO,AYACUCHO,4452,,,False,,70.2,rural
664106,Cruz Pata,0,051005,0510,05,CANARIA,VICTOR FAJARDO,AYACUCHO,3316,21.423845224912892,16.353350345206323,True,00003824,11.3,rural
664121,Teqapakyna Pampa,0,051005,0510,05,CANARIA,VICTOR FAJARDO,AYACUCHO,3884,,,False,,15.8,rural
664122,Remillapampa,0,051005,0510,05,CANARIA,VICTOR FAJARDO,AYACUCHO,3363,21.423845224912892,16.353350345206323,True,00003824,28.0,rural
664123,Utaraico,0,051003,0510,05,APONGO,VICTOR FAJARDO,AYACUCHO,4074,82.16151674485008,54.46163978196627,True,00003713,24.9,rural
664124,Waywas,0,050602,0506,05,AUCARA,LUCANAS,AYACUCHO,4388,,,False,,102.3,rural
664126,Saccsacca,0,050618,0506,05,SAN PEDRO DE PALCO,LUCANAS,AYACUCHO,3954,,,False,,26.8,rural
664144,Pichqa Puquio,0,050618,0506,05,SAN PEDRO DE PALCO,LUCANAS,AYACUCHO,4022,,,False,,27.7,rural
664148,Collpa Wasi,0,050618,0506,05,SAN PEDRO DE PALCO,LUCANAS,AYACUCHO,4029,,,False,,5.2,rural
664152,Hoji Orcco,0,050618,0506,05,SAN PEDRO DE PALCO,LUCANAS,AYACUCHO,4031,,,False,,29.5,rural
664153,Ranra Wasi,0,050618,0506,05,SAN PEDRO DE PALCO,LUCANAS,AYACUCHO,4186,,,False,,21.0,rural
664135,Señal Pampana,0,050618,0506,05,SAN PEDRO DE PALCO,LUCANAS,AYACUCHO,4019,,,False,,15.9,rural
664161,Senega Ccasa,0,050618,0506,05,SAN PEDRO DE PALCO,LUCANAS,AYACUCHO,4097,,,False,,38.3,rural
664181,Acco Cancha,0,050618,0506,05,SAN PEDRO DE PALCO,LUCANAS,AYACUCHO,4058,,,False,,17.7,rural
664191,Hatun Punko,0,050618,0506,05,SAN PEDRO DE PALCO,LUCANAS,AYACUCHO,4056,,,False,,26.3,rural
664193,Pitakiro,0,050618,0506,05,SAN PEDRO DE PALCO,LUCANAS,AYACUCHO,4070,,,False,,19.7,rural
664204,Urccu Wasi,0,050618,0506,05,SAN PEDRO DE PALCO,LUCANAS,AYACUCHO,4054,,,False,,11.5,rural
664247,Wanca Pampa,0,050618,0506,05,SAN PEDRO DE PALCO,LUCANAS,AYACUCHO,4011,,,False,,29.3,rural
679107,Qerabamba,0,051010,0510,05,HUALLA,VICTOR FAJARDO,AYACUCHO,3611,1.5477231793096557,1.0378699913644478,True,00003829,397.5,rural
619221,Pariona,0,050304,0503,05,SANTIAGO DE LUCANAMARCA,HUANCA SANCOS,AYACUCHO,3985,71.83825443957095,62.26186234527167,True,00003512,24.1,rural
542645,Cachi,0,050603,0506,05,CABANA,LUCANAS,AYACUCHO,3052,20.77977227883328,11.558380102905367,True,00003713,45.1,rural
663254,Ailana,0,050611,0506,05,LUCANAS,LUCANAS,AYACUCHO,4279,88.71014716475851,47.38033626670399,True,00003720,12.7,rural
663255,Ccatahuasi,0,050611,0506,05,LUCANAS,LUCANAS,AYACUCHO,4056,,,False,,85.1,rural
529423,Paltaccasca / Paltacca,0,050618,0506,05,SAN PEDRO DE PALCO,LUCANAS,AYACUCHO,4206,,,False,,72.6,rural
119918,San Salvador de Taccya,0,050602,0506,05,AUCARA,LUCANAS,AYACUCHO,3494,66.81126087659469,44.11990842909213,True,00003713,54.2,rural
212155,Accopucro,0,051001,0510,05,HUANCAPI,VICTOR FAJARDO,AYACUCHO,4310,,,False,,48.0,rural
212456,Jairhuirpucro,0,050602,0506,05,AUCARA,LUCANAS,AYACUCHO,3613,79.81946982408024,52.70911016709589,True,00003713,61.7,rural
212326,Jahuaña,0,050602,0506,05,AUCARA,LUCANAS,AYACUCHO,4098,,,False,,117.3,rural
127493,Huacya Puquio,0,050303,0503,05,SACSAMARCA,HUANCA SANCOS,AYACUCHO,4240,59.752749078743825,62.18695997143682,True,00033337,15.9,rural
218173,Jenchaj,0,050303,0503,05,SACSAMARCA,HUANCA SANCOS,AYACUCHO,4212,,,False,,24.1,rural
237697,Chupacancha,0,050301,0503,05,SANCOS,HUANCA SANCOS,AYACUCHO,4206,,,False,,13.0,rural
230478,Huarajo,0,051003,0510,05,APONGO,VICTOR FAJARDO,AYACUCHO,4155,,,False,,71.2,rural
674638,Cheqorqona,0,050302,0503,05,CARAPO,HUANCA SANCOS,AYACUCHO,3956,,,False,,13.6,rural
674639,Occopata,0,050302,0503,05,CARAPO,HUANCA SANCOS,AYACUCHO,4005,51.503253201221774,51.09769944732003,True,00003512,34.2,rural
674645,Accorinpa,0,050302,0503,05,CARAPO,HUANCA SANCOS,AYACUCHO,4041,,,False,,54.7,rural
674273,Patar,0,050301,0503,05,SANCOS,HUANCA SANCOS,AYACUCHO,4237,,,False,,22.9,rural
674278,Huaylacucho,0,050301,0503,05,SANCOS,HUANCA SANCOS,AYACUCHO,4089,,,False,,90.9,rural
674281,Atocpuquio,0,050301,0503,05,SANCOS,HUANCA SANCOS,AYACUCHO,3560,50.900621746113984,52.28115181996448,True,00003512,28.2,rural
674018,Pucacorral,0,050611,0506,05,LUCANAS,LUCANAS,AYACUCHO,4262,,,False,,16.7,rural
674447,Tactanca,0,050611,0506,05,LUCANAS,LUCANAS,AYACUCHO,4116,,,False,,35.3,rural
674648,Quespilla,0,050302,0503,05,CARAPO,HUANCA SANCOS,AYACUCHO,3309,,,False,,23.7,rural
674649,Catarata,0,050302,0503,05,CARAPO,HUANCA SANCOS,AYACUCHO,3279,,,False,,21.7,rural
674941,Ccencco,0,050611,0506,05,LUCANAS,LUCANAS,AYACUCHO,4248,82.30920127913478,86.46957295215273,True,00033337,102.9,rural
674945,Mula Wauscca,0,050611,0506,05,LUCANAS,LUCANAS,AYACUCHO,4277,88.71014716475851,47.38033626670399,True,00003720,30.0,rural
675158,Huancahuacho,0,050303,0503,05,SACSAMARCA,HUANCA SANCOS,AYACUCHO,4066,,,False,,28.5,rural
675159,Ninanmarca,0,050303,0503,05,SACSAMARCA,HUANCA SANCOS,AYACUCHO,3958,,,False,,6.8,rural
675161,Paccaya,0,050602,0506,05,AUCARA,LUCANAS,AYACUCHO,4264,,,False,,40.2,rural
675165,Cceso Puquio,0,050602,0506,05,AUCARA,LUCANAS,AYACUCHO,4172,67.09675501358848,73.7925343975308,True,00033337,89.9,rural
675500,Berrocalniyocc,0,050602,0506,05,AUCARA,LUCANAS,AYACUCHO,4221,,,False,,158.0,rural
675502,Buena Vista,0,050603,0506,05,CABANA,LUCANAS,AYACUCHO,4036,41.73473503050283,25.76315435349278,True,00003713,87.6,rural
675503,Mismiscca,0,050602,0506,05,AUCARA,LUCANAS,AYACUCHO,4163,66.67784487479845,73.44344261520577,True,00033337,208.6,rural
675505,Media Luna,0,050602,0506,05,AUCARA,LUCANAS,AYACUCHO,4241,,,False,,36.3,rural
675436,Seqseqaqa,0,050301,0503,05,SANCOS,HUANCA SANCOS,AYACUCHO,3354,55.46577503605828,56.81352701908285,True,00003512,71.5,rural
676130,Osccaccuto,0,050602,0506,05,AUCARA,LUCANAS,AYACUCHO,4057,,,False,,44.2,rural
676134,Saycasa,0,050602,0506,05,AUCARA,LUCANAS,AYACUCHO,3633,,,False,,46.7,rural
676505,Huancollucco,0,050602,0506,05,AUCARA,LUCANAS,AYACUCHO,3367,,,False,,76.6,rural
676509,Huayllayocc,0,050602,0506,05,AUCARA,LUCANAS,AYACUCHO,4073,,,False,,41.9,rural
676627,Sora Mayo,0,050602,0506,05,AUCARA,LUCANAS,AYACUCHO,3529,,,False,,68.3,rural
676817,Pucuna,0,051005,0510,05,CANARIA,VICTOR FAJARDO,AYACUCHO,3482,8.200216969618735,5.466811313079156,True,00033337,176.4,rural
676851,Yanacorral,0,050611,0506,05,LUCANAS,LUCANAS,AYACUCHO,4278,,,False,,3.7,rural
677111,Ninay Marca,0,050602,0506,05,AUCARA,LUCANAS,AYACUCHO,3736,,,False,,14.1,rural
677112,Qatun Rumi,0,050602,0506,05,AUCARA,LUCANAS,AYACUCHO,3485,,,False,,31.8,rural
677114,Huaranjo Jata,0,050602,0506,05,AUCARA,LUCANAS,AYACUCHO,3623,,,False,,23.4,rural
677588,Patarcancha,0,050906,0509,05,MORCOLLA,SUCRE,AYACUCHO,4096,106.79005047110485,67.37507394786756,True,00033337,93.9,rural
678852,Collpa,0,050602,0506,05,AUCARA,LUCANAS,AYACUCHO,3646,,,False,,22.0,rural
678854,Ovija Huasi,0,050602,0506,05,AUCARA,LUCANAS,AYACUCHO,4064,56.725020857408786,62.885836182352094,True,00033337,29.6,rural
678856,Accomocco,0,050603,0506,05,CABANA,LUCANAS,AYACUCHO,4036,41.73473503050283,25.76315435349278,True,00003713,8.7,rural
678857,Cuncuschayocc,0,050602,0506,05,AUCARA,LUCANAS,AYACUCHO,4098,81.74964308358125,81.0823451780142,True,00033337,170.5,rural
678871,Huamanin,0,050303,0503,05,SACSAMARCA,HUANCA SANCOS,AYACUCHO,3519,90.4847594925688,80.2528225186921,True,00003512,8.5,rural
678874,Inca Cruz,0,050303,0503,05,SACSAMARCA,HUANCA SANCOS,AYACUCHO,4095,,,False,,18.5,rural
679259,Ccochaccocha,0,050303,0503,05,SACSAMARCA,HUANCA SANCOS,AYACUCHO,3937,,,False,,37.6,rural
679260,Champapana,0,050303,0503,05,SACSAMARCA,HUANCA SANCOS,AYACUCHO,3859,,,False,,58.3,rural
679262,Uccuruyucc,0,050304,0503,05,SANTIAGO DE LUCANAMARCA,HUANCA SANCOS,AYACUCHO,4020,71.83825443957095,62.26186234527167,True,00003512,23.7,rural
679659,Baden,0,050302,0503,05,CARAPO,HUANCA SANCOS,AYACUCHO,3075,35.2965374787676,37.162070055054635,True,00003512,83.8,rural
681031,Waqlliqasa,0,051010,0510,05,HUALLA,VICTOR FAJARDO,AYACUCHO,4396,,,False,,83.3,rural
681053,Tecsie Pampa,0,051005,0510,05,CANARIA,VICTOR FAJARDO,AYACUCHO,3779,,,False,,0.0,rural
681877,Paqcha,0,050301,0503,05,SANCOS,HUANCA SANCOS,AYACUCHO,3797,,,False,,16.9,rural
123701,Lirioyocc,0,050303,0503,05,SACSAMARCA,HUANCA SANCOS,AYACUCHO,3635,,,False,,10.6,rural
128855,Apongo,3,051003,0510,05,APONGO,VICTOR FAJARDO,AYACUCHO,3060,33.5223362023399,22.094701044497818,True,00033337,584.3,rural
226078,Sayacc Machay,0,050304,0503,05,SANTIAGO DE LUCANAMARCA,HUANCA SANCOS,AYACUCHO,4273,,,False,,64.9,rural
535645,Ccochasique,0,050602,0506,05,AUCARA,LUCANAS,AYACUCHO,2913,18.910965641056716,18.358762039925782,True,00003713,50.1,rural
517436,Huacoto / Quacoto,0,051005,0510,05,CANARIA,VICTOR FAJARDO,AYACUCHO,3753,,,False,,16.3,rural
538006,Tasta,0,051005,0510,05,CANARIA,VICTOR FAJARDO,AYACUCHO,3723,13.180954291089515,8.787302860726344,True,00033337,33.0,rural
216003,Mancajoniche,0,050611,0506,05,LUCANAS,LUCANAS,AYACUCHO,4185,,,False,,27.4,rural
221350,Huaylo,0,050602,0506,05,AUCARA,LUCANAS,AYACUCHO,4161,,,False,,148.4,rural
544333,Siquiñe,0,051005,0510,05,CANARIA,VICTOR FAJARDO,AYACUCHO,3779,,,False,,12.7,rural
623129,Cuchihuasi,0,050602,0506,05,AUCARA,LUCANAS,AYACUCHO,3032,29.21217057994047,19.13220411079286,True,00003713,19.9,rural
126123,Orcohuasi,0,050611,0506,05,LUCANAS,LUCANAS,AYACUCHO,4042,88.68373143248498,47.36712840056723,True,00003720,37.0,rural
686012,Sermona,0,050301,0503,05,SANCOS,HUANCA SANCOS,AYACUCHO,4351,,,False,,27.1,rural
686014,Ceniguilla,0,050301,0503,05,SANCOS,HUANCA SANCOS,AYACUCHO,4337,,,False,,9.6,rural
686018,Ninalla,0,050301,0503,05,SANCOS,HUANCA SANCOS,AYACUCHO,3896,,,False,,45.7,rural
686020,Hiscay Wasi,0,050301,0503,05,SANCOS,HUANCA SANCOS,AYACUCHO,3420,53.41208242624021,53.00468745593286,True,00003512,38.7,rural
686029,Artiza,0,050301,0503,05,SANCOS,HUANCA SANCOS,AYACUCHO,3379,49.66886374088805,50.94130073169963,True,00003512,147.4,rural
686030,Pichiu,0,050301,0503,05,SANCOS,HUANCA SANCOS,AYACUCHO,4091,,,False,,15.6,rural
686031,Cceroucro,0,050301,0503,05,SANCOS,HUANCA SANCOS,AYACUCHO,3918,76.54126677069699,83.00687094609228,True,00003512,32.4,rural
686043,Ccepa Huasi,0,050302,0503,05,CARAPO,HUANCA SANCOS,AYACUCHO,3082,35.366484986592994,36.11273157672827,True,00003512,70.4,rural
686049,Occotuna,0,050303,0503,05,SACSAMARCA,HUANCA SANCOS,AYACUCHO,4061,,,False,,32.1,rural
686063,Cusichacma,0,050303,0503,05,SACSAMARCA,HUANCA SANCOS,AYACUCHO,3990,,,False,,12.6,rural
686064,Uñapiri,0,050303,0503,05,SACSAMARCA,HUANCA SANCOS,AYACUCHO,4040,,,False,,10.7,rural
686174,Pilcocancha,0,050603,0506,05,CABANA,LUCANAS,AYACUCHO,4251,,,False,,328.3,rural
686176,Jachuray,0,050603,0506,05,CABANA,LUCANAS,AYACUCHO,3093,20.77977227883328,11.558380102905367,True,00003713,29.7,rural
686177,Capillo,0,050603,0506,05,CABANA,LUCANAS,AYACUCHO,3127,4.05511711505089,3.203417367490026,True,00003713,1971.8,rural
686248,Ccacca Sora,0,050611,0506,05,LUCANAS,LUCANAS,AYACUCHO,4276,,,False,,15.4,rural
686253,Julluscca,0,050611,0506,05,LUCANAS,LUCANAS,AYACUCHO,4250,,,False,,37.3,rural
686290,Peccuy Pata,0,050618,0506,05,SAN PEDRO DE PALCO,LUCANAS,AYACUCHO,3950,,,False,,48.8,rural
686294,Tinajeria,0,050618,0506,05,SAN PEDRO DE PALCO,LUCANAS,AYACUCHO,4005,,,False,,14.9,rural
686295,Baños Termales De Chuspiray,0,050620,0506,05,SANTA ANA DE HUAYCAHUACHO,LUCANAS,AYACUCHO,2824,16.107303114001333,16.489653688555524,True,00003713,84.5,rural
686402,Ccasapampa,0,051003,0510,05,APONGO,VICTOR FAJARDO,AYACUCHO,4232,42.76320439092316,37.01056409181947,True,00033337,41.9,rural
686409,Llihua,0,051003,0510,05,APONGO,VICTOR FAJARDO,AYACUCHO,4098,,,False,,119.4,rural
692170,Churmi,0,050303,0503,05,SACSAMARCA,HUANCA SANCOS,AYACUCHO,3861,,,False,,5.1,rural
692212,Quchapata,0,051005,0510,05,CANARIA,VICTOR FAJARDO,AYACUCHO,4410,,,False,,26.6,rural
536176,Erapata,0,050903,0509,05,CHALCOS,SUCRE,AYACUCHO,3017,106.1996850904539,101.0838427183569,True,00003824,119.0,rural
111890,Pueblo Nuevo,0,050903,0509,05,CHALCOS,SUCRE,AYACUCHO,3198,109.5873906234924,100.23986834332013,True,00003824,172.6,rural
110799,Pata Pata,0,051102,0511,05,ACCOMARCA,VILCAS HUAMAN,AYACUCHO,3506,57.85970069985025,37.82556036586372,True,00003829,75.0,rural
117421,Upiray,0,051106,0511,05,INDEPENDENCIA,VILCAS HUAMAN,AYACUCHO,3470,70.13967913887788,45.556471769896014,True,00003829,131.9,rural
547109,Urpayituasi,0,050903,0509,05,CHALCOS,SUCRE,AYACUCHO,3541,107.32309702989866,101.64554868807929,True,00003824,134.9,rural
232110,Huanucucho,0,051102,0511,05,ACCOMARCA,VILCAS HUAMAN,AYACUCHO,2344,84.02960055165605,55.27168440420204,True,00003829,70.2,rural
112559,Sora Sora,0,050908,0509,05,SAN PEDRO DE LARCAY,SUCRE,AYACUCHO,4320,53.75070428256473,38.243130922460274,True,00003818,93.1,rural
110303,Ajopita,0,050606,0506,05,CHIPAO,LUCANAS,AYACUCHO,3315,1.9073664831405739,0.9552434391233987,True,00003711,21.3,rural
213921,Asnaccocha,0,050606,0506,05,CHIPAO,LUCANAS,AYACUCHO,4410,,,False,,19.1,rural
240651,Pauccaray,0,050606,0506,05,CHIPAO,LUCANAS,AYACUCHO,4425,,,False,,43.4,rural
538550,Volcan de Carhuarazo,0,050911,0509,05,SORAS,SUCRE,AYACUCHO,4273,,,False,,58.0,rural
222015,Obraje,0,051004,0510,05,ASQUIPATA,VICTOR FAJARDO,AYACUCHO,2776,55.13932226497787,36.65070380863313,True,00033337,191.1,rural
623855,Ccayllaccocha,0,050909,0509,05,SAN SALVADOR DE QUIJE,SUCRE,AYACUCHO,4299,,,False,,61.1,rural
235667,Puyhuascha,0,050908,0509,05,SAN PEDRO DE LARCAY,SUCRE,AYACUCHO,4143,50.43308296080659,35.52605934378333,True,00003818,77.2,rural
220245,Hacienda Ojora,0,050908,0509,05,SAN PEDRO DE LARCAY,SUCRE,AYACUCHO,3868,,,False,,54.4,rural
649967,Ccellohischo,0,050911,0509,05,SORAS,SUCRE,AYACUCHO,4322,,,False,,28.8,rural
215566,Titanccata,0,050911,0509,05,SORAS,SUCRE,AYACUCHO,3842,,,False,,42.5,rural
221670,Chullumpi,0,050606,0506,05,CHIPAO,LUCANAS,AYACUCHO,4276,,,False,,59.3,rural
223995,Paucacorral,0,050911,0509,05,SORAS,SUCRE,AYACUCHO,4186,,,False,,48.0,rural
522391,Virgen de Las Nieves,0,050606,0506,05,CHIPAO,LUCANAS,AYACUCHO,4373,48.19254214681144,31.962190467211492,True,00003711,17.1,rural
245244,Ccallucha,0,050908,0509,05,SAN PEDRO DE LARCAY,SUCRE,AYACUCHO,3722,,,False,,75.4,rural
220773,Hualahuarcco,0,050911,0509,05,SORAS,SUCRE,AYACUCHO,4291,,,False,,34.5,rural
229813,Pucacorral,0,050905,0509,05,HUACAÑA,SUCRE,AYACUCHO,4422,58.0560844475559,38.53788533437446,True,00003711,62.6,rural
225214,Ccaccahuasi,0,050906,0509,05,MORCOLLA,SUCRE,AYACUCHO,4436,59.723782975628104,39.64968435308926,True,00003711,13.5,rural
520818,Jornada,0,050905,0509,05,HUACAÑA,SUCRE,AYACUCHO,4202,,,False,,72.4,rural
221790,Ccicaucha,0,050911,0509,05,SORAS,SUCRE,AYACUCHO,3651,13.248283596782041,10.773381889243268,True,00003818,55.2,rural
545249,Arco Punco,0,050911,0509,05,SORAS,SUCRE,AYACUCHO,3808,,,False,,41.7,rural
626009,Ccoñani,0,050911,0509,05,SORAS,SUCRE,AYACUCHO,3879,,,False,,108.1,rural
243033,Cacacha,0,050606,0506,05,CHIPAO,LUCANAS,AYACUCHO,4436,,,False,,31.3,rural
233125,Oyrochaca,0,050908,0509,05,SAN PEDRO DE LARCAY,SUCRE,AYACUCHO,3686,,,False,,113.5,rural
232379,Achoacorral,0,050911,0509,05,SORAS,SUCRE,AYACUCHO,4205,,,False,,19.8,rural
226717,Campaniyayocc,0,050911,0509,05,SORAS,SUCRE,AYACUCHO,4330,,,False,,48.0,rural
230677,Afilayocc,0,050906,0509,05,MORCOLLA,SUCRE,AYACUCHO,4436,53.78995626045084,35.693799876304425,True,00003711,32.6,rural
514469,Occra,0,050908,0509,05,SAN PEDRO DE LARCAY,SUCRE,AYACUCHO,3854,,,False,,93.8,rural
111265,Tintay,0,050906,0509,05,MORCOLLA,SUCRE,AYACUCHO,3664,57.283342350585144,65.31511695977477,True,00003713,117.7,rural
516768,Huaco,0,050906,0509,05,MORCOLLA,SUCRE,AYACUCHO,4350,60.457743098279984,40.057359935696645,True,00003711,17.0,rural
212846,Titanca,0,050908,0509,05,SAN PEDRO DE LARCAY,SUCRE,AYACUCHO,3812,33.65087702801206,24.84324608609183,True,00003818,54.1,rural
626158,Yahuayro,0,050905,0509,05,HUACAÑA,SUCRE,AYACUCHO,4257,,,False,,190.8,rural
118373,Ccasahuasi,0,050911,0509,05,SORAS,SUCRE,AYACUCHO,4135,,,False,,38.4,rural
513953,Condorccasa,0,050905,0509,05,HUACAÑA,SUCRE,AYACUCHO,4464,,,False,,86.0,rural
524508,Tayapampa,0,050620,0506,05,SANTA ANA DE HUAYCAHUACHO,LUCANAS,AYACUCHO,3625,,,False,,178.9,rural
226630,Ojoruyoc,0,050906,0509,05,MORCOLLA,SUCRE,AYACUCHO,3921,,,False,,119.3,rural
234954,Huaichau,0,050908,0509,05,SAN PEDRO DE LARCAY,SUCRE,AYACUCHO,3747,,,False,,58.7,rural
237182,Illachayoc,0,050905,0509,05,HUACAÑA,SUCRE,AYACUCHO,3909,,,False,,145.4,rural
226681,Huachochioc,0,050905,0509,05,HUACAÑA,SUCRE,AYACUCHO,3873,,,False,,63.3,rural
214028,Llama Huasi,0,050905,0509,05,HUACAÑA,SUCRE,AYACUCHO,4391,,,False,,58.1,rural
232951,Hacienda Pampa,0,050905,0509,05,HUACAÑA,SUCRE,AYACUCHO,2635,,,False,,82.0,rural
526100,Vista Alegre,0,050911,0509,05,SORAS,SUCRE,AYACUCHO,3853,,,False,,90.0,rural
236368,Asnaccocha,0,050911,0509,05,SORAS,SUCRE,AYACUCHO,3760,,,False,,23.3,rural
616638,Aymarccocha,0,050907,0509,05,PAICO,SUCRE,AYACUCHO,4033,,,False,,112.2,rural
220033,Chancure,0,050901,0509,05,QUEROBAMBA,SUCRE,AYACUCHO,3539,48.720378087462876,44.94946981839641,True,00003824,192.6,rural
524003,Huanca Huaycco / Huanca Wayqo,0,051005,0510,05,CANARIA,VICTOR FAJARDO,AYACUCHO,3116,12.011210901892378,8.007473934594918,True,00033337,462.6,rural
526770,Cuchuhuasi,0,050907,0509,05,PAICO,SUCRE,AYACUCHO,4283,,,False,,102.5,rural
110184,Santiago de Paucaray,3,050910,0509,05,SANTIAGO DE PAUCARAY,SUCRE,AYACUCHO,3246,25.344102880122207,24.85667252530146,True,00003818,258.4,rural
241961,Jajaya,0,050911,0509,05,SORAS,SUCRE,AYACUCHO,3432,0.8631153508746514,0.5514855725305927,True,00003818,136.2,rural
240446,Lauje,0,050906,0509,05,MORCOLLA,SUCRE,AYACUCHO,3748,,,False,,88.2,rural
625164,Hacerhuacho,0,050911,0509,05,SORAS,SUCRE,AYACUCHO,3915,,,False,,43.4,rural
242469,Gomez Pata,0,050911,0509,05,SORAS,SUCRE,AYACUCHO,3607,5.937020298228841,5.480991562172734,True,00003818,12.8,rural
245772,Tranca,0,050911,0509,05,SORAS,SUCRE,AYACUCHO,3639,5.937020298228841,5.480991562172734,True,00003818,57.6,rural
234800,Joymi,0,050911,0509,05,SORAS,SUCRE,AYACUCHO,2940,72.67861246806943,55.8288779715988,True,00003818,111.0,rural
543526,Chuccesuyruru / Chuccasuyruru,0,050906,0509,05,MORCOLLA,SUCRE,AYACUCHO,3376,51.80906340552394,58.972638712226576,True,00003713,168.8,rural
229859,Huaillacha,0,050911,0509,05,SORAS,SUCRE,AYACUCHO,4001,,,False,,105.2,rural
218324,Janjana,0,051004,0510,05,ASQUIPATA,VICTOR FAJARDO,AYACUCHO,2777,70.76661578834208,47.08634399981213,True,00033337,49.6,rural
616439,Huala Huarco,0,050910,0509,05,SANTIAGO DE PAUCARAY,SUCRE,AYACUCHO,4152,,,False,,22.9,rural
213737,Orjohuasi,0,050901,0509,05,QUEROBAMBA,SUCRE,AYACUCHO,3924,,,False,,66.1,rural
221815,Sillacha,0,050910,0509,05,SANTIAGO DE PAUCARAY,SUCRE,AYACUCHO,3515,26.883026116413294,22.995302160491764,True,00003818,23.3,rural
246614,Yurachuasi,0,050911,0509,05,SORAS,SUCRE,AYACUCHO,2750,81.74672177977872,60.36293262745344,True,00003818,22.2,rural
230124,Parantuna,0,050910,0509,05,SANTIAGO DE PAUCARAY,SUCRE,AYACUCHO,3785,,,False,,10.7,rural
219776,Patahuasi,0,050901,0509,05,QUEROBAMBA,SUCRE,AYACUCHO,3875,52.99896378870082,46.50019545508723,True,00003818,25.8,rural
519753,Pacaccacca / Poccaccaya,0,050910,0509,05,SANTIAGO DE PAUCARAY,SUCRE,AYACUCHO,4296,,,False,,25.7,rural
218459,Pihuallio,0,050906,0509,05,MORCOLLA,SUCRE,AYACUCHO,3635,57.712770577946536,65.23609306632645,True,00003713,55.9,rural
222918,Tantarnioc,0,050901,0509,05,QUEROBAMBA,SUCRE,AYACUCHO,3761,52.99896378870082,46.50019545508723,True,00003818,20.1,rural
540262,Alccaachi,0,050910,0509,05,SANTIAGO DE PAUCARAY,SUCRE,AYACUCHO,3722,21.32815047133983,20.694516628902672,True,00003818,57.9,rural
512861,Palccacha,0,050909,0509,05,SAN SALVADOR DE QUIJE,SUCRE,AYACUCHO,4331,32.16952504745811,25.155549409761857,True,00003818,147.2,rural
133226,Totora,0,050901,0509,05,QUEROBAMBA,SUCRE,AYACUCHO,3800,,,False,,69.2,rural
620937,Santarccocha,0,050907,0509,05,PAICO,SUCRE,AYACUCHO,3882,,,False,,73.5,rural
625280,Anuccoire,0,050910,0509,05,SANTIAGO DE PAUCARAY,SUCRE,AYACUCHO,3845,,,False,,11.2,rural
529652,Cochcca,0,050901,0509,05,QUEROBAMBA,SUCRE,AYACUCHO,3460,49.90771996420488,42.89374432650863,True,00003818,56.8,rural
125255,Paico,3,050907,0509,05,PAICO,SUCRE,AYACUCHO,3097,27.860839268030382,27.322059089663775,True,00003818,112.8,rural
618597,Maitara,0,050901,0509,05,QUEROBAMBA,SUCRE,AYACUCHO,3549,48.850223909815746,45.11395508648881,True,00003824,379.8,rural
211400,Tantarnioc,0,050901,0509,05,QUEROBAMBA,SUCRE,AYACUCHO,3734,53.15357414341062,47.258365813251984,True,00003824,39.1,rural
610601,Aymarccocha,0,050909,0509,05,SAN SALVADOR DE QUIJE,SUCRE,AYACUCHO,4270,,,False,,74.1,rural
534064,Chunaya,0,050901,0509,05,QUEROBAMBA,SUCRE,AYACUCHO,3906,53.15357414341062,47.258365813251984,True,00003824,108.2,rural
216852,Joshjapampa,0,050907,0509,05,PAICO,SUCRE,AYACUCHO,2976,29.58388648965309,28.246411082527683,True,00003818,91.0,rural
518498,Checchuy,0,050901,0509,05,QUEROBAMBA,SUCRE,AYACUCHO,2620,,,False,,24.0,rural
234764,Tatacorral,0,050909,0509,05,SAN SALVADOR DE QUIJE,SUCRE,AYACUCHO,4282,,,False,,97.5,rural
124520,Charamarca,0,050907,0509,05,PAICO,SUCRE,AYACUCHO,3237,,,False,,116.9,rural
522055,Santa Rosa,0,050904,0509,05,CHILCAYOC,SUCRE,AYACUCHO,3754,82.66515315649075,80.00721671326181,True,00003824,190.7,rural
216887,Jimpalla,0,050901,0509,05,QUEROBAMBA,SUCRE,AYACUCHO,3514,43.97624461450464,40.97419102802321,True,00003824,69.2,rural
511327,Mitapampa,0,050901,0509,05,QUEROBAMBA,SUCRE,AYACUCHO,2917,43.97624461450464,40.97419102802321,True,00003824,51.2,rural
115435,Ajolla,0,051005,0510,05,CANARIA,VICTOR FAJARDO,AYACUCHO,3267,,,False,,154.3,rural
626633,Humalucha,0,050909,0509,05,SAN SALVADOR DE QUIJE,SUCRE,AYACUCHO,3188,86.78293423524264,81.71672236490552,True,00003824,113.3,rural
521431,Llanto Pati,0,050901,0509,05,QUEROBAMBA,SUCRE,AYACUCHO,2936,31.198547470885213,30.326110075007023,True,00003824,12.7,rural
237545,Puma Pucro,0,050901,0509,05,QUEROBAMBA,SUCRE,AYACUCHO,3166,64.38153759353357,53.75451172044724,True,00003824,11.0,rural
126473,Poma,0,050901,0509,05,QUEROBAMBA,SUCRE,AYACUCHO,3341,64.38153759353357,53.75451172044724,True,00003824,87.3,rural
230686,Uchuy Huito Pampa,0,050909,0509,05,SAN SALVADOR DE QUIJE,SUCRE,AYACUCHO,3155,91.30197323386811,85.3401951366856,True,00003824,103.2,rural
131208,Tablada,0,050901,0509,05,QUEROBAMBA,SUCRE,AYACUCHO,2697,31.198547470885213,30.326110075007023,True,00003824,14.4,rural
234627,Chucni,0,050901,0509,05,QUEROBAMBA,SUCRE,AYACUCHO,2693,31.198547470885213,30.326110075007023,True,00003824,48.5,rural
526216,Ñawin Puquio,0,050907,0509,05,PAICO,SUCRE,AYACUCHO,2893,69.20213672619592,49.05562055476457,True,00003818,83.4,rural
116626,Cayhua,0,050901,0509,05,QUEROBAMBA,SUCRE,AYACUCHO,2342,25.66984344291565,23.24829130829032,True,00003824,169.8,rural
610068,Chaccana,0,050901,0509,05,QUEROBAMBA,SUCRE,AYACUCHO,3702,86.17345309582011,77.03839340130378,True,00003824,68.4,rural
122293,Huayhuani,0,050909,0509,05,SAN SALVADOR DE QUIJE,SUCRE,AYACUCHO,2930,97.20397312145751,86.87720818139564,True,00003824,443.2,rural
612281,Huampo,0,050909,0509,05,SAN SALVADOR DE QUIJE,SUCRE,AYACUCHO,3365,,,False,,250.7,rural
621961,Molle Pata,0,050909,0509,05,SAN SALVADOR DE QUIJE,SUCRE,AYACUCHO,3189,70.72405171620261,50.07608477344382,True,00003818,113.3,rural
127081,Parisa,0,051005,0510,05,CANARIA,VICTOR FAJARDO,AYACUCHO,2980,1.0538968072226205,0.5269484036113102,True,00003824,146.9,rural
126568,Chinche,0,050901,0509,05,QUEROBAMBA,SUCRE,AYACUCHO,2279,,,False,,77.8,rural
121493,Pampachacra,0,050901,0509,05,QUEROBAMBA,SUCRE,AYACUCHO,3539,88.21777828278664,79.5719868916922,True,00003824,129.0,rural
241809,Marayhioc,0,051106,0511,05,INDEPENDENCIA,VILCAS HUAMAN,AYACUCHO,2366,,,False,,93.0,rural
622317,Humahuasi,0,051106,0511,05,INDEPENDENCIA,VILCAS HUAMAN,AYACUCHO,3293,86.33925975219617,56.690385712215814,True,00003829,139.8,rural
514701,Yoraq Qaqa,0,051005,0510,05,CANARIA,VICTOR FAJARDO,AYACUCHO,3201,4.622263067462482,2.947118483557482,True,00003824,139.2,rural
130652,Runcua,0,051106,0511,05,INDEPENDENCIA,VILCAS HUAMAN,AYACUCHO,3580,90.38920690968341,59.44408220927237,True,00003829,121.9,rural
130035,Yananaco,0,051106,0511,05,INDEPENDENCIA,VILCAS HUAMAN,AYACUCHO,3415,89.81312604566203,59.0243837475674,True,00003829,87.8,rural
519828,Toma,0,051106,0511,05,INDEPENDENCIA,VILCAS HUAMAN,AYACUCHO,3553,87.60726796789545,57.58945624808041,True,00003829,267.7,rural
526745,Hueccropampa,0,050904,0509,05,CHILCAYOC,SUCRE,AYACUCHO,2993,97.25813497910576,90.70879962050667,True,00003824,73.8,rural
121293,Anccasilla,0,050904,0509,05,CHILCAYOC,SUCRE,AYACUCHO,3071,86.9002395275792,83.69522700556998,True,00003824,263.2,rural
127472,Chilcayoc,3,050904,0509,05,CHILCAYOC,SUCRE,AYACUCHO,3387,85.94681566593282,83.23507061430674,True,00003824,209.6,rural
213307,Erapata,0,051106,0511,05,INDEPENDENCIA,VILCAS HUAMAN,AYACUCHO,3576,90.38920690968341,59.44408220927237,True,00003829,46.5,rural
614416,Paraiso,0,051010,0510,05,HUALLA,VICTOR FAJARDO,AYACUCHO,2341,,,False,,225.3,rural
130522,Soccos,0,050902,0509,05,BELEN,SUCRE,AYACUCHO,2862,114.15129086176249,107.41317412864494,True,00003824,516.3,rural
215302,Santa Rosa de Anta,0,051105,0511,05,HUAMBALPA,VILCAS HUAMAN,AYACUCHO,2397,84.02960055165605,55.27168440420204,True,00003829,112.4,rural
560067,Occaraylla,0,050910,0509,05,SANTIAGO DE PAUCARAY,SUCRE,AYACUCHO,3872,11.609172113843767,10.807391169582868,True,00003818,55.7,rural
662483,Corita,0,050905,0509,05,HUACAÑA,SUCRE,AYACUCHO,4465,48.19254214681144,31.962190467211492,True,00003711,28.3,rural
662484,Checc-Chuy,0,050906,0509,05,MORCOLLA,SUCRE,AYACUCHO,2489,,,False,,84.7,rural
662485,Rumi Santo,0,050910,0509,05,SANTIAGO DE PAUCARAY,SUCRE,AYACUCHO,3852,,,False,,19.9,rural
662007,Ayalca,0,050903,0509,05,CHALCOS,SUCRE,AYACUCHO,3313,94.52896056208687,90.56908279730062,True,00003824,198.9,rural
663052,Chuño Ccara,0,050606,0506,05,CHIPAO,LUCANAS,AYACUCHO,3430,,,False,,70.0,rural
663053,Ccaray,0,050606,0506,05,CHIPAO,LUCANAS,AYACUCHO,3338,1.9073664831405739,0.9552434391233987,True,00003711,36.5,rural
663069,Cruz Ccasa,0,050606,0506,05,CHIPAO,LUCANAS,AYACUCHO,4518,,,False,,25.0,rural
663981,Millu,0,050910,0509,05,SANTIAGO DE PAUCARAY,SUCRE,AYACUCHO,3745,9.297982732720758,8.841953996664651,True,00003818,50.6,rural
663985,Humasa,0,050911,0509,05,SORAS,SUCRE,AYACUCHO,3733,,,False,,33.1,rural
663987,Ccecco,0,050911,0509,05,SORAS,SUCRE,AYACUCHO,3954,,,False,,51.2,rural
664040,Lluccllapampa,0,051102,0511,05,ACCOMARCA,VILCAS HUAMAN,AYACUCHO,2831,,,False,,268.6,rural
664083,Parhuachi,0,051106,0511,05,INDEPENDENCIA,VILCAS HUAMAN,AYACUCHO,3596,70.48466846053422,46.23783024465593,True,00003829,246.3,rural
664085,Huaranqayniyoq,0,051106,0511,05,INDEPENDENCIA,VILCAS HUAMAN,AYACUCHO,2306,114.0183934279395,75.19687322144311,True,00003829,242.1,rural
664087,Sarahuarpa,0,051106,0511,05,INDEPENDENCIA,VILCAS HUAMAN,AYACUCHO,2332,,,False,,172.5,rural
664270,Rumihuasi,0,050908,0509,05,SAN PEDRO DE LARCAY,SUCRE,AYACUCHO,4113,,,False,,80.0,rural
664271,Ccocha Pata,0,050909,0509,05,SAN SALVADOR DE QUIJE,SUCRE,AYACUCHO,3007,71.08316003882692,50.270569128707024,True,00003818,76.9,rural
131806,Huasacapo,0,050903,0509,05,CHALCOS,SUCRE,AYACUCHO,2720,,,False,,201.4,rural
511483,Comunpampa,0,050909,0509,05,SAN SALVADOR DE QUIJE,SUCRE,AYACUCHO,3138,91.30197323386811,85.3401951366856,True,00003824,84.6,rural
110759,Santa Rosa de Huanchos,0,050901,0509,05,QUEROBAMBA,SUCRE,AYACUCHO,3596,88.21777828278664,79.5719868916922,True,00003824,87.7,rural
131836,Matara,0,050910,0509,05,SANTIAGO DE PAUCARAY,SUCRE,AYACUCHO,3207,26.946543957321218,23.027061080945725,True,00003818,74.6,rural
235573,Jose Paccari,0,050906,0509,05,MORCOLLA,SUCRE,AYACUCHO,4032,,,False,,69.9,rural
235921,Pucahuasi,0,050911,0509,05,SORAS,SUCRE,AYACUCHO,3972,43.555360237302814,28.251904417751824,True,00003818,98.7,rural
132804,Canaria,3,051005,0510,05,CANARIA,VICTOR FAJARDO,AYACUCHO,3032,0.7071510706832054,0.35357553534160274,True,00003824,279.3,rural
116456,Pongo Cocha,0,051102,0511,05,ACCOMARCA,VILCAS HUAMAN,AYACUCHO,3344,63.114713290961994,41.328902093271545,True,00003829,75.4,rural
537880,Huamna / Huanina,0,051102,0511,05,ACCOMARCA,VILCAS HUAMAN,AYACUCHO,3285,63.29438648331773,41.44820835864318,True,00003829,58.9,rural
611368,Ccotoysa,0,050906,0509,05,MORCOLLA,SUCRE,AYACUCHO,3188,,,False,,24.6,rural
675921,Occollohuachina,0,050906,0509,05,MORCOLLA,SUCRE,AYACUCHO,3975,,,False,,110.9,rural
677591,Auquilloyocc,0,050906,0509,05,MORCOLLA,SUCRE,AYACUCHO,3160,58.19064460032409,65.66963100179656,True,00003713,30.7,rural
677596,Huascuya,0,050901,0509,05,QUEROBAMBA,SUCRE,AYACUCHO,4102,40.02316515815735,33.0091895204611,True,00003818,92.2,rural
678144,Huayllani,0,050906,0509,05,MORCOLLA,SUCRE,AYACUCHO,4305,,,False,,42.5,rural
678146,Ccalccalana,0,050906,0509,05,MORCOLLA,SUCRE,AYACUCHO,4468,,,False,,19.7,rural
680047,Pisaccuere,0,050910,0509,05,SANTIAGO DE PAUCARAY,SUCRE,AYACUCHO,3940,,,False,,9.4,rural
680054,Pata Ccocha,0,050910,0509,05,SANTIAGO DE PAUCARAY,SUCRE,AYACUCHO,4307,,,False,,67.8,rural
680118,Somayro,0,050909,0509,05,SAN SALVADOR DE QUIJE,SUCRE,AYACUCHO,3809,,,False,,136.2,rural
611435,Almapampa,0,050901,0509,05,QUEROBAMBA,SUCRE,AYACUCHO,3586,48.124530308828426,45.91668499434293,True,00003824,14.1,rural
654010,San Antonio,0,050901,0509,05,QUEROBAMBA,SUCRE,AYACUCHO,3748,49.46013391400994,45.5679760335411,True,00003824,110.9,rural
619019,Barrio Chaupi,0,050901,0509,05,QUEROBAMBA,SUCRE,AYACUCHO,3573,50.1307492250326,45.75421774409724,True,00003824,115.1,rural
216043,Huayccoase,0,050911,0509,05,SORAS,SUCRE,AYACUCHO,4180,,,False,,27.2,rural
239509,Yanapaccha,0,050909,0509,05,SAN SALVADOR DE QUIJE,SUCRE,AYACUCHO,3893,,,False,,89.8,rural
223448,Hacienda San Jose,0,050906,0509,05,MORCOLLA,SUCRE,AYACUCHO,2523,,,False,,18.7,rural
227811,Marca Palla,0,050908,0509,05,SAN PEDRO DE LARCAY,SUCRE,AYACUCHO,3153,11.03575727656367,10.123634643905264,True,00003818,133.0,rural
514049,Chiro,0,050606,0506,05,CHIPAO,LUCANAS,AYACUCHO,3354,2.1574277634449244,1.232809587385252,True,00003711,438.1,rural
686183,Kichka,0,050606,0506,05,CHIPAO,LUCANAS,AYACUCHO,3077,25.971554272079434,14.24323777527679,True,00003713,50.6,rural
686390,Yakuwisina,0,050901,0509,05,QUEROBAMBA,SUCRE,AYACUCHO,3545,47.36549850992394,45.03114789562103,True,00003824,147.3,rural
686391,Huiscca,0,050906,0509,05,MORCOLLA,SUCRE,AYACUCHO,3855,,,False,,58.7,rural
686394,Paqcheccpata,0,050908,0509,05,SAN PEDRO DE LARCAY,SUCRE,AYACUCHO,3632,10.637044690969553,10.288946301517797,True,00003818,137.4,rural
686398,Wiscachayocc,0,050911,0509,05,SORAS,SUCRE,AYACUCHO,3806,,,False,,8.8,rural
686399,Llicaucha,0,050911,0509,05,SORAS,SUCRE,AYACUCHO,3504,1.6603729996779817,1.204344263621873,True,00003818,70.2,rural
686427,Huarcas,0,051102,0511,05,ACCOMARCA,VILCAS HUAMAN,AYACUCHO,3386,64.74325175203873,42.414594400656036,True,00003829,102.7,rural
657387,Ruyac Rumi,0,050205,0502,05,PARAS,CANGALLO,AYACUCHO,4896,,,False,,52.4,rural
657389,Parcca Rumi,0,050205,0502,05,PARAS,CANGALLO,AYACUCHO,4589,,,False,,52.3,rural
657396,Otocchuaracco,0,050205,0502,05,PARAS,CANGALLO,AYACUCHO,4415,,,False,,19.7,rural
657397,Ccollpata,0,050205,0502,05,PARAS,CANGALLO,AYACUCHO,4602,,,False,,0.0,rural
657398,Circo,0,050205,0502,05,PARAS,CANGALLO,AYACUCHO,4447,49.118016624522916,48.544522497125996,True,00003584,23.0,rural
657399,Ccello Cancha,0,050205,0502,05,PARAS,CANGALLO,AYACUCHO,4627,,,False,,39.8,rural
657403,Suytullihua,0,050205,0502,05,PARAS,CANGALLO,AYACUCHO,4284,49.52857013036042,53.592422569811006,True,00003590,293.1,rural
657409,Pucruhuasi,0,050205,0502,05,PARAS,CANGALLO,AYACUCHO,4375,93.22323551266628,74.65504582393173,True,00003584,28.6,rural
657413,Cañay Ccasa,0,050205,0502,05,PARAS,CANGALLO,AYACUCHO,3894,,,False,,80.5,rural
678373,Quisuar,0,051012,0510,05,VILCANCHOS,VICTOR FAJARDO,AYACUCHO,3881,,,False,,14.7,rural
212728,Islacocha,0,050205,0502,05,PARAS,CANGALLO,AYACUCHO,4632,33.92859998206447,33.440322504092784,True,00003584,29.9,rural
131068,Ichupucro,0,050304,0503,05,SANTIAGO DE LUCANAMARCA,HUANCA SANCOS,AYACUCHO,4347,,,False,,26.1,rural
121817,Rondoy,0,050304,0503,05,SANTIAGO DE LUCANAMARCA,HUANCA SANCOS,AYACUCHO,4456,,,False,,102.8,rural
224339,Jaccahuasi,0,050202,0502,05,CHUSCHI,CANGALLO,AYACUCHO,4241,,,False,,125.1,rural
526675,Huayccohuasi,0,050205,0502,05,PARAS,CANGALLO,AYACUCHO,3979,,,False,,23.6,rural
529760,Suytoccacca,0,050304,0503,05,SANTIAGO DE LUCANAMARCA,HUANCA SANCOS,AYACUCHO,4245,,,False,,25.9,rural
538997,Urpay,0,050304,0503,05,SANTIAGO DE LUCANAMARCA,HUANCA SANCOS,AYACUCHO,4239,,,False,,16.3,rural
220188,Moylahuasi,0,050304,0503,05,SANTIAGO DE LUCANAMARCA,HUANCA SANCOS,AYACUCHO,4085,,,False,,27.0,rural
538409,Trajin,0,050304,0503,05,SANTIAGO DE LUCANAMARCA,HUANCA SANCOS,AYACUCHO,4576,,,False,,75.5,rural
541600,Yahuarccocha,0,051012,0510,05,VILCANCHOS,VICTOR FAJARDO,AYACUCHO,4473,,,False,,43.5,rural
241551,Trinihuaycco,0,050304,0503,05,SANTIAGO DE LUCANAMARCA,HUANCA SANCOS,AYACUCHO,4019,,,False,,44.6,rural
238108,Chajacancha,0,050304,0503,05,SANTIAGO DE LUCANAMARCA,HUANCA SANCOS,AYACUCHO,4193,,,False,,40.3,rural
123448,Pucacorral,0,050304,0503,05,SANTIAGO DE LUCANAMARCA,HUANCA SANCOS,AYACUCHO,4269,,,False,,21.7,rural
534660,Tunancancha,0,051012,0510,05,VILCANCHOS,VICTOR FAJARDO,AYACUCHO,3656,58.34037810225413,38.866213207417864,True,00003584,19.3,rural
663651,Ccocha Pata,0,051012,0510,05,VILCANCHOS,VICTOR FAJARDO,AYACUCHO,4003,,,False,,28.4,rural
663652,Chaccere,0,051012,0510,05,VILCANCHOS,VICTOR FAJARDO,AYACUCHO,4148,,,False,,31.3,rural
663655,Barraca,0,051012,0510,05,VILCANCHOS,VICTOR FAJARDO,AYACUCHO,3491,50.546703465657494,34.72847966404923,True,00003584,21.1,rural
663662,Collpa,0,051012,0510,05,VILCANCHOS,VICTOR FAJARDO,AYACUCHO,3985,37.852233054878035,26.40847563412471,True,00003623,36.3,rural
663667,Yuraccrumi,0,051012,0510,05,VILCANCHOS,VICTOR FAJARDO,AYACUCHO,4162,33.23537163805524,24.30844491876593,True,00003623,38.3,rural
663669,Condormarca,0,051012,0510,05,VILCANCHOS,VICTOR FAJARDO,AYACUCHO,4310,,,False,,22.6,rural
663670,Punkuccasa,0,051012,0510,05,VILCANCHOS,VICTOR FAJARDO,AYACUCHO,4139,,,False,,31.5,rural
663672,Jamachi,0,051012,0510,05,VILCANCHOS,VICTOR FAJARDO,AYACUCHO,4285,,,False,,64.1,rural
115108,Uchpacocha,0,051012,0510,05,VILCANCHOS,VICTOR FAJARDO,AYACUCHO,4376,,,False,,62.7,rural
656328,Wiscacha,0,050205,0502,05,PARAS,CANGALLO,AYACUCHO,4159,,,False,,20.3,rural
657163,Cachipampa  (Nuevo Mariscal Caceres),0,050205,0502,05,PARAS,CANGALLO,AYACUCHO,3338,55.62358141748743,38.113064965269196,True,00003584,33.6,rural
657166,Aguada,0,050205,0502,05,PARAS,CANGALLO,AYACUCHO,4156,,,False,,51.5,rural
656106,Pompoccia,0,050205,0502,05,PARAS,CANGALLO,AYACUCHO,3782,121.3262269947405,65.99990000734954,True,00003584,32.2,rural
656107,Machuwasi,0,050205,0502,05,PARAS,CANGALLO,AYACUCHO,4126,106.26190284041897,66.05720170132705,True,00003584,32.9,rural
656109,Quichcawasi,0,050205,0502,05,PARAS,CANGALLO,AYACUCHO,4202,,,False,,50.1,rural
656116,Qillurumi,0,050205,0502,05,PARAS,CANGALLO,AYACUCHO,4341,62.11137509582934,33.60616478356475,True,00003584,16.1,rural
656256,Volcan,0,050205,0502,05,PARAS,CANGALLO,AYACUCHO,4347,,,False,,108.6,rural
656259,Chicoro,0,050205,0502,05,PARAS,CANGALLO,AYACUCHO,3916,,,False,,84.6,rural
657147,Huasi Pata,0,050205,0502,05,PARAS,CANGALLO,AYACUCHO,3924,91.33253684009425,49.35476931358424,True,00003584,41.1,rural
657157,Arcopunco,0,050205,0502,05,PARAS,CANGALLO,AYACUCHO,3837,84.4065349958904,44.76775382127613,True,00003584,42.6,rural
657274,Orccohuasi,0,050114,0501,05,VINCHOS,HUAMANGA,AYACUCHO,4371,76.18587090640064,62.17434316391009,True,00003590,231.9,rural
657277,Armapampa,0,050114,0501,05,VINCHOS,HUAMANGA,AYACUCHO,4083,,,False,,111.3,rural
662494,Tunan Cocha,0,051012,0510,05,VILCANCHOS,VICTOR FAJARDO,AYACUCHO,3998,,,False,,26.2,rural
661913,Totora,0,051012,0510,05,VILCANCHOS,VICTOR FAJARDO,AYACUCHO,4101,,,False,,15.4,rural
662600,Lloccllascca Alta,0,050206,0502,05,TOTOS,CANGALLO,AYACUCHO,3269,13.358698187173953,10.617618934111642,True,00003623,177.6,rural
662674,Taya,0,050205,0502,05,PARAS,CANGALLO,AYACUCHO,4644,78.24630679622241,82.2300785521938,True,00003584,240.3,rural
662679,Canlla Huaycco,0,050205,0502,05,PARAS,CANGALLO,AYACUCHO,4432,,,False,,8.3,rural
662680,Lachocc,0,050205,0502,05,PARAS,CANGALLO,AYACUCHO,4551,,,False,,42.0,rural
662683,Chacachayocc,0,050205,0502,05,PARAS,CANGALLO,AYACUCHO,4292,82.35783123691654,87.02685706633693,True,00003584,52.7,rural
662686,Circo Huaccta,0,050205,0502,05,PARAS,CANGALLO,AYACUCHO,4398,,,False,,59.7,rural
662696,Taccsanapata,0,050205,0502,05,PARAS,CANGALLO,AYACUCHO,4441,72.31124035116073,73.6375385874575,True,00003584,67.9,rural
662706,Tauris,0,050205,0502,05,PARAS,CANGALLO,AYACUCHO,3672,,,False,,36.4,rural
662707,Rumichaca,0,050205,0502,05,PARAS,CANGALLO,AYACUCHO,3298,1.984063795017803,1.3227091966785354,True,00003584,166.4,rural
662708,Condor Wachana,0,050205,0502,05,PARAS,CANGALLO,AYACUCHO,3680,4.576394758530274,3.0509298390201827,True,00003584,12.8,rural
662712,Verde Pata,0,050205,0502,05,PARAS,CANGALLO,AYACUCHO,3588,4.576394758530274,3.0509298390201827,True,00003584,77.2,rural
662713,Trigo Chacra,0,050205,0502,05,PARAS,CANGALLO,AYACUCHO,3841,10.6362615197742,10.147984041802514,True,00003584,46.6,rural
662716,Hutuypampa,0,050205,0502,05,PARAS,CANGALLO,AYACUCHO,3876,14.050712841277141,10.419132800505363,True,00003584,30.2,rural
662717,Quisuar Cancha,0,050205,0502,05,PARAS,CANGALLO,AYACUCHO,3743,14.050712841277141,10.419132800505363,True,00003584,13.1,rural
662718,Heuso,0,050205,0502,05,PARAS,CANGALLO,AYACUCHO,3438,15.54568054868426,11.166616654208921,True,00003584,115.7,rural
662720,Cachi Esquina,0,050205,0502,05,PARAS,CANGALLO,AYACUCHO,3189,6.016015637717842,4.010677091811895,True,00003584,91.0,rural
662723,Auquimarca,0,050206,0502,05,TOTOS,CANGALLO,AYACUCHO,4398,15.696485077953154,15.35085781564106,True,00003623,132.9,rural
662727,Paloma Huasi,0,050206,0502,05,TOTOS,CANGALLO,AYACUCHO,3106,9.983567287356939,8.370577194217784,True,00003623,86.2,rural
662728,Huaraya,0,050206,0502,05,TOTOS,CANGALLO,AYACUCHO,3181,4.94096412178967,2.7395413163709317,True,00003623,63.7,rural
662730,Qellorumi,0,050206,0502,05,TOTOS,CANGALLO,AYACUCHO,3047,6.224313987537302,3.2215199828773815,True,00003623,140.1,rural
662854,Senegella,0,050304,0503,05,SANTIAGO DE LUCANAMARCA,HUANCA SANCOS,AYACUCHO,4225,,,False,,22.7,rural
669158,Chacapire,0,050206,0502,05,TOTOS,CANGALLO,AYACUCHO,3202,1.185551730576264,0.8298851195126119,True,00003623,71.1,rural
679109,Chillcahuaycco,0,051012,0510,05,VILCANCHOS,VICTOR FAJARDO,AYACUCHO,3651,,,False,,26.7,rural
679110,Pukyuccolla,0,051012,0510,05,VILCANCHOS,VICTOR FAJARDO,AYACUCHO,3505,18.070720012696274,14.198677168526618,True,00003623,35.8,rural
679116,Runtuylla,0,051012,0510,05,VILCANCHOS,VICTOR FAJARDO,AYACUCHO,4306,,,False,,14.3,rural
679117,Taccrapampa,0,051012,0510,05,VILCANCHOS,VICTOR FAJARDO,AYACUCHO,4543,,,False,,69.5,rural
236758,Anosmarca,0,050205,0502,05,PARAS,CANGALLO,AYACUCHO,3632,,,False,,61.9,rural
515568,San Isidro,0,050205,0502,05,PARAS,CANGALLO,AYACUCHO,3401,14.050712841277141,10.419132800505363,True,00003584,24.5,rural
110096,San Jose de Rayusca,0,051012,0510,05,VILCANCHOS,VICTOR FAJARDO,AYACUCHO,3633,22.961418707482007,15.474212571840022,True,00003623,57.3,rural
129795,San Miguel de Espite,0,051012,0510,05,VILCANCHOS,VICTOR FAJARDO,AYACUCHO,3526,,,False,,41.6,rural
621290,Antacocha,0,051012,0510,05,VILCANCHOS,VICTOR FAJARDO,AYACUCHO,3594,51.93877131050714,35.644532287260255,True,00003584,21.3,rural
522956,Maranniocc,0,050304,0503,05,SANTIAGO DE LUCANAMARCA,HUANCA SANCOS,AYACUCHO,4532,,,False,,39.8,rural
119502,Lambrasnioj,0,050205,0502,05,PARAS,CANGALLO,AYACUCHO,3281,13.346550610736385,10.067051685234983,True,00003584,22.3,rural
674014,Orccowasi,0,051012,0510,05,VILCANCHOS,VICTOR FAJARDO,AYACUCHO,3229,15.765082002136133,12.579874839709296,True,00003623,513.2,rural
675351,Mulinacancha,0,051012,0510,05,VILCANCHOS,VICTOR FAJARDO,AYACUCHO,3350,18.559886529259604,14.524788179568839,True,00003623,6.9,rural
677701,Piwa,0,051012,0510,05,VILCANCHOS,VICTOR FAJARDO,AYACUCHO,3980,,,False,,24.5,rural
677702,Waracco,0,051012,0510,05,VILCANCHOS,VICTOR FAJARDO,AYACUCHO,4517,,,False,,21.4,rural
678028,Alma Ccasa,0,050205,0502,05,PARAS,CANGALLO,AYACUCHO,4057,20.724827803581277,11.546477647874095,True,00003584,23.7,rural
678030,Uchupata,0,050205,0502,05,PARAS,CANGALLO,AYACUCHO,3908,20.724827803581277,11.546477647874095,True,00003584,75.6,rural
678034,Puca Ccocha,0,050205,0502,05,PARAS,CANGALLO,AYACUCHO,4435,82.16461368125114,80.44703944552563,True,00003584,38.5,rural
678035,Cruz Ccasa,0,050205,0502,05,PARAS,CANGALLO,AYACUCHO,4343,,,False,,14.0,rural
678859,Carneseria,0,050205,0502,05,PARAS,CANGALLO,AYACUCHO,3740,10.6362615197742,10.147984041802514,True,00003584,45.3,rural
678645,Pachayocc,0,050205,0502,05,PARAS,CANGALLO,AYACUCHO,4394,,,False,,60.8,rural
678647,Ccullpa Huaycco,0,050205,0502,05,PARAS,CANGALLO,AYACUCHO,3640,,,False,,5.6,rural
679232,Ccollpa,0,050205,0502,05,PARAS,CANGALLO,AYACUCHO,3883,,,False,,75.3,rural
679241,Cañanpampa,0,050205,0502,05,PARAS,CANGALLO,AYACUCHO,3951,100.20231769825804,54.98192292747952,True,00003584,48.0,rural
679622,Ccullpa Huaycco,0,050205,0502,05,PARAS,CANGALLO,AYACUCHO,3486,93.21953015027357,49.16024231078687,True,00003584,32.0,rural
680431,Chacapampa,0,050205,0502,05,PARAS,CANGALLO,AYACUCHO,3726,90.62787086885076,48.915311069916356,True,00003584,37.8,rural
680978,Ccarhuaccpampa,0,050205,0502,05,PARAS,CANGALLO,AYACUCHO,3998,82.35783123691654,87.02685706633693,True,00003584,19.0,rural
522068,San Antonio,0,050205,0502,05,PARAS,CANGALLO,AYACUCHO,4061,78.24630679622241,82.2300785521938,True,00003584,12.6,rural
610508,Santa Fe,0,050205,0502,05,PARAS,CANGALLO,AYACUCHO,4374,49.01164312860918,48.491335749169124,True,00003584,57.8,rural
215362,Quishca Huaycco,0,051011,0510,05,SARHUA,VICTOR FAJARDO,AYACUCHO,4140,,,False,,42.1,rural
111977,Huisca,0,050304,0503,05,SANTIAGO DE LUCANAMARCA,HUANCA SANCOS,AYACUCHO,4418,,,False,,63.6,rural
625941,Botija,0,051012,0510,05,VILCANCHOS,VICTOR FAJARDO,AYACUCHO,4444,,,False,,35.0,rural
541942,Ccano,0,051012,0510,05,VILCANCHOS,VICTOR FAJARDO,AYACUCHO,4193,,,False,,40.0,rural
126086,Huayllane,0,051011,0510,05,SARHUA,VICTOR FAJARDO,AYACUCHO,4177,,,False,,20.8,rural
234434,Sotijacasa,0,050304,0503,05,SANTIAGO DE LUCANAMARCA,HUANCA SANCOS,AYACUCHO,4516,,,False,,30.8,rural
521954,Pallcca,0,051011,0510,05,SARHUA,VICTOR FAJARDO,AYACUCHO,4138,,,False,,7.1,rural
216711,Minas,0,050205,0502,05,PARAS,CANGALLO,AYACUCHO,4417,,,False,,14.6,rural
226852,Jatunhuasipata,0,050205,0502,05,PARAS,CANGALLO,AYACUCHO,4423,,,False,,34.1,rural
226142,Chulcamonte,0,051011,0510,05,SARHUA,VICTOR FAJARDO,AYACUCHO,4233,,,False,,24.4,rural
541064,Llihuapampa,0,051012,0510,05,VILCANCHOS,VICTOR FAJARDO,AYACUCHO,4085,,,False,,24.9,rural
217575,Jamache,0,051011,0510,05,SARHUA,VICTOR FAJARDO,AYACUCHO,4270,,,False,,10.2,rural
250389,Ccarhuaypata,0,051012,0510,05,VILCANCHOS,VICTOR FAJARDO,AYACUCHO,4577,,,False,,77.9,rural
547839,Ccapaso,0,051012,0510,05,VILCANCHOS,VICTOR FAJARDO,AYACUCHO,4553,,,False,,35.2,rural
231109,Osopata,0,051012,0510,05,VILCANCHOS,VICTOR FAJARDO,AYACUCHO,4038,,,False,,13.0,rural
121165,Ccatunsora,0,051012,0510,05,VILCANCHOS,VICTOR FAJARDO,AYACUCHO,4481,,,False,,21.7,rural
215592,Cute,0,051012,0510,05,VILCANCHOS,VICTOR FAJARDO,AYACUCHO,4446,,,False,,57.3,rural
120645,San Jacinto,0,051012,0510,05,VILCANCHOS,VICTOR FAJARDO,AYACUCHO,3357,13.037764575870623,9.871673300900493,True,00003584,175.2,rural
530471,Ccawiña,0,051012,0510,05,VILCANCHOS,VICTOR FAJARDO,AYACUCHO,3720,18.070720012696274,14.198677168526618,True,00003623,42.2,rural
112678,Chapccara,0,051012,0510,05,VILCANCHOS,VICTOR FAJARDO,AYACUCHO,4498,,,False,,47.8,rural
617209,Occolla Pucro,0,051012,0510,05,VILCANCHOS,VICTOR FAJARDO,AYACUCHO,4046,26.295740002394954,18.561170688540884,True,00003584,70.0,rural
110518,Cullcuhuacca / Kuikuhuaqu,0,050205,0502,05,PARAS,CANGALLO,AYACUCHO,3292,3.294893107723843,3.1442826732153106,True,00003584,67.0,rural
116404,Chalana,0,050205,0502,05,PARAS,CANGALLO,AYACUCHO,3578,8.424507785464188,6.564025791708874,True,00003584,59.0,rural
230920,Chutapa,0,051012,0510,05,VILCANCHOS,VICTOR FAJARDO,AYACUCHO,4323,,,False,,36.5,rural
231762,Cceroccoto,0,051012,0510,05,VILCANCHOS,VICTOR FAJARDO,AYACUCHO,4395,,,False,,94.7,rural
250753,Joyo,0,050205,0502,05,PARAS,CANGALLO,AYACUCHO,4017,,,False,,16.0,rural
239446,Rumicruz,0,051012,0510,05,VILCANCHOS,VICTOR FAJARDO,AYACUCHO,4081,,,False,,7.4,rural
521340,Tomacc,0,051012,0510,05,VILCANCHOS,VICTOR FAJARDO,AYACUCHO,4147,,,False,,40.7,rural
526719,Checcyacc,0,051012,0510,05,VILCANCHOS,VICTOR FAJARDO,AYACUCHO,3858,,,False,,28.4,rural
521548,Huancano / Huancano Pata Pata,0,051012,0510,05,VILCANCHOS,VICTOR FAJARDO,AYACUCHO,3169,19.487374704813913,13.737190570505971,True,00003623,73.5,rural
526292,Pata Wasi,0,051012,0510,05,VILCANCHOS,VICTOR FAJARDO,AYACUCHO,4100,,,False,,65.0,rural
618342,Muyocc,0,051012,0510,05,VILCANCHOS,VICTOR FAJARDO,AYACUCHO,2972,9.983567287356939,8.370577194217784,True,00003623,120.0,rural
615781,Cusipata,0,050206,0502,05,TOTOS,CANGALLO,AYACUCHO,2964,,,False,,54.6,rural
620970,Sayhuapata,0,051012,0510,05,VILCANCHOS,VICTOR FAJARDO,AYACUCHO,3944,26.295740002394954,18.561170688540884,True,00003584,45.8,rural
117651,Tinco,0,050205,0502,05,PARAS,CANGALLO,AYACUCHO,3459,,,False,,19.7,rural
125961,Chuspipuquio,0,051012,0510,05,VILCANCHOS,VICTOR FAJARDO,AYACUCHO,3418,,,False,,38.4,rural
129786,Hato,0,050206,0502,05,TOTOS,CANGALLO,AYACUCHO,3321,13.16000087830572,6.8490596946289575,True,00003623,84.9,rural
131456,Chicchepata,0,050206,0502,05,TOTOS,CANGALLO,AYACUCHO,3279,6.224313987537302,3.2215199828773815,True,00003623,36.9,rural
235327,Huayhuacco,0,050206,0502,05,TOTOS,CANGALLO,AYACUCHO,3724,13.358698187173953,10.617618934111642,True,00003623,174.4,rural
617978,Llepllicca (San Marcos),0,050206,0502,05,TOTOS,CANGALLO,AYACUCHO,3409,6.717931706601369,3.628025108776781,True,00003623,117.6,rural
524148,Manzaramocco,0,050206,0502,05,TOTOS,CANGALLO,AYACUCHO,3267,0.7893712241367667,0.39468561206838343,True,00003623,170.6,rural
511706,Barrios Altos,0,050206,0502,05,TOTOS,CANGALLO,AYACUCHO,3323,0.8427503842622348,0.5307381812398482,True,00003623,366.2,rural
241794,Parayhuasi,0,050205,0502,05,PARAS,CANGALLO,AYACUCHO,3565,88.08821229260603,46.5945833819531,True,00003584,31.2,rural
542953,Cruzpata,0,050206,0502,05,TOTOS,CANGALLO,AYACUCHO,3996,1.2293730355763823,0.8837457732642878,True,00003623,273.2,rural
231228,Contipampa,0,050205,0502,05,PARAS,CANGALLO,AYACUCHO,4017,102.32453352459196,83.80685092862704,True,00003584,25.3,rural
613016,Plazachayocc,0,050205,0502,05,PARAS,CANGALLO,AYACUCHO,3983,20.724827803581277,11.546477647874095,True,00003584,33.8,rural
239287,Pampa Nueva,0,050205,0502,05,PARAS,CANGALLO,AYACUCHO,4176,105.62393243052881,66.85800166853225,True,00003584,41.3,rural
621446,Bellavista,0,050205,0502,05,PARAS,CANGALLO,AYACUCHO,3334,3.294893107723843,3.1442826732153106,True,00003584,152.8,rural
610551,Barrios Altos,0,050205,0502,05,PARAS,CANGALLO,AYACUCHO,3983,,,False,,20.8,rural
245396,Jollpapampa,0,050205,0502,05,PARAS,CANGALLO,AYACUCHO,4232,62.11137509582934,33.60616478356475,True,00003584,30.9,rural
225045,Yurac Cancha,0,050206,0502,05,TOTOS,CANGALLO,AYACUCHO,4326,21.95863444402273,21.61300718171064,True,00003623,115.3,rural
125643,Rangracancha,0,050205,0502,05,PARAS,CANGALLO,AYACUCHO,3725,8.71464349831604,6.707412160914958,True,00003584,6.7,rural
537218,Yllahuarancca,0,050205,0502,05,PARAS,CANGALLO,AYACUCHO,3838,,,False,,36.2,rural
519793,Alahuaylla,0,050205,0502,05,PARAS,CANGALLO,AYACUCHO,3769,8.71464349831604,6.707412160914958,True,00003584,60.2,rural
619625,Ocobamba,0,050205,0502,05,PARAS,CANGALLO,AYACUCHO,3748,,,False,,19.9,rural
518209,Huaccpalla,0,050205,0502,05,PARAS,CANGALLO,AYACUCHO,4146,102.32453352459196,83.80685092862704,True,00003584,8.9,rural
512994,Antacorral,0,050205,0502,05,PARAS,CANGALLO,AYACUCHO,4092,,,False,,13.1,rural
119044,Chacapunco,0,050205,0502,05,PARAS,CANGALLO,AYACUCHO,4499,,,False,,30.1,rural
227254,Occoro,0,050205,0502,05,PARAS,CANGALLO,AYACUCHO,4352,,,False,,52.0,rural
129370,Yupana,0,050202,0502,05,CHUSCHI,CANGALLO,AYACUCHO,4341,60.89629822462625,44.47049795940639,True,00003590,239.5,rural
520342,Pampahuasi,0,050202,0502,05,CHUSCHI,CANGALLO,AYACUCHO,4399,,,False,,116.6,rural
243787,Chicllarazo,0,050202,0502,05,CHUSCHI,CANGALLO,AYACUCHO,4213,,,False,,148.5,rural
543655,Huayllancorral,0,050205,0502,05,PARAS,CANGALLO,AYACUCHO,4209,78.24630679622241,82.2300785521938,True,00003584,11.8,rural
122958,Jochapata,0,050114,0501,05,VINCHOS,HUAMANGA,AYACUCHO,3936,,,False,,192.8,rural
116947,Pucarangra,0,050205,0502,05,PARAS,CANGALLO,AYACUCHO,4545,68.58670285948436,70.96098810840455,True,00003584,63.4,rural
231029,Sorapata,0,050205,0502,05,PARAS,CANGALLO,AYACUCHO,4573,,,False,,29.8,rural
225390,Jenay,0,050205,0502,05,PARAS,CANGALLO,AYACUCHO,4344,,,False,,108.6,rural
227391,Sacsacure,0,050205,0502,05,PARAS,CANGALLO,AYACUCHO,4274,88.95177653634593,77.12047243450402,True,00003584,30.1,rural
243392,Pucruhuasi Chico,0,050202,0502,05,CHUSCHI,CANGALLO,AYACUCHO,4073,,,False,,104.8,rural
226606,Huayccohuasi,0,050205,0502,05,PARAS,CANGALLO,AYACUCHO,4675,,,False,,60.5,rural
234064,Viscachayocc,0,050205,0502,05,PARAS,CANGALLO,AYACUCHO,4129,102.32453352459196,83.80685092862704,True,00003584,32.8,rural
233726,Jarhuanta,0,050205,0502,05,PARAS,CANGALLO,AYACUCHO,4540,48.728134994429304,25.126799956969702,True,00003584,39.6,rural
224839,Jatunhuasi,0,050205,0502,05,PARAS,CANGALLO,AYACUCHO,4524,,,False,,46.4,rural
245030,Huacuya,0,050205,0502,05,PARAS,CANGALLO,AYACUCHO,4092,92.86264787159143,74.66486207718202,True,00003584,32.1,rural
118518,Anccoya,0,050205,0502,05,PARAS,CANGALLO,AYACUCHO,4632,,,False,,52.7,rural
210918,Cutimachay,0,050205,0502,05,PARAS,CANGALLO,AYACUCHO,4550,,,False,,80.2,rural
527026,Sayhua,0,050205,0502,05,PARAS,CANGALLO,AYACUCHO,4595,,,False,,135.5,rural
238157,Occo,0,050205,0502,05,PARAS,CANGALLO,AYACUCHO,4395,49.07322878304196,48.550655444630685,True,00003584,119.8,rural
523099,Apacheta,0,050205,0502,05,PARAS,CANGALLO,AYACUCHO,4704,,,False,,13.5,rural
223889,Jarhua,0,050114,0501,05,VINCHOS,HUAMANGA,AYACUCHO,4234,,,False,,134.1,rural
114375,Milpuna,0,050114,0501,05,VINCHOS,HUAMANGA,AYACUCHO,4219,,,False,,290.0,rural
238314,Jonesyaco,0,050205,0502,05,PARAS,CANGALLO,AYACUCHO,3953,43.18944650943658,46.19677834539987,True,00003590,70.6,rural
238191,Patacorral,0,050114,0501,05,VINCHOS,HUAMANGA,AYACUCHO,4073,40.27031849101077,42.79112899056976,True,00003590,93.5,rural
234566,Tambomachay,0,050114,0501,05,VINCHOS,HUAMANGA,AYACUCHO,4178,41.659692418478734,44.41206523928239,True,00003590,35.9,rural
244718,Tunsulla,0,050205,0502,05,PARAS,CANGALLO,AYACUCHO,3975,44.490679587469,47.71488360310437,True,00003590,182.4,rural
231551,Rudiopata,0,050205,0502,05,PARAS,CANGALLO,AYACUCHO,4262,44.490679587469,47.71488360310437,True,00003590,135.8,rural
213000,Niñobamba,0,050205,0502,05,PARAS,CANGALLO,AYACUCHO,3946,41.659692418478734,44.41206523928239,True,00003590,149.1,rural
512512,Rumichaca,0,050114,0501,05,VINCHOS,HUAMANGA,AYACUCHO,3827,38.999580456910415,41.30860128411935,True,00003590,191.8,rural
118995,Jarahuasi / Hilahuasi,0,050114,0501,05,VINCHOS,HUAMANGA,AYACUCHO,4582,,,False,,108.4,rural
210649,Asabran,0,050114,0501,05,VINCHOS,HUAMANGA,AYACUCHO,4124,54.787477339248504,51.79853108594394,True,00003590,160.3,rural
116244,Jenhuahuaycco,0,050114,0501,05,VINCHOS,HUAMANGA,AYACUCHO,4438,63.709128141756175,54.85923900363826,True,00003590,296.1,rural
128688,Minas Corral,0,050114,0501,05,VINCHOS,HUAMANGA,AYACUCHO,4313,61.02018599963722,50.4482156543258,True,00003590,131.2,rural
124353,Atocchipa,0,050114,0501,05,VINCHOS,HUAMANGA,AYACUCHO,4256,73.29098912110565,55.1984526786428,True,00003590,286.8,rural
512291,Pisququcha / Ocopampa,0,050114,0501,05,VINCHOS,HUAMANGA,AYACUCHO,4221,76.18587090640064,62.17434316391009,True,00003590,127.9,rural
686002,Chaupiccata,0,050206,0502,05,TOTOS,CANGALLO,AYACUCHO,3938,13.196411984539994,6.867265247746094,True,00003623,25.2,rural
686010,Yuraccrumi,0,050206,0502,05,TOTOS,CANGALLO,AYACUCHO,4386,15.696485077953154,15.35085781564106,True,00003623,126.0,rural
686066,Cceulla Ccocha,0,050304,0503,05,SANTIAGO DE LUCANAMARCA,HUANCA SANCOS,AYACUCHO,4489,,,False,,75.6,rural
692164,Tasta,0,050205,0502,05,PARAS,CANGALLO,AYACUCHO,3427,1.984063795017803,1.3227091966785354,True,00003584,30.5,rural
692165,Malan,0,050205,0502,05,PARAS,CANGALLO,AYACUCHO,4497,,,False,,24.5,rural
692167,Huito,0,050206,0502,05,TOTOS,CANGALLO,AYACUCHO,4343,,,False,,80.0,rural
678377,San Jose Tia Andamarca,0,051101,0511,05,VILCAS HUAMAN,VILCAS HUAMAN,AYACUCHO,2487,41.824138310072186,27.96460321890966,True,00003494,30.3,rural
111279,Pampa Cangallo,3,050203,0502,05,LOS MOROCHUCOS,CANGALLO,AYACUCHO,3322,0.3243572557944235,0.16217862789721174,True,00026012,322.4,rural
618270,Wachwalla,0,050204,0502,05,MARIA PARADO DE BELLIDO,CANGALLO,AYACUCHO,4053,,,False,,56.2,rural
551116,Chauchora,0,050203,0502,05,LOS MOROCHUCOS,CANGALLO,AYACUCHO,3199,6.397143039295277,3.9372520026560416,True,00026012,319.2,rural
245490,Uchcupata,0,050202,0502,05,CHUSCHI,CANGALLO,AYACUCHO,3763,,,False,,184.8,rural
111064,Pillpicancha,0,050203,0502,05,LOS MOROCHUCOS,CANGALLO,AYACUCHO,3354,4.923432644794001,3.771830534361892,True,00026012,223.7,rural
514910,Ccaripo,0,050201,0502,05,CANGALLO,CANGALLO,AYACUCHO,2687,1.5599244388668978,1.2695466064758498,True,00003494,1734.6,rural
240475,Pallcca,0,051009,0510,05,HUANCARAYLLA,VICTOR FAJARDO,AYACUCHO,4080,,,False,,36.0,rural
214751,Llapapata,0,051105,0511,05,HUAMBALPA,VILCAS HUAMAN,AYACUCHO,3601,,,False,,111.4,rural
250698,Ccatunorcco,0,050204,0502,05,MARIA PARADO DE BELLIDO,CANGALLO,AYACUCHO,3193,2.7342736716279203,2.989385063480766,True,00003509,423.7,rural
547912,Limareq,0,051105,0511,05,HUAMBALPA,VILCAS HUAMAN,AYACUCHO,3290,61.35714438060061,44.79274438217648,True,00006609,26.5,rural
115490,Marayniocc / Marayccra,0,050105,0501,05,CHIARA,HUAMANGA,AYACUCHO,3578,39.8032252480023,31.413459548459773,True,00006609,280.1,rural
246422,Pucamachay,0,050304,0503,05,SANTIAGO DE LUCANAMARCA,HUANCA SANCOS,AYACUCHO,3879,61.33184508730501,48.63796922327731,True,00003512,70.0,rural
528603,Maname / Macane,0,050302,0503,05,CARAPO,HUANCA SANCOS,AYACUCHO,3736,25.80889136201171,24.285654306961035,True,00003512,29.2,rural
542208,Cunto,0,050302,0503,05,CARAPO,HUANCA SANCOS,AYACUCHO,3422,23.85807938195518,23.920608626023114,True,00003512,45.6,rural
612159,Chaupiccata,0,051006,0510,05,CAYARA,VICTOR FAJARDO,AYACUCHO,3618,11.461174040532573,12.86391001777822,True,00003829,59.8,rural
110152,Cayara,3,051006,0510,05,CAYARA,VICTOR FAJARDO,AYACUCHO,3188,9.186643197767113,10.280169066721854,True,00003829,315.7,rural
517526,Succyapampa,0,051001,0510,05,HUANCAPI,VICTOR FAJARDO,AYACUCHO,3247,26.326013629046596,28.25156742583818,True,00003829,28.8,rural
612757,Condoraylla,0,051001,0510,05,HUANCAPI,VICTOR FAJARDO,AYACUCHO,3943,,,False,,16.1,rural
128545,Osccullo / Osccolla,0,051009,0510,05,HUANCARAYLLA,VICTOR FAJARDO,AYACUCHO,4354,,,False,,17.1,rural
518401,Wiscachayocc,0,051006,0510,05,CAYARA,VICTOR FAJARDO,AYACUCHO,3639,,,False,,69.7,rural
622956,Ccechua,0,051006,0510,05,CAYARA,VICTOR FAJARDO,AYACUCHO,2933,,,False,,177.8,rural
551395,Antaccacca,0,051001,0510,05,HUANCAPI,VICTOR FAJARDO,AYACUCHO,3919,39.88210690410599,35.02961406336788,True,00003829,18.8,rural
516577,Paccolla,0,050302,0503,05,CARAPO,HUANCA SANCOS,AYACUCHO,3596,36.21866699051198,29.490542121211163,True,00003512,38.7,rural
123087,Lirio Pampa,0,051001,0510,05,HUANCAPI,VICTOR FAJARDO,AYACUCHO,3655,39.88210690410599,35.02961406336788,True,00003829,11.4,rural
622688,Ccollpayacu,0,051011,0510,05,SARHUA,VICTOR FAJARDO,AYACUCHO,3827,46.32626348144581,40.51015030115632,True,00003512,73.3,rural
540090,Ayanipampa,0,050302,0503,05,CARAPO,HUANCA SANCOS,AYACUCHO,3988,40.02023356537551,37.33706950844552,True,00003512,130.3,rural
126784,Pisccuni,0,051001,0510,05,HUANCAPI,VICTOR FAJARDO,AYACUCHO,3963,,,False,,26.9,rural
128406,Patahuasi,0,051001,0510,05,HUANCAPI,VICTOR FAJARDO,AYACUCHO,4302,,,False,,22.4,rural
522945,Huaccacca,0,051006,0510,05,CAYARA,VICTOR FAJARDO,AYACUCHO,3135,,,False,,115.5,rural
113946,San Miguel de Manchiri,0,050302,0503,05,CARAPO,HUANCA SANCOS,AYACUCHO,3189,33.69938909533127,28.230903173620813,True,00003512,54.4,rural
246353,Tirapaca,0,050302,0503,05,CARAPO,HUANCA SANCOS,AYACUCHO,4147,,,False,,37.7,rural
550134,Chamacchally / Chamachole,0,050302,0503,05,CARAPO,HUANCA SANCOS,AYACUCHO,3256,33.23183222299879,27.99712473745457,True,00003512,59.9,rural
535742,Sillayco,0,051009,0510,05,HUANCARAYLLA,VICTOR FAJARDO,AYACUCHO,4157,,,False,,26.3,rural
243908,Huallhuaccata,0,051001,0510,05,HUANCAPI,VICTOR FAJARDO,AYACUCHO,3999,,,False,,28.3,rural
221905,Linday Huaycco,0,051009,0510,05,HUANCARAYLLA,VICTOR FAJARDO,AYACUCHO,4055,,,False,,17.3,rural
121315,Erusco,0,051006,0510,05,CAYARA,VICTOR FAJARDO,AYACUCHO,3429,13.118821452412117,14.797831998304355,True,00003829,14.7,rural
542952,Qaqahuacho,0,051009,0510,05,HUANCARAYLLA,VICTOR FAJARDO,AYACUCHO,3979,43.70886007079602,45.96075792220946,True,00003494,7.9,rural
237999,Ucrotuna,0,050304,0503,05,SANTIAGO DE LUCANAMARCA,HUANCA SANCOS,AYACUCHO,4096,,,False,,39.2,rural
540892,Paccha,0,051001,0510,05,HUANCAPI,VICTOR FAJARDO,AYACUCHO,3424,21.03766894050905,23.438073045362174,True,00003829,0.0,rural
121504,Atahui,0,051006,0510,05,CAYARA,VICTOR FAJARDO,AYACUCHO,3427,15.915473825209618,16.196158184703105,True,00003829,102.7,rural
235843,Illarumi Ccata,0,051001,0510,05,HUANCAPI,VICTOR FAJARDO,AYACUCHO,3851,,,False,,21.8,rural
532241,Piruacho,0,051001,0510,05,HUANCAPI,VICTOR FAJARDO,AYACUCHO,3670,17.261620256545037,19.631097269792757,True,00003829,35.7,rural
528899,Yanarayocc,0,051006,0510,05,CAYARA,VICTOR FAJARDO,AYACUCHO,3561,13.118821452412117,14.797831998304355,True,00003829,21.8,rural
527881,Llullucha Pampa,0,051001,0510,05,HUANCAPI,VICTOR FAJARDO,AYACUCHO,3454,21.03766894050905,23.438073045362174,True,00003829,38.6,rural
523557,Sayhua / Sayhua Pata,0,051001,0510,05,HUANCAPI,VICTOR FAJARDO,AYACUCHO,3285,25.20431561806858,27.69071842034917,True,00003829,29.9,rural
246405,Ccata Pata,0,051011,0510,05,SARHUA,VICTOR FAJARDO,AYACUCHO,3941,,,False,,80.0,rural
241418,Huinso,0,051009,0510,05,HUANCARAYLLA,VICTOR FAJARDO,AYACUCHO,4451,,,False,,23.6,rural
544532,Calvariocucho,0,051001,0510,05,HUANCAPI,VICTOR FAJARDO,AYACUCHO,3175,20.969781396075675,23.752255237946887,True,00003494,400.6,rural
226420,Huasipata,0,051011,0510,05,SARHUA,VICTOR FAJARDO,AYACUCHO,4011,,,False,,22.4,rural
221720,Molino,0,051105,0511,05,HUAMBALPA,VILCAS HUAMAN,AYACUCHO,3559,55.943907263183114,41.30470128661457,True,00006609,38.5,rural
511427,Vega Pata,0,051105,0511,05,HUAMBALPA,VILCAS HUAMAN,AYACUCHO,3100,63.13818202068057,45.980102808896454,True,00006609,154.5,rural
526604,Rayanniyocc,0,051001,0510,05,HUANCAPI,VICTOR FAJARDO,AYACUCHO,3528,22.463299158517206,24.19922446769598,True,00003494,36.9,rural
218119,Usanacunca,0,051105,0511,05,HUAMBALPA,VILCAS HUAMAN,AYACUCHO,3339,61.35714438060061,44.79274438217648,True,00006609,73.6,rural
513368,Dury,0,051001,0510,05,HUANCAPI,VICTOR FAJARDO,AYACUCHO,3476,,,False,,56.2,rural
116617,Tinca,0,051008,0510,05,HUAMANQUIQUIA,VICTOR FAJARDO,AYACUCHO,3546,49.682810201918,36.136236160218246,True,00003512,100.0,rural
525571,Erapata,0,051001,0510,05,HUANCAPI,VICTOR FAJARDO,AYACUCHO,3382,27.27635802705319,28.011594494604964,True,00003829,217.3,rural
245731,Pilliccocha,0,050302,0503,05,CARAPO,HUANCA SANCOS,AYACUCHO,4118,,,False,,49.6,rural
250633,Ñaupallacta,0,051007,0510,05,COLCA,VICTOR FAJARDO,AYACUCHO,2853,77.16381753649324,55.3305264861049,True,00006609,114.4,rural
244230,Quisuar Huasi,0,051011,0510,05,SARHUA,VICTOR FAJARDO,AYACUCHO,4069,,,False,,44.9,rural
517738,Atero Pata,0,051105,0511,05,HUAMBALPA,VILCAS HUAMAN,AYACUCHO,3493,55.00846329313573,40.83697930159088,True,00006609,72.5,rural
545632,Tenyacc,0,051009,0510,05,HUANCARAYLLA,VICTOR FAJARDO,AYACUCHO,3875,38.86027120320039,41.11216905461384,True,00003494,83.3,rural
220911,Tirani,0,051009,0510,05,HUANCARAYLLA,VICTOR FAJARDO,AYACUCHO,4301,,,False,,46.1,rural
619337,Paurorumi,0,051011,0510,05,SARHUA,VICTOR FAJARDO,AYACUCHO,3518,5.1422076843625595,3.3948622545293126,True,00003512,243.3,rural
610895,Antaccocha,0,051008,0510,05,HUAMANQUIQUIA,VICTOR FAJARDO,AYACUCHO,3989,,,False,,66.3,rural
663568,Churunmarca,0,051007,0510,05,COLCA,VICTOR FAJARDO,AYACUCHO,2630,26.71690046904538,18.009734030170222,True,00003494,119.1,rural
663572,Escunto,0,051007,0510,05,COLCA,VICTOR FAJARDO,AYACUCHO,2803,34.744081480369005,24.424574804058064,True,00003494,21.6,rural
663575,Huacninpampa,0,051007,0510,05,COLCA,VICTOR FAJARDO,AYACUCHO,2788,29.885729311086305,21.995398719416716,True,00003494,50.0,rural
663576,Accaruay,0,051007,0510,05,COLCA,VICTOR FAJARDO,AYACUCHO,2831,29.885729311086305,21.995398719416716,True,00003494,0.0,rural
663578,Hueccocho,0,051007,0510,05,COLCA,VICTOR FAJARDO,AYACUCHO,2799,33.113823743433805,23.609445935590465,True,00003494,17.9,rural
663590,Ranraccocha,0,051002,0510,05,ALCAMENCA,VICTOR FAJARDO,AYACUCHO,4227,,,False,,82.3,rural
663591,Azulccocha,0,051008,0510,05,HUAMANQUIQUIA,VICTOR FAJARDO,AYACUCHO,4273,,,False,,69.8,rural
663595,Tranca,0,051008,0510,05,HUAMANQUIQUIA,VICTOR FAJARDO,AYACUCHO,3340,32.437269979203954,24.69858499220643,True,00003512,152.7,rural
663600,Piruru Ccasa,0,051009,0510,05,HUANCARAYLLA,VICTOR FAJARDO,AYACUCHO,3848,,,False,,10.5,rural
663601,Patapuquio,0,051001,0510,05,HUANCAPI,VICTOR FAJARDO,AYACUCHO,3952,35.029110335803665,34.75835183758183,True,00003494,152.9,rural
663604,Chupa Siqui,0,051009,0510,05,HUANCARAYLLA,VICTOR FAJARDO,AYACUCHO,3839,,,False,,22.4,rural
663611,Yanaracca,0,051009,0510,05,HUANCARAYLLA,VICTOR FAJARDO,AYACUCHO,3951,,,False,,24.6,rural
663646,Illa,0,051011,0510,05,SARHUA,VICTOR FAJARDO,AYACUCHO,3685,,,False,,59.2,rural
663648,Huillca Cunca,0,051011,0510,05,SARHUA,VICTOR FAJARDO,AYACUCHO,3878,,,False,,103.9,rural
663675,Piturpa,0,051101,0511,05,VILCAS HUAMAN,VILCAS HUAMAN,AYACUCHO,3454,30.96650507221725,24.11192850475688,True,00006609,167.1,rural
663677,Kuliliche,0,051101,0511,05,VILCAS HUAMAN,VILCAS HUAMAN,AYACUCHO,3190,34.19026863233921,28.269010841919844,True,00006609,213.1,rural
553521,Llihuacucho,0,050114,0501,05,VINCHOS,HUAMANGA,AYACUCHO,3568,1.8983363140302558,0.9491681570151279,True,00003590,260.2,rural
561207,Chaupipampa,0,051101,0511,05,VILCAS HUAMAN,VILCAS HUAMAN,AYACUCHO,3211,32.341034062847335,24.799193000071927,True,00006609,105.6,rural
230370,Pichuycucho,0,051011,0510,05,SARHUA,VICTOR FAJARDO,AYACUCHO,4139,,,False,,83.1,rural
655538,Ñahuimpuquio,0,050114,0501,05,VINCHOS,HUAMANGA,AYACUCHO,3684,17.522131806910142,11.37531921256555,True,00003590,122.5,rural
656036,Ccahuiña Ccasa,0,050102,0501,05,ACOCRO,HUAMANGA,AYACUCHO,4155,30.175276991603496,26.512810941810145,True,00003577,556.5,rural
656120,Niño Jesus de Andaraccay,0,050102,0501,05,ACOCRO,HUAMANGA,AYACUCHO,3347,26.6921825046636,17.33538062724792,True,00003546,133.6,rural
656190,Cheqepuquio,0,050204,0502,05,MARIA PARADO DE BELLIDO,CANGALLO,AYACUCHO,3599,21.938821317247687,13.06350905123333,True,00026012,21.7,rural
656064,Remillayocc,0,050114,0501,05,VINCHOS,HUAMANGA,AYACUCHO,3487,39.36434916753921,31.610720544190695,True,00003590,126.1,rural
656656,Winzo,0,051009,0510,05,HUANCARAYLLA,VICTOR FAJARDO,AYACUCHO,4370,,,False,,11.6,rural
657229,Yutacancha,0,050113,0501,05,TAMBILLO,HUAMANGA,AYACUCHO,3293,19.01757544275882,14.732355263954187,True,00035125,93.3,rural
657232,Chinchicancha,0,050114,0501,05,VINCHOS,HUAMANGA,AYACUCHO,3631,47.04548689983522,36.406389308388995,True,00003590,100.1,rural
662470,Pampamarca,0,050114,0501,05,VINCHOS,HUAMANGA,AYACUCHO,3270,21.734598747610075,19.848279720140194,True,00003590,402.3,rural
662471,Union Pacchacc,0,050114,0501,05,VINCHOS,HUAMANGA,AYACUCHO,3470,19.47300440150854,14.293358464692133,True,00003590,305.3,rural
662481,Huayrapata,0,051108,0511,05,VISCHONGO,VILCAS HUAMAN,AYACUCHO,3863,,,False,,113.1,rural
662482,Huaranqayocc,0,051108,0511,05,VISCHONGO,VILCAS HUAMAN,AYACUCHO,3788,,,False,,61.4,rural
661867,Pantin Ccasa,0,050201,0502,05,CANGALLO,CANGALLO,AYACUCHO,3460,18.054289109523896,11.134874326069276,True,00026012,42.6,rural
662357,Huallcca Pucro Grande,0,050105,0501,05,CHIARA,HUAMANGA,AYACUCHO,3616,36.47094892223007,24.772886859056264,True,00003600,214.9,rural
662629,Rumi Rumi,0,050114,0501,05,VINCHOS,HUAMANGA,AYACUCHO,3471,12.807258349101613,6.403629174550808,True,00003590,162.8,rural
662631,Cercupunco,0,050114,0501,05,VINCHOS,HUAMANGA,AYACUCHO,3697,27.67006225435997,15.829016434070127,True,00003590,232.2,rural
662646,Maucaccatus,0,050201,0502,05,CANGALLO,CANGALLO,AYACUCHO,3459,38.06075436028208,26.913807386185887,True,00006609,102.1,rural
662654,San Juan de Cruz Pampa,0,050204,0502,05,MARIA PARADO DE BELLIDO,CANGALLO,AYACUCHO,3338,6.7562560740945266,7.011367465947373,True,00003509,330.4,rural
662664,Moyourcco,0,050203,0502,05,LOS MOROCHUCOS,CANGALLO,AYACUCHO,3537,18.999938654861516,11.92374455692238,True,00026012,60.8,rural
662665,Hatumpampa,0,050203,0502,05,LOS MOROCHUCOS,CANGALLO,AYACUCHO,3571,11.809623412117183,11.441603249792475,True,00026012,159.6,rural
662666,Cañaychapata,0,050203,0502,05,LOS MOROCHUCOS,CANGALLO,AYACUCHO,3501,18.04429365959317,11.719506987944623,True,00026012,113.6,rural
662667,Machocruz,0,050203,0502,05,LOS MOROCHUCOS,CANGALLO,AYACUCHO,3470,20.07274811254715,12.733734214421611,True,00026012,214.1,rural
662669,Paqchapata,0,050203,0502,05,LOS MOROCHUCOS,CANGALLO,AYACUCHO,3552,11.911755850890282,11.492669469179026,True,00026012,43.9,rural
662671,Paqpayocc,0,050204,0502,05,MARIA PARADO DE BELLIDO,CANGALLO,AYACUCHO,3194,11.580923570679408,7.4996779094878505,True,00003509,113.0,rural
662672,Qarapuna,0,050204,0502,05,MARIA PARADO DE BELLIDO,CANGALLO,AYACUCHO,3086,12.464217755418588,7.941325001857439,True,00003509,130.2,rural
662731,Ccatun Lambras,0,050206,0502,05,TOTOS,CANGALLO,AYACUCHO,3166,24.514216587828216,12.526167549390204,True,00003623,213.0,rural
662798,Qenaypata,0,050302,0503,05,CARAPO,HUANCA SANCOS,AYACUCHO,3836,,,False,,84.8,rural
662799,Yarqaurquna,0,050302,0503,05,CARAPO,HUANCA SANCOS,AYACUCHO,3808,,,False,,6.2,rural
662801,Aymara,0,050302,0503,05,CARAPO,HUANCA SANCOS,AYACUCHO,3847,,,False,,46.7,rural
662804,Qatunhuaylla,0,050302,0503,05,CARAPO,HUANCA SANCOS,AYACUCHO,3861,,,False,,32.4,rural
662806,Chamana Huaylla,0,050302,0503,05,CARAPO,HUANCA SANCOS,AYACUCHO,3791,45.545651384239896,39.00681261506569,True,00003512,21.8,rural
662808,Piturumi,0,050302,0503,05,CARAPO,HUANCA SANCOS,AYACUCHO,3787,45.545651384239896,39.00681261506569,True,00003512,73.4,rural
662814,Huasillica,0,051009,0510,05,HUANCARAYLLA,VICTOR FAJARDO,AYACUCHO,4263,,,False,,12.9,rural
663561,Ccollccina,0,051007,0510,05,COLCA,VICTOR FAJARDO,AYACUCHO,2531,40.78622942945936,27.445648778603246,True,00003494,52.7,rural
663565,Ccochani,0,051007,0510,05,COLCA,VICTOR FAJARDO,AYACUCHO,2571,26.419996561390025,17.795310062686145,True,00003494,92.0,rural
663566,Mollepampa,0,051007,0510,05,COLCA,VICTOR FAJARDO,AYACUCHO,2648,41.824138310072186,27.96460321890966,True,00003494,15.1,rural
663991,Patarqui,0,051001,0510,05,HUANCAPI,VICTOR FAJARDO,AYACUCHO,2793,,,False,,176.4,rural
663993,Sicuy,0,051001,0510,05,HUANCAPI,VICTOR FAJARDO,AYACUCHO,3023,18.77613624157399,21.682936217436843,True,00003494,95.4,rural
664080,Comun Pampa,0,051105,0511,05,HUAMBALPA,VILCAS HUAMAN,AYACUCHO,3263,56.90864493789252,41.794668282789914,True,00006609,154.0,rural
664091,Cuchoquesera,0,051108,0511,05,VISCHONGO,VILCAS HUAMAN,AYACUCHO,3677,47.17177719339848,31.230980565328373,True,00006609,335.4,rural
664093,Pata Cancha,0,051108,0511,05,VISCHONGO,VILCAS HUAMAN,AYACUCHO,3551,44.88045633066009,30.085320133959172,True,00006609,252.4,rural
664098,Hatunhuaycco,0,051108,0511,05,VISCHONGO,VILCAS HUAMAN,AYACUCHO,3747,17.67857515311924,14.240384040422711,True,00006609,232.3,rural
664100,Pacaycasa,0,051108,0511,05,VISCHONGO,VILCAS HUAMAN,AYACUCHO,2527,41.824138310072186,27.96460321890966,True,00003494,44.1,rural
682653,Tambucha,0,050114,0501,05,VINCHOS,HUAMANGA,AYACUCHO,3401,7.65476299426158,7.530685312335949,True,00003590,214.4,rural
666129,Ccatun Pampa,0,051001,0510,05,HUANCAPI,VICTOR FAJARDO,AYACUCHO,3342,33.47979546067207,31.828458341650915,True,00003829,10.2,rural
666128,Cuchipa Wasin Pata,0,051001,0510,05,HUANCAPI,VICTOR FAJARDO,AYACUCHO,3358,33.47979546067207,31.828458341650915,True,00003829,12.2,rural
113039,Quinuas,0,050102,0501,05,ACOCRO,HUAMANGA,AYACUCHO,3273,25.166722469615927,14.279303795431536,True,00003546,106.8,rural
110713,Qanqayllo,0,050114,0501,05,VINCHOS,HUAMANGA,AYACUCHO,3336,31.878253328514795,26.510979224768903,True,00003590,134.5,rural
114498,Pucaccasa,0,050105,0501,05,CHIARA,HUAMANGA,AYACUCHO,3628,33.23957347028565,26.457558290958836,True,00006609,263.7,rural
618522,San Jose de Mayopampa,0,050114,0501,05,VINCHOS,HUAMANGA,AYACUCHO,3519,22.92239110630533,21.26123804937185,True,00003554,543.6,rural
518956,Huachhuapampa,0,051001,0510,05,HUANCAPI,VICTOR FAJARDO,AYACUCHO,3745,17.261620256545037,19.631097269792757,True,00003829,11.6,rural
238373,Totoraccasa,0,051009,0510,05,HUANCARAYLLA,VICTOR FAJARDO,AYACUCHO,3996,43.70886007079602,45.96075792220946,True,00003494,18.8,rural
219644,Huecco Ccasa,0,051009,0510,05,HUANCARAYLLA,VICTOR FAJARDO,AYACUCHO,4067,,,False,,26.6,rural
114799,Auquilla,0,051011,0510,05,SARHUA,VICTOR FAJARDO,AYACUCHO,3272,24.24472624833526,14.116472489139603,True,00003502,176.3,rural
522837,Chahuaybamba,0,050201,0502,05,CANGALLO,CANGALLO,AYACUCHO,2980,0.3393895624935489,0.16969478124677448,True,00003494,785.8,rural
545371,Ccollcapuquio,0,051108,0511,05,VISCHONGO,VILCAS HUAMAN,AYACUCHO,3020,10.392139649387069,6.6847798941067404,True,00006609,309.2,rural
515443,Tucre / Tucre Pampa,0,050204,0502,05,MARIA PARADO DE BELLIDO,CANGALLO,AYACUCHO,3565,26.468754738592942,15.361493439577675,True,00026012,59.5,rural
674636,Hocciticlla,0,050302,0503,05,CARAPO,HUANCA SANCOS,AYACUCHO,4077,,,False,,32.9,rural
672910,Uqikichica Pucro,0,051001,0510,05,HUANCAPI,VICTOR FAJARDO,AYACUCHO,3447,21.03766894050905,23.438073045362174,True,00003829,13.9,rural
672911,Ankukichca Pucro,0,051001,0510,05,HUANCAPI,VICTOR FAJARDO,AYACUCHO,3439,21.03766894050905,23.438073045362174,True,00003829,13.2,rural
675349,Huancuyri,0,051012,0510,05,VILCANCHOS,VICTOR FAJARDO,AYACUCHO,4263,,,False,,44.3,rural
675350,Yanapaqcha,0,051012,0510,05,VILCANCHOS,VICTOR FAJARDO,AYACUCHO,4452,,,False,,31.8,rural
675352,Ccaccapaki,0,051011,0510,05,SARHUA,VICTOR FAJARDO,AYACUCHO,4477,,,False,,38.2,rural
676821,Puca Ccasa,0,051008,0510,05,HUAMANQUIQUIA,VICTOR FAJARDO,AYACUCHO,3884,,,False,,26.7,rural
676822,Lachocc Huaycco,0,051008,0510,05,HUAMANQUIQUIA,VICTOR FAJARDO,AYACUCHO,3802,,,False,,8.2,rural
676823,Allpa Chaca,0,051008,0510,05,HUAMANQUIQUIA,VICTOR FAJARDO,AYACUCHO,3917,,,False,,13.9,rural
676825,Puyhuanniyocc,0,051008,0510,05,HUAMANQUIQUIA,VICTOR FAJARDO,AYACUCHO,4060,,,False,,23.6,rural
677086,Huanuhuano,0,050114,0501,05,VINCHOS,HUAMANGA,AYACUCHO,3771,40.74095254059274,35.66968795479099,True,00003590,233.8,rural
677089,Hatun Huaycco,0,050114,0501,05,VINCHOS,HUAMANGA,AYACUCHO,3191,24.902302402318977,21.81487570794803,True,00003590,194.5,rural
677093,Antaojos,0,050114,0501,05,VINCHOS,HUAMANGA,AYACUCHO,3453,27.343418359911325,21.167151533703663,True,00003554,279.7,rural
677358,Ñuñunhuay,0,050106,0501,05,OCROS,HUAMANGA,AYACUCHO,3261,28.350175823898052,19.997178741199438,True,00003577,243.9,rural
677115,Cullconcha,0,051008,0510,05,HUAMANQUIQUIA,VICTOR FAJARDO,AYACUCHO,3057,,,False,,335.6,rural
677116,Ccechua,0,051008,0510,05,HUAMANQUIQUIA,VICTOR FAJARDO,AYACUCHO,3607,38.85025658686643,28.973909397314745,True,00003512,142.2,rural
677122,Ventur Pata,0,051008,0510,05,HUAMANQUIQUIA,VICTOR FAJARDO,AYACUCHO,3306,49.85216552461898,36.23426869497168,True,00003512,23.7,rural
677123,Accomocco,0,051008,0510,05,HUAMANQUIQUIA,VICTOR FAJARDO,AYACUCHO,3394,50.5018904431537,36.74166530150625,True,00003512,85.4,rural
677124,Qatun Qapaña,0,051008,0510,05,HUAMANQUIQUIA,VICTOR FAJARDO,AYACUCHO,4132,41.109571042462925,30.48011903437908,True,00003512,23.9,rural
677126,Ccatun Musucc Cancha,0,051008,0510,05,HUAMANQUIQUIA,VICTOR FAJARDO,AYACUCHO,3798,41.109571042462925,30.48011903437908,True,00003512,15.5,rural
677129,Yana Machay,0,051008,0510,05,HUAMANQUIQUIA,VICTOR FAJARDO,AYACUCHO,3999,41.109571042462925,30.48011903437908,True,00003512,55.9,rural
677370,Huayccohuasi,0,050201,0502,05,CANGALLO,CANGALLO,AYACUCHO,3343,,,False,,178.7,rural
677372,Lloqepampa,0,050201,0502,05,CANGALLO,CANGALLO,AYACUCHO,3417,38.031161700909685,26.89901105649969,True,00006609,100.6,rural
677534,Virgen Del Carmen Chontaca,0,050102,0501,05,ACOCRO,HUAMANGA,AYACUCHO,3500,1.1208066845612792,0.7778325329428947,True,00003546,1129.3,rural
677697,Wiscachanipata,0,051012,0510,05,VILCANCHOS,VICTOR FAJARDO,AYACUCHO,4353,,,False,,0.0,rural
677706,Yacupaca,0,051008,0510,05,HUAMANQUIQUIA,VICTOR FAJARDO,AYACUCHO,3905,38.85025658686643,28.973909397314745,True,00003512,31.2,rural
678569,Trapiche,0,051105,0511,05,HUAMBALPA,VILCAS HUAMAN,AYACUCHO,3281,55.53169899503948,41.09859715254275,True,00006609,38.1,rural
681040,Anco Cunca,0,051001,0510,05,HUANCAPI,VICTOR FAJARDO,AYACUCHO,4102,,,False,,27.3,rural
222736,Toccropampa,0,050506,0505,05,LUIS CARRANZA,LA MAR,AYACUCHO,3979,,,False,,198.4,rural
233447,Hacienda Chitahuajra,0,050105,0501,05,CHIARA,HUAMANGA,AYACUCHO,3359,14.783325889370275,12.174142455534941,True,00029077,181.1,rural
123877,Casacancha,0,050114,0501,05,VINCHOS,HUAMANGA,AYACUCHO,3681,55.78864987219343,42.560254347293515,True,00003590,144.8,rural
221644,Mutuypata,0,050102,0501,05,ACOCRO,HUAMANGA,AYACUCHO,3512,24.59956270992545,21.179600880586193,True,00003546,114.6,rural
219914,Puca Pampa,0,050202,0502,05,CHUSCHI,CANGALLO,AYACUCHO,3478,6.272009306061126,6.1978163023247745,True,00003502,276.5,rural
550245,Lambrashuayqo,0,050112,0501,05,SOCOS,HUAMANGA,AYACUCHO,3663,16.341181492074462,9.52748001027567,True,00003562,215.5,rural
226725,Cuncacha,0,051009,0510,05,HUANCARAYLLA,VICTOR FAJARDO,AYACUCHO,3947,,,False,,45.3,rural
240279,Churco Rumi,0,051011,0510,05,SARHUA,VICTOR FAJARDO,AYACUCHO,4156,,,False,,80.0,rural
217090,Uchuypuquio,0,051101,0511,05,VILCAS HUAMAN,VILCAS HUAMAN,AYACUCHO,3724,31.419319173961465,25.11088322214136,True,00006609,238.6,rural
126790,San Jose de Tia,0,051101,0511,05,VILCAS HUAMAN,VILCAS HUAMAN,AYACUCHO,2924,58.891064268352075,38.074208102824294,True,00006609,62.3,rural
235513,Pichana Ccasa,0,050201,0502,05,CANGALLO,CANGALLO,AYACUCHO,3503,11.081875037523826,7.915324945040153,True,00003509,81.2,rural
120878,Santa Rosa de Chanen,0,051101,0511,05,VILCAS HUAMAN,VILCAS HUAMAN,AYACUCHO,3349,20.605337259821912,15.509056292138593,True,00006609,339.8,rural
233784,Ccatun Pampa,0,051012,0510,05,VILCANCHOS,VICTOR FAJARDO,AYACUCHO,4378,,,False,,56.7,rural
623713,Santa Rosa de Cochabamba,0,051007,0510,05,COLCA,VICTOR FAJARDO,AYACUCHO,3179,10.912635192409569,12.508851660078351,True,00003494,96.2,rural
239431,Pomaccocha,0,051011,0510,05,SARHUA,VICTOR FAJARDO,AYACUCHO,4259,,,False,,84.3,rural
242673,San Juan de Cucho,0,050202,0502,05,CHUSCHI,CANGALLO,AYACUCHO,3823,18.795292130736176,11.375107890549204,True,00003590,496.2,rural
228459,Potrero,0,050202,0502,05,CHUSCHI,CANGALLO,AYACUCHO,3803,20.549072092669203,17.33780389958911,True,00003590,199.0,rural
236238,Tolpo Rume,0,050202,0502,05,CHUSCHI,CANGALLO,AYACUCHO,3778,19.50891576587817,16.926519358545377,True,00003590,58.4,rural
123860,Cuchuquesera,0,050202,0502,05,CHUSCHI,CANGALLO,AYACUCHO,3763,12.624041020927049,8.289482335644639,True,00003590,367.2,rural
233978,Suco Orcco,0,051011,0510,05,SARHUA,VICTOR FAJARDO,AYACUCHO,4229,,,False,,81.6,rural
116336,Llusita,0,051009,0510,05,HUANCARAYLLA,VICTOR FAJARDO,AYACUCHO,3038,33.405938141200565,23.680323725912377,True,00003494,94.2,rural
214463,Pucacorral,0,051101,0511,05,VILCAS HUAMAN,VILCAS HUAMAN,AYACUCHO,3726,32.05876301650939,25.103270964683514,True,00006609,150.6,rural
538892,Sancayhuasi,0,051008,0510,05,HUAMANQUIQUIA,VICTOR FAJARDO,AYACUCHO,3259,39.07286230798761,29.122313211395536,True,00003512,340.4,rural
228608,Ataluyocc,0,050206,0502,05,TOTOS,CANGALLO,AYACUCHO,3514,13.500538575074568,7.019328543013382,True,00003623,101.6,rural
532027,Ramon Castilla,0,050206,0502,05,TOTOS,CANGALLO,AYACUCHO,3535,13.000654286203865,6.76938639857803,True,00003623,39.3,rural
119126,Quilla,0,051007,0510,05,COLCA,VICTOR FAJARDO,AYACUCHO,2863,18.71039995424447,16.407734040995802,True,00003494,219.5,rural
235429,Torre Orcco,0,051011,0510,05,SARHUA,VICTOR FAJARDO,AYACUCHO,4235,,,False,,43.9,rural
118544,Tuco,0,050202,0502,05,CHUSCHI,CANGALLO,AYACUCHO,4081,,,False,,254.0,rural
542493,Tarajata,0,051101,0511,05,VILCAS HUAMAN,VILCAS HUAMAN,AYACUCHO,3046,59.462601354659,38.35997664597775,True,00006609,86.7,rural
230780,Churiaccasa,0,051101,0511,05,VILCAS HUAMAN,VILCAS HUAMAN,AYACUCHO,3710,32.05876301650939,25.103270964683514,True,00006609,118.8,rural
541533,Tanta Huaycco,0,051007,0510,05,COLCA,VICTOR FAJARDO,AYACUCHO,2680,15.55905964042678,14.832063884086958,True,00003494,106.2,rural
618832,Huarcce,0,051011,0510,05,SARHUA,VICTOR FAJARDO,AYACUCHO,3976,,,False,,44.8,rural
542142,Sucia,0,051011,0510,05,SARHUA,VICTOR FAJARDO,AYACUCHO,4119,,,False,,45.1,rural
229048,Toropata,0,051001,0510,05,HUANCAPI,VICTOR FAJARDO,AYACUCHO,3327,36.32550996264801,20.806860061486482,True,00003494,65.1,rural
124010,Huambo,0,051002,0510,05,ALCAMENCA,VICTOR FAJARDO,AYACUCHO,3472,42.40614641085513,24.849814075887412,True,00003494,171.5,rural
215257,Ulpuri,0,051002,0510,05,ALCAMENCA,VICTOR FAJARDO,AYACUCHO,3848,49.07681421736366,26.12392224052289,True,00003494,178.2,rural
514664,Muncha,0,051011,0510,05,SARHUA,VICTOR FAJARDO,AYACUCHO,4291,,,False,,59.5,rural
232093,Andamarca,0,051002,0510,05,ALCAMENCA,VICTOR FAJARDO,AYACUCHO,3662,37.59209992305144,21.640449750684947,True,00003494,94.6,rural
240799,Uchuylla,0,051011,0510,05,SARHUA,VICTOR FAJARDO,AYACUCHO,3257,1.2407216089824538,0.6687595660186709,True,00003512,201.1,rural
240132,Cajo,0,051108,0511,05,VISCHONGO,VILCAS HUAMAN,AYACUCHO,3267,49.63485088265483,33.17083603329501,True,00006609,96.2,rural
250392,Queso Mocco,0,051101,0511,05,VILCAS HUAMAN,VILCAS HUAMAN,AYACUCHO,3488,22.464465869880385,19.93669990379119,True,00006609,459.7,rural
240687,Toropata,0,051011,0510,05,SARHUA,VICTOR FAJARDO,AYACUCHO,4472,,,False,,59.7,rural
124673,Bellavista,0,051108,0511,05,VISCHONGO,VILCAS HUAMAN,AYACUCHO,3362,49.63485088265483,33.17083603329501,True,00006609,113.3,rural
223347,Ccatun Pampa,0,051002,0510,05,ALCAMENCA,VICTOR FAJARDO,AYACUCHO,3613,30.244860284746515,24.393556748659314,True,00003509,399.9,rural
230735,Llancara,0,051002,0510,05,ALCAMENCA,VICTOR FAJARDO,AYACUCHO,3062,,,False,,196.1,rural
622656,Lloccepucro,0,051002,0510,05,ALCAMENCA,VICTOR FAJARDO,AYACUCHO,3690,52.78933695207618,30.19745220688488,True,00003494,264.0,rural
519601,Ccarapo,0,051002,0510,05,ALCAMENCA,VICTOR FAJARDO,AYACUCHO,3159,26.180622906202338,14.140851527780917,True,00003494,376.4,rural
231194,Ccatun Mocco,0,050201,0502,05,CANGALLO,CANGALLO,AYACUCHO,3498,38.031161700909685,26.89901105649969,True,00006609,41.0,rural
111979,San Juan de Mirata,0,051002,0510,05,ALCAMENCA,VICTOR FAJARDO,AYACUCHO,3358,46.468481339739064,26.07864045902876,True,00003494,104.9,rural
536660,Sachayocc,0,050203,0502,05,LOS MOROCHUCOS,CANGALLO,AYACUCHO,3872,,,False,,93.7,rural
528514,Ccaracha,0,050106,0501,05,OCROS,HUAMANGA,AYACUCHO,3154,25.41971797782627,18.53194981816355,True,00003577,157.2,rural
239539,Ahuajo,0,050106,0501,05,OCROS,HUAMANGA,AYACUCHO,3248,28.350175823898052,19.997178741199438,True,00003577,142.6,rural
616800,Alto Peru,0,051101,0511,05,VILCAS HUAMAN,VILCAS HUAMAN,AYACUCHO,3449,19.596902490790868,18.397275141908978,True,00006609,864.9,rural
111036,Querobamba,0,050201,0502,05,CANGALLO,CANGALLO,AYACUCHO,3454,38.60028210714295,21.68115819504604,True,00003494,107.5,rural
245243,Puca Machay,0,051011,0510,05,SARHUA,VICTOR FAJARDO,AYACUCHO,4349,,,False,,58.3,rural
535447,Yuraccyacu,0,051101,0511,05,VILCAS HUAMAN,VILCAS HUAMAN,AYACUCHO,3515,20.1554879881543,18.545159344396733,True,00006609,1052.3,rural
618014,Occopata,0,050206,0502,05,TOTOS,CANGALLO,AYACUCHO,4082,,,False,,151.5,rural
530110,Pinchopata,0,050201,0502,05,CANGALLO,CANGALLO,AYACUCHO,3396,21.28947194579978,11.403404897112912,True,00026012,24.0,rural
537499,Eccallo,0,051002,0510,05,ALCAMENCA,VICTOR FAJARDO,AYACUCHO,2853,46.75553032019773,26.22216494925809,True,00003494,191.1,rural
516083,Ccocha,0,050201,0502,05,CANGALLO,CANGALLO,AYACUCHO,2806,8.351505432685643,5.786914850064437,True,00003494,153.6,rural
545519,Chilcapucro,0,051101,0511,05,VILCAS HUAMAN,VILCAS HUAMAN,AYACUCHO,3446,19.184331854242377,17.930632568660727,True,00006609,0.0,rural
530153,Sutkco,0,050201,0502,05,CANGALLO,CANGALLO,AYACUCHO,2719,1.9096442086188352,2.005362178989162,True,00003494,449.0,rural
211787,Chanen Pata,0,051101,0511,05,VILCAS HUAMAN,VILCAS HUAMAN,AYACUCHO,3195,16.963893030734752,15.1290823902573,True,00006609,407.9,rural
541886,Chupa,0,050201,0502,05,CANGALLO,CANGALLO,AYACUCHO,3314,,,False,,110.9,rural
131785,Cancalla,0,050201,0502,05,CANGALLO,CANGALLO,AYACUCHO,3072,1.0117908318196822,0.9578665727234836,True,00003494,242.1,rural
116275,Riplliscca,0,050203,0502,05,LOS MOROCHUCOS,CANGALLO,AYACUCHO,3964,,,False,,94.2,rural
528634,Papachacra,0,050203,0502,05,LOS MOROCHUCOS,CANGALLO,AYACUCHO,3524,19.249274329717295,14.317615553625597,True,00026012,132.0,rural
111375,Pallqacancha,0,051108,0511,05,VISCHONGO,VILCAS HUAMAN,AYACUCHO,3383,29.301321815635028,21.61000567724359,True,00006609,82.6,rural
216432,Suytuliocc,0,050201,0502,05,CANGALLO,CANGALLO,AYACUCHO,3666,,,False,,61.7,rural
519830,Tuqcyascca,0,051108,0511,05,VISCHONGO,VILCAS HUAMAN,AYACUCHO,3006,6.285581093237852,4.328178827252752,True,00006609,188.7,rural
123975,Tomancca,0,051011,0510,05,SARHUA,VICTOR FAJARDO,AYACUCHO,3653,86.08999053783525,44.79697919061338,True,00003502,136.1,rural
243485,Ccentil Ccecha,0,051011,0510,05,SARHUA,VICTOR FAJARDO,AYACUCHO,3794,70.52193083220276,37.01294933779713,True,00003502,137.0,rural
224520,Cruz Pata,0,050202,0502,05,CHUSCHI,CANGALLO,AYACUCHO,3281,10.589848177070062,10.164737162822775,True,00003502,342.2,rural
525250,Ninabamba,0,050202,0502,05,CHUSCHI,CANGALLO,AYACUCHO,3184,9.89911991949463,9.44027191715662,True,00003502,132.8,rural
217109,Lindero Pata,0,050201,0502,05,CANGALLO,CANGALLO,AYACUCHO,3654,21.727773454441095,16.075295115769535,True,00006609,161.0,rural
118283,Capilla,0,050114,0501,05,VINCHOS,HUAMANGA,AYACUCHO,4115,50.508223213901225,34.43516499657341,True,00003590,86.9,rural
121596,Satica,0,050203,0502,05,LOS MOROCHUCOS,CANGALLO,AYACUCHO,3707,26.362491927761305,23.595731771708135,True,00026012,351.0,rural
118684,Ccachccara / San Jose de Ccacheccara,0,050204,0502,05,MARIA PARADO DE BELLIDO,CANGALLO,AYACUCHO,3150,1.7688715871749596,1.5956821084903683,True,00003509,232.1,rural
223077,Pizarraccasa,0,050201,0502,05,CANGALLO,CANGALLO,AYACUCHO,3541,11.595875087643485,8.363230415509651,True,00003509,283.9,rural
131193,Cocas,0,051012,0510,05,VILCANCHOS,VICTOR FAJARDO,AYACUCHO,3310,23.187712307859055,17.613328334896767,True,00003623,103.7,rural
126464,Huayrapata,0,051108,0511,05,VISCHONGO,VILCAS HUAMAN,AYACUCHO,3237,8.323276565246612,5.608251615759043,True,00006609,194.3,rural
238183,Fundo Choccechaca,0,050202,0502,05,CHUSCHI,CANGALLO,AYACUCHO,2902,1.8405350421595368,0.9202675210797684,True,00003502,273.0,rural
523985,Belen / Belen Cata,0,050204,0502,05,MARIA PARADO DE BELLIDO,CANGALLO,AYACUCHO,3339,0.7330601056062297,0.5187542695205434,True,00003509,146.6,rural
221139,Haya Orcco,0,050203,0502,05,LOS MOROCHUCOS,CANGALLO,AYACUCHO,3588,9.170290233802254,5.334282538275067,True,00026012,91.1,rural
210942,Atoc Huachanan,0,050203,0502,05,LOS MOROCHUCOS,CANGALLO,AYACUCHO,3727,10.993877629132141,6.357024181046441,True,00026012,64.4,rural
512727,Ccoriacc / Ccoriacc Cabracancha,0,050204,0502,05,MARIA PARADO DE BELLIDO,CANGALLO,AYACUCHO,3291,0.7330601056062297,0.5187542695205434,True,00003509,334.4,rural
128198,Ccocha,0,051108,0511,05,VISCHONGO,VILCAS HUAMAN,AYACUCHO,3152,0.9989305138761975,0.7723250957409371,True,00006609,684.3,rural
310636,Churcana,0,050204,0502,05,MARIA PARADO DE BELLIDO,CANGALLO,AYACUCHO,3585,8.714240900953053,6.323102911500731,True,00003509,65.8,rural
115580,Condoray Ccata,0,050204,0502,05,MARIA PARADO DE BELLIDO,CANGALLO,AYACUCHO,3770,,,False,,60.5,rural
110853,Kallcabamba,0,050202,0502,05,CHUSCHI,CANGALLO,AYACUCHO,3470,11.938544226212032,9.61076874144511,True,00003502,265.1,rural
110983,Vischongo,3,051108,0511,05,VISCHONGO,VILCAS HUAMAN,AYACUCHO,3128,0.5136799992714778,0.3436407460031635,True,00006609,516.7,rural
120351,Ccasanccay Pampa,0,050204,0502,05,MARIA PARADO DE BELLIDO,CANGALLO,AYACUCHO,3559,8.714240900953053,6.323102911500731,True,00003509,48.9,rural
124274,Cabracancha,0,050203,0502,05,LOS MOROCHUCOS,CANGALLO,AYACUCHO,3365,7.366741425017249,5.934774241155843,True,00026012,162.9,rural
110213,Potrero,0,050201,0502,05,CANGALLO,CANGALLO,AYACUCHO,3109,15.317134396680338,10.82706518934808,True,00003494,510.5,rural
610783,Ccochapata,0,050206,0502,05,TOTOS,CANGALLO,AYACUCHO,3974,52.686789961151504,40.18982142097803,True,00003590,69.4,rural
130425,San Juan de Mayucancha,0,050204,0502,05,MARIA PARADO DE BELLIDO,CANGALLO,AYACUCHO,3808,22.792363229406384,12.361820893600473,True,00026012,120.6,rural
210377,Llehuacucho,0,050204,0502,05,MARIA PARADO DE BELLIDO,CANGALLO,AYACUCHO,3466,6.472470948571129,4.828589609912783,True,00003509,82.6,rural
612857,Yuracc Rumi,0,050204,0502,05,MARIA PARADO DE BELLIDO,CANGALLO,AYACUCHO,3574,6.472470948571129,4.828589609912783,True,00003509,22.8,rural
128716,Quispillacta,0,050202,0502,05,CHUSCHI,CANGALLO,AYACUCHO,3142,0.5785061880201672,0.41036484734386536,True,00003502,815.0,rural
544697,Chacaloma,0,050203,0502,05,LOS MOROCHUCOS,CANGALLO,AYACUCHO,3166,7.816435350303966,3.9082176751519837,True,00026012,343.0,rural
611640,Chulcumayo,0,050202,0502,05,CHUSCHI,CANGALLO,AYACUCHO,2966,9.61247188633887,6.545660423593379,True,00003502,201.6,rural
131901,Ñuñunhuaycco,0,051108,0511,05,VISCHONGO,VILCAS HUAMAN,AYACUCHO,3470,9.746553434038056,8.087815102167509,True,00006609,370.1,rural
221650,Chichucancha,0,050105,0501,05,CHIARA,HUAMANGA,AYACUCHO,3574,24.2117271612209,17.407201808071772,True,00003590,379.3,rural
233208,Atirero,0,050204,0502,05,MARIA PARADO DE BELLIDO,CANGALLO,AYACUCHO,3708,24.33008386981419,16.26884911118066,True,00003509,50.3,rural
521791,Quishuar,0,050201,0502,05,CANGALLO,CANGALLO,AYACUCHO,3186,9.628521839401696,6.142578795615886,True,00026012,174.1,rural
616615,Villa Vista (Ccatun Rumi),0,050206,0502,05,TOTOS,CANGALLO,AYACUCHO,3335,25.3839931399793,12.961055825465746,True,00003623,140.8,rural
542743,Choro Pallana,0,050203,0502,05,LOS MOROCHUCOS,CANGALLO,AYACUCHO,3296,2.4261065655147322,1.4699256342254459,True,00026012,187.8,rural
245986,Puca Ccacca,0,050202,0502,05,CHUSCHI,CANGALLO,AYACUCHO,3813,,,False,,95.1,rural
225282,Ojoroy,0,050105,0501,05,CHIARA,HUAMANGA,AYACUCHO,3924,,,False,,304.7,rural
131012,Pajarescca,0,050203,0502,05,LOS MOROCHUCOS,CANGALLO,AYACUCHO,3864,,,False,,96.6,rural
617545,Arma Pata,0,050203,0502,05,LOS MOROCHUCOS,CANGALLO,AYACUCHO,3282,1.4348000816609319,1.3310975982783166,True,00026012,271.9,rural
224395,Ccenia,0,050201,0502,05,CANGALLO,CANGALLO,AYACUCHO,3536,20.486581200348756,13.04220400635005,True,00026012,283.2,rural
614520,Porotuyocc,0,050202,0502,05,CHUSCHI,CANGALLO,AYACUCHO,3553,,,False,,138.6,rural
547248,Tecllo / Ticcllo,0,051108,0511,05,VISCHONGO,VILCAS HUAMAN,AYACUCHO,3357,6.0150730693602155,5.600161525715615,True,00006609,242.2,rural
512211,Tocceyascca,0,050203,0502,05,LOS MOROCHUCOS,CANGALLO,AYACUCHO,3328,3.7883675190621617,2.407632781169375,True,00026012,45.5,rural
522441,Araccpercca,0,050204,0502,05,MARIA PARADO DE BELLIDO,CANGALLO,AYACUCHO,3589,22.338765567508858,13.166685280802476,True,00026012,62.4,rural
618288,Suca,0,050203,0502,05,LOS MOROCHUCOS,CANGALLO,AYACUCHO,3335,3.403194997938747,2.2150465206076673,True,00026012,62.9,rural
526888,Paccaypata,0,050203,0502,05,LOS MOROCHUCOS,CANGALLO,AYACUCHO,3291,2.321478687354347,1.1607393436771736,True,00026012,253.0,rural
122087,Atauri,0,050201,0502,05,CANGALLO,CANGALLO,AYACUCHO,3261,12.087119191238052,7.781643696840123,True,00026012,182.9,rural
527444,Incaraccay,0,050203,0502,05,LOS MOROCHUCOS,CANGALLO,AYACUCHO,3212,6.155190610269735,3.8362642293478917,True,00026012,209.2,rural
239058,Mancha Chico,0,050114,0501,05,VINCHOS,HUAMANGA,AYACUCHO,4037,59.25098354077482,38.80654516001021,True,00003590,215.0,rural
115989,Calvario,0,050204,0502,05,MARIA PARADO DE BELLIDO,CANGALLO,AYACUCHO,3722,26.206434501724253,17.207024427135693,True,00003509,46.4,rural
536562,Tintipampa,0,050203,0502,05,LOS MOROCHUCOS,CANGALLO,AYACUCHO,3594,13.022947911354743,6.652431060299303,True,00026012,161.3,rural
234528,Cebada Cancha,0,050203,0502,05,LOS MOROCHUCOS,CANGALLO,AYACUCHO,3440,5.2398274289186615,3.075871913035576,True,00026012,104.4,rural
225835,Pantin,0,050201,0502,05,CANGALLO,CANGALLO,AYACUCHO,3460,18.054289109523896,11.134874326069276,True,00026012,98.4,rural
245473,Calpana,0,050204,0502,05,MARIA PARADO DE BELLIDO,CANGALLO,AYACUCHO,3686,24.724421711753788,16.510726519639814,True,00003509,30.2,rural
545120,Huadinga,0,050203,0502,05,LOS MOROCHUCOS,CANGALLO,AYACUCHO,3351,2.8482161627326055,1.5424931722661206,True,00026012,149.4,rural
237387,Matoma,0,050202,0502,05,CHUSCHI,CANGALLO,AYACUCHO,3612,,,False,,124.5,rural
621453,Comercio,0,050206,0502,05,TOTOS,CANGALLO,AYACUCHO,3297,31.23958687509165,15.88885269302192,True,00003623,206.0,rural
215637,Huancasaya,0,050203,0502,05,LOS MOROCHUCOS,CANGALLO,AYACUCHO,3365,1.5450145642493303,0.8677083702913858,True,00026012,240.5,rural
241606,Tincocc Pata,0,050203,0502,05,LOS MOROCHUCOS,CANGALLO,AYACUCHO,3432,7.655577698115589,3.946173939957612,True,00026012,181.4,rural
238760,Matapuquio,0,051108,0511,05,VISCHONGO,VILCAS HUAMAN,AYACUCHO,3561,8.322950956448421,7.908039412803822,True,00006609,248.4,rural
551666,Tanquihua,0,050201,0502,05,CANGALLO,CANGALLO,AYACUCHO,3395,21.363244055131368,18.601227394163434,True,00006609,117.2,rural
512817,Chorro Bamba,0,050201,0502,05,CANGALLO,CANGALLO,AYACUCHO,3394,21.798516220407215,18.818863476801358,True,00006609,70.3,rural
234913,Aqoccasa,0,050114,0501,05,VINCHOS,HUAMANGA,AYACUCHO,3391,7.65476299426158,7.530685312335949,True,00003590,524.7,rural
211866,Pampa Huasi,0,050206,0502,05,TOTOS,CANGALLO,AYACUCHO,3740,56.30845869666762,42.00065578873609,True,00003590,151.9,rural
217624,Rumillachayocc,0,050203,0502,05,LOS MOROCHUCOS,CANGALLO,AYACUCHO,3665,16.402680195622807,8.606453361461607,True,00026012,51.4,rural
112725,Huaylacucho,0,050201,0502,05,CANGALLO,CANGALLO,AYACUCHO,3312,23.359449137422512,12.783389691528068,True,00026012,40.0,rural
532220,Checcñchepata,0,050201,0502,05,CANGALLO,CANGALLO,AYACUCHO,3480,16.855309957657287,9.186323903041668,True,00026012,181.3,rural
232864,Acco Ccasa,0,050204,0502,05,MARIA PARADO DE BELLIDO,CANGALLO,AYACUCHO,4239,,,False,,308.2,rural
129546,Huertahuasi,0,050202,0502,05,CHUSCHI,CANGALLO,AYACUCHO,4072,37.9274784830101,32.81016568190733,True,00003590,184.4,rural
113751,Cucho Queserayoc,0,050203,0502,05,LOS MOROCHUCOS,CANGALLO,AYACUCHO,3440,4.364842460947172,4.1436850771069444,True,00026012,284.2,rural
531162,Ayaorco,0,050203,0502,05,LOS MOROCHUCOS,CANGALLO,AYACUCHO,3634,12.16943256601613,7.1616996629916505,True,00026012,84.2,rural
521697,Yurac Cruz,0,050202,0502,05,CHUSCHI,CANGALLO,AYACUCHO,4154,19.863090268466582,15.629726016994491,True,00003502,282.1,rural
525598,Uchuyccocha,0,050203,0502,05,LOS MOROCHUCOS,CANGALLO,AYACUCHO,3442,6.154333589872735,5.153431117575415,True,00026012,524.2,rural
125306,Remillapata,0,050105,0501,05,CHIARA,HUAMANGA,AYACUCHO,3383,15.122322355377849,14.70741081173325,True,00006609,300.2,rural
119597,Linda Machay,0,051108,0511,05,VISCHONGO,VILCAS HUAMAN,AYACUCHO,3291,13.348905522411751,12.075549225068967,True,00006609,240.3,rural
250051,Jelluyhuajo,0,050202,0502,05,CHUSCHI,CANGALLO,AYACUCHO,4241,19.863090268466582,15.629726016994491,True,00003502,122.4,rural
217032,San Miguel,0,050203,0502,05,LOS MOROCHUCOS,CANGALLO,AYACUCHO,3554,7.950586220142979,4.83537847655186,True,00026012,67.3,rural
232498,Chaco,0,050202,0502,05,CHUSCHI,CANGALLO,AYACUCHO,4048,38.218953307978516,33.21053990455292,True,00003623,177.5,rural
613249,Putaccayocc,0,050203,0502,05,LOS MOROCHUCOS,CANGALLO,AYACUCHO,3631,19.540738991078115,10.214014210986507,True,00026012,78.6,rural
211396,Hacienda Huanu Huanu,0,050105,0501,05,CHIARA,HUAMANGA,AYACUCHO,3396,20.730344513315327,19.839421424336308,True,00006609,92.7,rural
218418,Sallacc,0,051108,0511,05,VISCHONGO,VILCAS HUAMAN,AYACUCHO,3339,21.01452697264034,17.466608255746245,True,00006609,41.5,rural
622580,Sayhuaccasa (Accoccasa),0,050203,0502,05,LOS MOROCHUCOS,CANGALLO,AYACUCHO,3629,7.592080863453176,7.93140087059622,True,00026012,146.8,rural
128752,Huayllabamba,0,050203,0502,05,LOS MOROCHUCOS,CANGALLO,AYACUCHO,3721,10.773196199903262,9.521958538821263,True,00026012,81.6,rural
226242,Santa Rosa,0,050105,0501,05,CHIARA,HUAMANGA,AYACUCHO,3407,20.81773297769154,20.402821434046942,True,00006609,115.8,rural
529122,Niño Jesus de Huarapite,0,050105,0501,05,CHIARA,HUAMANGA,AYACUCHO,3486,24.798314045086116,19.358501791969132,True,00006609,36.2,rural
219112,Ccochaccochapampa,0,050105,0501,05,CHIARA,HUAMANGA,AYACUCHO,3428,23.820066976661884,22.468734569998112,True,00006609,183.1,rural
227288,Fundo Sachabamba,0,050105,0501,05,CHIARA,HUAMANGA,AYACUCHO,3421,36.122146067579855,27.366425452756236,True,00006609,138.7,rural
111912,Ccaracancha,0,051108,0511,05,VISCHONGO,VILCAS HUAMAN,AYACUCHO,3531,28.939031099171526,19.870612013448856,True,00006609,187.5,rural
118436,Uchuyviscachayoc,0,050203,0502,05,LOS MOROCHUCOS,CANGALLO,AYACUCHO,3627,9.23284061952944,8.751780748634351,True,00026012,53.8,rural
526130,Nahuipuquio,0,050203,0502,05,LOS MOROCHUCOS,CANGALLO,AYACUCHO,3631,11.163109296466178,12.692772114613554,True,00026012,391.9,rural
510981,Parjawillka,0,050114,0501,05,VINCHOS,HUAMANGA,AYACUCHO,3903,66.90236681564703,49.96939897626258,True,00003590,138.3,rural
536938,Huaracco,0,050202,0502,05,CHUSCHI,CANGALLO,AYACUCHO,4148,,,False,,267.1,rural
540060,Valenzuela,0,050105,0501,05,CHIARA,HUAMANGA,AYACUCHO,3542,26.61657939884117,23.947733348906908,True,00026012,272.3,rural
112736,Paltalligua,0,050203,0502,05,LOS MOROCHUCOS,CANGALLO,AYACUCHO,3814,,,False,,58.1,rural
615351,Catalinayocc,0,050202,0502,05,CHUSCHI,CANGALLO,AYACUCHO,3829,12.037298614399116,11.102620205504994,True,00003590,500.7,rural
120368,Paccha,0,050106,0501,05,OCROS,HUAMANGA,AYACUCHO,3028,22.052947560467018,16.848564609483926,True,00003577,329.3,rural
241906,Acomayopata,0,050105,0501,05,CHIARA,HUAMANGA,AYACUCHO,3478,25.488178764770062,25.073267221125462,True,00006609,353.7,rural
120433,Yutupuquio / Jatunpucro,0,050203,0502,05,LOS MOROCHUCOS,CANGALLO,AYACUCHO,3732,21.726427333586475,24.087115720100396,True,00026012,285.7,rural
515848,Araccpirca,0,050203,0502,05,LOS MOROCHUCOS,CANGALLO,AYACUCHO,3660,22.94621390267732,21.226275472684538,True,00026012,237.2,rural
250432,Jachiri Potrero,0,050202,0502,05,CHUSCHI,CANGALLO,AYACUCHO,3872,18.865329139460993,16.473809639489488,True,00003590,542.5,rural
118896,Seqchapampa,0,050105,0501,05,CHIARA,HUAMANGA,AYACUCHO,3606,20.264766439153316,20.77182686906298,True,00026012,906.1,rural
242023,Veladera,0,050203,0502,05,LOS MOROCHUCOS,CANGALLO,AYACUCHO,3728,27.16657610832792,24.016337774974055,True,00026012,149.7,rural
615384,Qatus Urqo,0,050114,0501,05,VINCHOS,HUAMANGA,AYACUCHO,3545,5.644338590878801,4.4779926170028785,True,00003590,364.0,rural
212331,Sunilla,0,050114,0501,05,VINCHOS,HUAMANGA,AYACUCHO,3685,3.836576580245862,2.517307850896429,True,00003590,354.2,rural
227146,Wariperqa,0,050114,0501,05,VINCHOS,HUAMANGA,AYACUCHO,3588,16.57839034252773,10.903448480374344,True,00003590,130.3,rural
114315,Choqoro / Oqoro,0,050114,0501,05,VINCHOS,HUAMANGA,AYACUCHO,4235,49.01690734377691,33.68950706151125,True,00003590,63.3,rural
222994,Huaylla Ccasa,0,050114,0501,05,VINCHOS,HUAMANGA,AYACUCHO,3847,41.74695345602403,30.05453011763481,True,00003590,219.1,rural
120542,Huanuhuanu,0,050114,0501,05,VINCHOS,HUAMANGA,AYACUCHO,3561,0.31318120907397595,0.20419289596199036,True,00003590,313.7,rural
214930,Sapa Cancha,0,050102,0501,05,ACOCRO,HUAMANGA,AYACUCHO,3998,,,False,,584.3,rural
245199,Ulluncuchuy,0,050114,0501,05,VINCHOS,HUAMANGA,AYACUCHO,3573,18.532297888344036,10.083418805218042,True,00003590,244.1,rural
244591,Sallapampa,0,050105,0501,05,CHIARA,HUAMANGA,AYACUCHO,4021,40.71225025715578,31.363571493869113,True,00035125,138.3,rural
234683,Hacienda Putaje,0,050114,0501,05,VINCHOS,HUAMANGA,AYACUCHO,3415,3.723042320815807,1.861521160407904,True,00003590,158.7,rural
626959,Orcconchupa,0,050114,0501,05,VINCHOS,HUAMANGA,AYACUCHO,3555,43.267468823039884,34.212800314524486,True,00003590,88.7,rural
217427,Cabildo,0,050102,0501,05,ACOCRO,HUAMANGA,AYACUCHO,3430,22.85092052116476,20.356354492704597,True,00003546,94.7,rural
564675,Suyupuquio,0,050105,0501,05,CHIARA,HUAMANGA,AYACUCHO,3625,21.548627581957717,19.570882812478725,True,00003600,132.0,rural
250602,Chancara,0,050106,0501,05,OCROS,HUAMANGA,AYACUCHO,3342,8.32819240980239,6.821069286666321,True,00003577,161.2,rural
231244,Pacchaja,0,050114,0501,05,VINCHOS,HUAMANGA,AYACUCHO,3507,18.006376074209292,15.24720098748387,True,00003590,341.3,rural
518753,Leclespampa,0,050106,0501,05,OCROS,HUAMANGA,AYACUCHO,3363,8.32819240980239,6.821069286666321,True,00003577,265.6,rural
231589,Pagua,0,050114,0501,05,VINCHOS,HUAMANGA,AYACUCHO,3497,27.485208885809122,27.875167784501166,True,00003590,55.0,rural
612185,Pampamarca,0,050114,0501,05,VINCHOS,HUAMANGA,AYACUCHO,3973,48.72522463694819,42.03517828526056,True,00003590,110.6,rural
129178,Qatumpampa,0,050114,0501,05,VINCHOS,HUAMANGA,AYACUCHO,3549,29.914831009547886,30.57464878543474,True,00003590,459.9,rural
234146,Oveja Cancha,0,050102,0501,05,ACOCRO,HUAMANGA,AYACUCHO,4038,,,False,,296.5,rural
120264,Corralpata,0,050114,0501,05,VINCHOS,HUAMANGA,AYACUCHO,3464,27.485208885809122,27.875167784501166,True,00003590,282.2,rural
243765,Uchcumachay,0,050102,0501,05,ACOCRO,HUAMANGA,AYACUCHO,4052,34.473904891696854,44.61811375038978,True,00026012,128.0,rural
131454,Tambo del Sardo,0,050114,0501,05,VINCHOS,HUAMANGA,AYACUCHO,3492,27.627668988613507,27.970141186370757,True,00003590,212.0,rural
228785,Osoro,0,050102,0501,05,ACOCRO,HUAMANGA,AYACUCHO,3921,,,False,,173.3,rural
114075,Tarhuiyocc,0,050102,0501,05,ACOCRO,HUAMANGA,AYACUCHO,3742,23.617015834453706,18.86849720142183,True,00003546,702.9,rural
238919,Toqyasqa,0,050112,0501,05,SOCOS,HUAMANGA,AYACUCHO,3744,38.48298358306918,25.217124982817786,True,00003590,418.7,rural
233869,JahuayÑa,0,050102,0501,05,ACOCRO,HUAMANGA,AYACUCHO,3863,43.782714053096136,26.27767869708458,True,00003546,597.0,rural
220263,Morocotuyocc,0,050112,0501,05,SOCOS,HUAMANGA,AYACUCHO,3772,41.94603605550386,30.322356771348428,True,00003554,198.7,rural
610930,Campamento Villasol,0,050114,0501,05,VINCHOS,HUAMANGA,AYACUCHO,3238,18.653188174676817,17.740263232401713,True,00003590,116.9,rural
217709,Mutuynioj / Mutoyniyoc,0,050105,0501,05,CHIARA,HUAMANGA,AYACUCHO,3778,21.3177776631448,21.609926472382774,True,00003600,264.2,rural
217937,Chaupirangra,0,050112,0501,05,SOCOS,HUAMANGA,AYACUCHO,3872,37.706364197411595,27.73847196623016,True,00003554,1046.0,rural
237633,Putahuayjo,0,050105,0501,05,CHIARA,HUAMANGA,AYACUCHO,4074,,,False,,202.0,rural
111810,San Lucas,0,050114,0501,05,VINCHOS,HUAMANGA,AYACUCHO,3275,15.999281610803745,15.90945507429257,True,00003590,625.7,rural
621742,Rosaspata,0,050102,0501,05,ACOCRO,HUAMANGA,AYACUCHO,3526,15.05302971092379,12.855314657299887,True,00003546,801.0,rural
223859,Pagrasca,0,050102,0501,05,ACOCRO,HUAMANGA,AYACUCHO,3305,11.433396458087362,9.343997467819953,True,00003546,307.6,rural
613577,Pucaloma,0,050114,0501,05,VINCHOS,HUAMANGA,AYACUCHO,3641,49.53022971469402,38.387974242293915,True,00003590,174.4,rural
541037,Arizona,0,050114,0501,05,VINCHOS,HUAMANGA,AYACUCHO,3371,18.527962811665056,16.979153448948075,True,00003590,496.4,rural
112540,Ccollcca,0,050102,0501,05,ACOCRO,HUAMANGA,AYACUCHO,3463,18.161312122210557,17.19532726716944,True,00003546,164.4,rural
612711,Timpoll,0,050114,0501,05,VINCHOS,HUAMANGA,AYACUCHO,3462,33.82047113467353,25.944019491027433,True,00003590,151.4,rural
110382,Casacancha,0,050114,0501,05,VINCHOS,HUAMANGA,AYACUCHO,3257,17.70697554880613,17.085442196379923,True,00003590,199.7,rural
219191,Tacrachuayco,0,050102,0501,05,ACOCRO,HUAMANGA,AYACUCHO,3413,14.61415633273055,13.980212965040081,True,00003546,324.3,rural
227701,Ovejacancha,0,050114,0501,05,VINCHOS,HUAMANGA,AYACUCHO,4125,,,False,,208.4,rural
531501,Ahuapuquio,0,050105,0501,05,CHIARA,HUAMANGA,AYACUCHO,3906,27.808542283072242,21.866093882332024,True,00003600,207.0,rural
133517,Ichubamba,0,050105,0501,05,CHIARA,HUAMANGA,AYACUCHO,3719,37.383769983990774,29.69933135728661,True,00035125,129.8,rural
529443,Villavista,0,050114,0501,05,VINCHOS,HUAMANGA,AYACUCHO,3532,35.910024987118874,29.30783775724381,True,00003590,113.4,rural
126286,Jirabamba,0,050105,0501,05,CHIARA,HUAMANGA,AYACUCHO,3511,18.844725242204003,16.153074599606462,True,00035125,104.6,rural
228907,Pampamarca,0,050102,0501,05,ACOCRO,HUAMANGA,AYACUCHO,3476,6.347185292373037,4.084548573113638,True,00003546,532.0,rural
624431,Seccelambras,0,050102,0501,05,ACOCRO,HUAMANGA,AYACUCHO,3501,6.729481581123333,6.322596103058819,True,00003546,781.2,rural
539403,Sallalli,0,050105,0501,05,CHIARA,HUAMANGA,AYACUCHO,3326,24.77453777669076,16.69111491082567,True,00029077,99.5,rural
118638,Panpancca,0,050114,0501,05,VINCHOS,HUAMANGA,AYACUCHO,3979,49.22502737697941,42.28507965527617,True,00003590,86.4,rural
228618,Tambocucho,0,050102,0501,05,ACOCRO,HUAMANGA,AYACUCHO,3635,6.474454346162164,4.7284319660151946,True,00003546,305.4,rural
215746,Hacienda Nisperonioc,0,050102,0501,05,ACOCRO,HUAMANGA,AYACUCHO,3196,19.73662192668421,11.56425352396568,True,00003546,238.6,rural
132530,Hacienda Soccoyapata,0,050105,0501,05,CHIARA,HUAMANGA,AYACUCHO,3436,16.672510899536274,15.443222149676181,True,00003600,500.0,rural
526760,San Juan de Rayan,0,050102,0501,05,ACOCRO,HUAMANGA,AYACUCHO,3173,19.73662192668421,11.56425352396568,True,00003546,112.3,rural
110532,San Luis de Picha,0,050114,0501,05,VINCHOS,HUAMANGA,AYACUCHO,3156,28.168616122380023,24.063690044689277,True,00003590,91.2,rural
230626,Ccatunccasa,0,050112,0501,05,SOCOS,HUAMANGA,AYACUCHO,3757,20.768783301280504,18.112735462787896,True,00003600,236.0,rural
225741,Aguac,0,050114,0501,05,VINCHOS,HUAMANGA,AYACUCHO,3169,28.225674917071785,24.092219442035155,True,00003590,78.1,rural
119699,Huacllahuaycco,0,050114,0501,05,VINCHOS,HUAMANGA,AYACUCHO,3708,57.16209457858017,47.134005407380066,True,00003590,172.5,rural
310289,Hacienda Pucuilca,0,050102,0501,05,ACOCRO,HUAMANGA,AYACUCHO,3504,16.805156078979113,13.14244765083436,True,00003546,232.3,rural
528555,Picho Ahuasi,0,050506,0505,05,LUIS CARRANZA,LA MAR,AYACUCHO,3864,,,False,,32.2,rural
211287,Pinao,0,050113,0501,05,TAMBILLO,HUAMANGA,AYACUCHO,3369,17.215984046276276,16.670502465178867,True,00003546,479.1,rural
522962,San Juan de Tambopuquio / San Jose de Tambopuquio,0,050112,0501,05,SOCOS,HUAMANGA,AYACUCHO,3694,16.754366607733314,9.790711256488674,True,00003562,249.6,rural
116332,Quishuar,0,050112,0501,05,SOCOS,HUAMANGA,AYACUCHO,3776,19.94283237512439,11.971163634084908,True,00003562,415.1,rural
550953,Chaupihuasi,0,050114,0501,05,VINCHOS,HUAMANGA,AYACUCHO,3826,54.84047349499759,41.83244781127775,True,00003590,224.6,rural
210670,Hacienda Huiccoc,0,050102,0501,05,ACOCRO,HUAMANGA,AYACUCHO,3280,28.574919243247585,16.805643987490264,True,00003546,155.9,rural
538058,Ccochani,0,050102,0501,05,ACOCRO,HUAMANGA,AYACUCHO,3232,13.434116648431486,8.618427508368459,True,00003546,337.2,rural
125969,Yurac Yacu,0,050114,0501,05,VINCHOS,HUAMANGA,AYACUCHO,3541,45.850091210313785,33.4968981656684,True,00003590,103.6,rural
114551,Vinchos,3,050114,0501,05,VINCHOS,HUAMANGA,AYACUCHO,3131,32.04619476028288,26.715443664037444,True,00003590,243.3,rural
545478,Moscoccallpa,0,050113,0501,05,TAMBILLO,HUAMANGA,AYACUCHO,3287,20.692705276381183,18.662410743390986,True,00003546,141.8,rural
511309,Alto Mirador,0,050113,0501,05,TAMBILLO,HUAMANGA,AYACUCHO,3217,22.359869234530276,15.326842937260107,True,00035125,191.9,rural
510165,Qahuiñayoq,0,050114,0501,05,VINCHOS,HUAMANGA,AYACUCHO,3576,55.78864987219343,42.560254347293515,True,00003590,109.8,rural
683794,Accopampa,0,050114,0501,05,VINCHOS,HUAMANGA,AYACUCHO,3122,31.877656680152242,26.619592219266053,True,00003590,131.8,rural
685941,Pumapuquio Alta,0,050102,0501,05,ACOCRO,HUAMANGA,AYACUCHO,3495,4.7645717035596125,4.078168360759287,True,00003546,485.2,rural
685942,Mutuy Pata,0,050102,0501,05,ACOCRO,HUAMANGA,AYACUCHO,3444,19.43160026081924,18.25390071601001,True,00003546,61.3,rural
685950,Mayobamba,0,050105,0501,05,CHIARA,HUAMANGA,AYACUCHO,4147,,,False,,596.3,rural
685973,Mollepata,0,050114,0501,05,VINCHOS,HUAMANGA,AYACUCHO,3534,3.5598020069782184,3.4357243250525866,True,00003590,76.3,rural
685976,Pablo Cruz,0,050114,0501,05,VINCHOS,HUAMANGA,AYACUCHO,3699,4.968020784422575,3.1972852684811595,True,00003590,402.3,rural
685982,Santos Mocco,0,050114,0501,05,VINCHOS,HUAMANGA,AYACUCHO,3494,32.82074265869942,27.230270960373854,True,00003590,167.9,rural
685990,San Cristobal De Putica,0,050201,0502,05,CANGALLO,CANGALLO,AYACUCHO,3111,12.44015198196788,9.015046779361914,True,00003494,823.2,rural
685996,Ccochapampa,0,050203,0502,05,LOS MOROCHUCOS,CANGALLO,AYACUCHO,3617,15.581730876818119,16.46431837143349,True,00026012,388.9,rural
686007,Rinriccinpi,0,050206,0502,05,TOTOS,CANGALLO,AYACUCHO,3933,13.196411984539994,6.867265247746094,True,00003623,73.6,rural
686415,Ccotomarca,0,051007,0510,05,COLCA,VICTOR FAJARDO,AYACUCHO,2933,30.926003083079255,22.51553560541319,True,00003494,123.1,rural
686417,Wari,0,051007,0510,05,COLCA,VICTOR FAJARDO,AYACUCHO,2610,12.58925942669599,13.347163777221562,True,00003494,68.6,rural
686421,Huancasayay,0,051009,0510,05,HUANCARAYLLA,VICTOR FAJARDO,AYACUCHO,4089,,,False,,25.1,rural
686436,Marcacha,0,051108,0511,05,VISCHONGO,VILCAS HUAMAN,AYACUCHO,3641,5.165772004730607,3.6985127695135516,True,00006609,213.8,rural
692159,Cceracancha,0,050102,0501,05,ACOCRO,HUAMANGA,AYACUCHO,3558,28.05722120236485,22.237948101498482,True,00003546,312.5,rural
692160,Huanuhuano,0,050105,0501,05,CHIARA,HUAMANGA,AYACUCHO,3763,20.90833072699812,25.21733216549902,True,00026012,401.1,rural
692163,Hirapata,0,050202,0502,05,CHUSCHI,CANGALLO,AYACUCHO,3351,8.090214301126956,8.129426452133721,True,00003509,251.9,rural
692213,Ccellopampa,0,051011,0510,05,SARHUA,VICTOR FAJARDO,AYACUCHO,4089,,,False,,28.2,rural
619358,Jerapucro,0,051104,0511,05,CONCEPCION,VILCAS HUAMAN,AYACUCHO,3511,45.36670850917878,35.00501180557425,True,00006609,77.4,rural
615455,Ñawin,0,051102,0511,05,ACCOMARCA,VILCAS HUAMAN,AYACUCHO,2463,75.75499603750579,49.755281394768545,True,00003829,192.9,rural
238506,Chuay Grande,0,051102,0511,05,ACCOMARCA,VILCAS HUAMAN,AYACUCHO,3814,51.62667786303731,39.15951481915853,True,00006609,178.1,rural
544659,Caldera,0,051103,0511,05,CARHUANCA,VILCAS HUAMAN,AYACUCHO,2586,88.7455382672179,68.39207624319228,True,00006609,499.2,rural
526757,Bellavista,0,051103,0511,05,CARHUANCA,VILCAS HUAMAN,AYACUCHO,2864,79.53681501681508,60.85000806593552,True,00006609,87.4,rural
535077,San Miguel de Rayme,0,051103,0511,05,CARHUANCA,VILCAS HUAMAN,AYACUCHO,3154,77.75374034757444,53.27664474196619,True,00006609,164.1,rural
533029,Chilicruz,0,051103,0511,05,CARHUANCA,VILCAS HUAMAN,AYACUCHO,3120,72.7644909192723,56.62699314257159,True,00006609,111.5,rural
229017,Chacapuquio,0,051105,0511,05,HUAMBALPA,VILCAS HUAMAN,AYACUCHO,3662,49.681949529294045,35.12683353534742,True,00006609,298.6,rural
663685,Ayayocc Huaycco,0,051101,0511,05,VILCAS HUAMAN,VILCAS HUAMAN,AYACUCHO,3714,30.83421500382706,25.28862457703275,True,00006609,176.8,rural
236691,Huayllapata,0,051103,0511,05,CARHUANCA,VILCAS HUAMAN,AYACUCHO,3557,55.01359169499035,46.4176574034824,True,00006609,8.0,rural
656582,Patiyocc,0,050511,0505,05,ORONCCOY,LA MAR,AYACUCHO,3013,,,False,,498.1,rural
657135,Chumbes Alta,0,050106,0501,05,OCROS,HUAMANGA,AYACUCHO,2964,10.041955267885603,9.802876337796338,True,00003577,44.8,rural
657137,Torohuichccana,0,050106,0501,05,OCROS,HUAMANGA,AYACUCHO,2268,18.724520004851673,16.665759260036637,True,00003577,303.0,rural
657331,Zaquiri,0,050106,0501,05,OCROS,HUAMANGA,AYACUCHO,1947,,,False,,196.1,rural
661880,Limon Puquio,0,050511,0505,05,ORONCCOY,LA MAR,AYACUCHO,1538,,,False,,1046.4,rural
661888,Siccsispampa,0,050506,0505,05,LUIS CARRANZA,LA MAR,AYACUCHO,2883,23.38124448564687,15.211900869955775,True,00003779,41.9,rural
662425,Chacamarca,0,051104,0511,05,CONCEPCION,VILCAS HUAMAN,AYACUCHO,3197,59.553509148067015,44.290163040178975,True,00006609,79.6,rural
664032,Pata Wasi,0,051101,0511,05,VILCAS HUAMAN,VILCAS HUAMAN,AYACUCHO,3664,30.87124640826155,25.30714027924999,True,00006609,167.1,rural
664041,Quiswar Pata,0,051103,0511,05,CARHUANCA,VILCAS HUAMAN,AYACUCHO,3937,49.957213436192234,43.04673856428366,True,00006609,125.1,rural
664046,Lomaccata,0,050106,0501,05,OCROS,HUAMANGA,AYACUCHO,3212,46.11013410312538,28.877157880813105,True,00003577,140.6,rural
664052,Pamparco,0,051104,0511,05,CONCEPCION,VILCAS HUAMAN,AYACUCHO,3659,58.17212203050295,45.7865725811117,True,00003577,133.0,rural
664054,Qiwipati,0,051104,0511,05,CONCEPCION,VILCAS HUAMAN,AYACUCHO,2391,39.641561654940375,30.286537183947555,True,00003577,640.2,rural
664057,Calvario,0,051104,0511,05,CONCEPCION,VILCAS HUAMAN,AYACUCHO,3136,55.88070988562816,41.99546678905766,True,00006609,149.5,rural
664058,Paltarumi,0,051104,0511,05,CONCEPCION,VILCAS HUAMAN,AYACUCHO,3538,51.20427945757154,38.92383777804017,True,00006609,32.5,rural
664059,Pilpaq,0,051104,0511,05,CONCEPCION,VILCAS HUAMAN,AYACUCHO,3517,45.36670850917878,35.00501180557425,True,00006609,16.7,rural
664089,San Francisco de Asis,0,051107,0511,05,SAURAMA,VILCAS HUAMAN,AYACUCHO,3642,56.66474444170626,48.49904817000333,True,00006609,761.3,rural
616197,Ccollay,0,050106,0501,05,OCROS,HUAMANGA,AYACUCHO,2806,58.24788352424439,32.64522038925454,True,00003779,62.0,rural
130659,Rosaspampa,0,050506,0505,05,LUIS CARRANZA,LA MAR,AYACUCHO,1827,76.25500047039326,57.06576761290725,True,00003577,145.8,rural
546978,Illa,0,051103,0511,05,CARHUANCA,VILCAS HUAMAN,AYACUCHO,2773,70.94630135337636,56.96488050275027,True,00006609,240.5,rural
115001,Putacca,0,051101,0511,05,VILCAS HUAMAN,VILCAS HUAMAN,AYACUCHO,3659,30.231281894750108,25.536750431184192,True,00006609,250.9,rural
538966,Muchcapata,0,051107,0511,05,SAURAMA,VILCAS HUAMAN,AYACUCHO,3671,54.926475544045225,47.35436427873209,True,00006609,110.0,rural
132259,Huaccaña,0,051101,0511,05,VILCAS HUAMAN,VILCAS HUAMAN,AYACUCHO,3505,42.298591095098054,32.81483278448456,True,00006609,224.0,rural
611774,Rio Blanco,0,050511,0505,05,ORONCCOY,LA MAR,AYACUCHO,1051,,,False,,484.7,rural
677357,Ocropampa,0,050106,0501,05,OCROS,HUAMANGA,AYACUCHO,3014,9.096823885811302,10.540236316721382,True,00003577,110.0,rural
678565,Maucahatus,0,050106,0501,05,OCROS,HUAMANGA,AYACUCHO,3385,44.9458096196093,28.294995639055063,True,00003577,185.2,rural
678568,Urcco Yacu,0,051105,0511,05,HUAMBALPA,VILCAS HUAMAN,AYACUCHO,3631,55.943907263183114,41.30470128661457,True,00006609,127.6,rural
111005,Urubamba,0,050106,0501,05,OCROS,HUAMANGA,AYACUCHO,3322,12.215181973671735,7.91048513173539,True,00003577,114.6,rural
615038,San Martin de Chupon,0,050511,0505,05,ORONCCOY,LA MAR,AYACUCHO,3540,129.4241837860777,120.5305265753521,True,00003790,545.7,rural
230162,Pallccacruz,0,051101,0511,05,VILCAS HUAMAN,VILCAS HUAMAN,AYACUCHO,3940,37.54424100162644,29.19416444058468,True,00006609,86.2,rural
239579,Rumi Cruz,0,051105,0511,05,HUAMBALPA,VILCAS HUAMAN,AYACUCHO,3768,37.7790880309199,29.175402786160358,True,00006609,138.9,rural
211134,Ccoto Puquio,0,051101,0511,05,VILCAS HUAMAN,VILCAS HUAMAN,AYACUCHO,3812,33.40953809125998,26.866580126811083,True,00006609,101.3,rural
243567,Ticllaraso,0,051101,0511,05,VILCAS HUAMAN,VILCAS HUAMAN,AYACUCHO,3784,35.423687604196964,27.928087095497904,True,00006609,148.4,rural
537784,San Antonio de Pirhuabamba,0,051104,0511,05,CONCEPCION,VILCAS HUAMAN,AYACUCHO,3719,35.01604777344189,28.093471384133977,True,00006609,211.1,rural
549408,Pramadera,0,051107,0511,05,SAURAMA,VILCAS HUAMAN,AYACUCHO,3534,51.146927805155755,44.20474116299087,True,00006609,194.5,rural
217508,Toldo Pata,0,051107,0511,05,SAURAMA,VILCAS HUAMAN,AYACUCHO,3492,60.31489619893636,48.67393183050228,True,00006609,351.4,rural
224612,Mayo Pampa,0,051101,0511,05,VILCAS HUAMAN,VILCAS HUAMAN,AYACUCHO,3648,29.207905175331632,24.7657636688469,True,00006609,324.6,rural
242547,Huagra Quichca,0,051101,0511,05,VILCAS HUAMAN,VILCAS HUAMAN,AYACUCHO,3617,32.19658042822869,27.10624905675295,True,00006609,314.6,rural
127223,San Antonio de Pincha,0,051101,0511,05,VILCAS HUAMAN,VILCAS HUAMAN,AYACUCHO,3641,38.766119399090606,31.562006641462524,True,00006609,262.1,rural
218419,Tucuna,0,051101,0511,05,VILCAS HUAMAN,VILCAS HUAMAN,AYACUCHO,3160,48.22917936208053,37.854371057986526,True,00006609,520.0,rural
531449,Antaccacca / Antujaja,0,051101,0511,05,VILCAS HUAMAN,VILCAS HUAMAN,AYACUCHO,3654,31.124037119274195,26.59252910622716,True,00006609,442.4,rural
119772,Pomatambo,0,051101,0511,05,VILCAS HUAMAN,VILCAS HUAMAN,AYACUCHO,3548,35.15575155638518,28.072793759737344,True,00006609,153.4,rural
236489,Canllahuaycco,0,051101,0511,05,VILCAS HUAMAN,VILCAS HUAMAN,AYACUCHO,3960,,,False,,184.7,rural
125929,Parqo Alto,0,051101,0511,05,VILCAS HUAMAN,VILCAS HUAMAN,AYACUCHO,3159,54.29861534780889,40.81484895295844,True,00006609,534.1,rural
542873,Vacahuasi,0,050106,0501,05,OCROS,HUAMANGA,AYACUCHO,2132,20.017935708872947,17.52803639605082,True,00003577,445.8,rural
238163,Corracorral,0,051104,0511,05,CONCEPCION,VILCAS HUAMAN,AYACUCHO,3884,40.56987757667918,31.80712451724118,True,00006609,105.9,rural
123428,Pichirca,0,051104,0511,05,CONCEPCION,VILCAS HUAMAN,AYACUCHO,2907,55.383870610311924,41.58724258254404,True,00006609,377.7,rural
250233,Lliplliccasa,0,051104,0511,05,CONCEPCION,VILCAS HUAMAN,AYACUCHO,3510,50.9342268269277,38.716690684073534,True,00006609,8.3,rural
118300,Astanya,0,051104,0511,05,CONCEPCION,VILCAS HUAMAN,AYACUCHO,3245,51.51925073775739,39.102485580425395,True,00006609,103.5,rural
123829,Caldera,0,050106,0501,05,OCROS,HUAMANGA,AYACUCHO,1884,29.53503357545459,23.752745871417876,True,00003577,341.2,rural
517830,Moyocc,0,051104,0511,05,CONCEPCION,VILCAS HUAMAN,AYACUCHO,3425,51.20427945757154,38.92383777804017,True,00006609,43.2,rural
114873,Occenay / Astanta,0,051104,0511,05,CONCEPCION,VILCAS HUAMAN,AYACUCHO,2054,74.32388913137683,54.30557784283837,True,00006609,380.0,rural
231158,Hacienda Mejorada,0,051104,0511,05,CONCEPCION,VILCAS HUAMAN,AYACUCHO,3196,53.745814271669126,40.61819432077189,True,00006609,71.0,rural
547089,Ocro,0,051104,0511,05,CONCEPCION,VILCAS HUAMAN,AYACUCHO,3619,56.12164149040821,46.40495475704359,True,00003577,283.6,rural
116921,Huaracayoq,0,051104,0511,05,CONCEPCION,VILCAS HUAMAN,AYACUCHO,3531,57.21738978772771,45.30920645972408,True,00003577,15.5,rural
110638,Ocros,3,050106,0501,05,OCROS,HUAMANGA,AYACUCHO,3138,0.4027357755099365,0.20136788775496828,True,00003577,284.5,rural
222265,Cochapata,0,051104,0511,05,CONCEPCION,VILCAS HUAMAN,AYACUCHO,3150,71.67607440488652,43.797648984786996,True,00003577,130.7,rural
544691,Puquio Pampa,0,050506,0505,05,LUIS CARRANZA,LA MAR,AYACUCHO,2916,23.083943309510072,15.015620487795221,True,00003779,7.3,rural
126159,Pampas,3,050506,0505,05,LUIS CARRANZA,LA MAR,AYACUCHO,2950,22.197027503716818,14.675655204798291,True,00003779,17.3,rural
128183,Jacaspampa,0,050106,0501,05,OCROS,HUAMANGA,AYACUCHO,3342,9.572422641825549,6.148645577171268,True,00003577,119.0,rural
536065,San Jose de Colpa,0,050106,0501,05,OCROS,HUAMANGA,AYACUCHO,2649,10.467807431297414,11.05599454489912,True,00003577,172.6,rural
231876,Collpapata,0,050505,0505,05,CHUNGUI,LA MAR,AYACUCHO,2894,,,False,,238.6,rural
244060,Higosnioc,0,050106,0501,05,OCROS,HUAMANGA,AYACUCHO,2763,11.244321128675956,8.511054658080143,True,00003577,175.3,rural
514091,Pampa Majuelo,0,050106,0501,05,OCROS,HUAMANGA,AYACUCHO,2531,12.728602435970537,12.992798865124977,True,00003577,301.2,rural
620962,Mayocro,0,051104,0511,05,CONCEPCION,VILCAS HUAMAN,AYACUCHO,3225,71.67607440488652,43.797648984786996,True,00003577,198.1,rural
245020,Hacienda Luceria,0,050106,0501,05,OCROS,HUAMANGA,AYACUCHO,1974,24.38236250298705,22.57897654097203,True,00003577,428.8,rural
112436,Chumbes,0,050106,0501,05,OCROS,HUAMANGA,AYACUCHO,2819,8.817243419438427,10.46032676841343,True,00003577,15.3,rural
536559,Cochas,0,050106,0501,05,OCROS,HUAMANGA,AYACUCHO,2831,9.121686979097717,10.764770328072718,True,00003577,254.5,rural
115155,Hacienda Ustuna,0,050106,0501,05,OCROS,HUAMANGA,AYACUCHO,2843,11.00452070449573,11.32435118149828,True,00003577,81.5,rural
117728,La Curva,0,050106,0501,05,OCROS,HUAMANGA,AYACUCHO,2838,8.687490601085416,10.335569674358439,True,00003577,0.0,rural
124268,Joypana / Lambrapata,0,050106,0501,05,OCROS,HUAMANGA,AYACUCHO,3143,33.32713925895797,21.985123321926213,True,00003577,145.2,rural
613046,Tastabamba,0,050511,0505,05,ORONCCOY,LA MAR,AYACUCHO,3465,,,False,,517.5,rural
238678,Balcon,0,050106,0501,05,OCROS,HUAMANGA,AYACUCHO,3557,0.43064767217797556,0.21604196936365003,True,00003577,223.5,rural
537008,Jontachi,0,050106,0501,05,OCROS,HUAMANGA,AYACUCHO,3118,13.05837256321228,8.332080426505662,True,00003577,156.5,rural
532483,Llaccolla,0,050106,0501,05,OCROS,HUAMANGA,AYACUCHO,2913,37.08689619197033,24.49162794393445,True,00003577,51.4,rural
615627,Soca,0,050106,0501,05,OCROS,HUAMANGA,AYACUCHO,2990,30.530928138271406,20.120982574801836,True,00003577,209.0,rural
610005,Como Orcco,0,050106,0501,05,OCROS,HUAMANGA,AYACUCHO,2937,33.32713925895797,21.985123321926213,True,00003577,116.7,rural
244426,Hacienda Moyoc,0,050505,0505,05,CHUNGUI,LA MAR,AYACUCHO,2344,,,False,,314.0,rural
521265,Huiracocha,0,050505,0505,05,CHUNGUI,LA MAR,AYACUCHO,1700,,,False,,368.7,rural
234190,Putucnay,0,050511,0505,05,ORONCCOY,LA MAR,AYACUCHO,3029,,,False,,144.0,rural
242587,Juano Juano,0,050106,0501,05,OCROS,HUAMANGA,AYACUCHO,3750,52.33623814449462,32.75120123773464,True,00003577,80.1,rural
227028,Rallusga,0,050106,0501,05,OCROS,HUAMANGA,AYACUCHO,3235,55.298939124062564,34.232551727518604,True,00003577,52.7,rural
128277,Palljas,0,050505,0505,05,CHUNGUI,LA MAR,AYACUCHO,3603,129.88766809505245,118.85685083056721,True,00003790,148.9,rural
229189,Palla Orjo,0,050506,0505,05,LUIS CARRANZA,LA MAR,AYACUCHO,3262,,,False,,62.1,rural
130494,Tantarpata,0,050505,0505,05,CHUNGUI,LA MAR,AYACUCHO,3325,92.93346105092373,90.02332678543277,True,00003790,177.6,rural
626787,Alfapampa,0,050506,0505,05,LUIS CARRANZA,LA MAR,AYACUCHO,2177,55.828692200085165,31.435624727174925,True,00003779,148.5,rural
229394,Ñejepampa,0,050106,0501,05,OCROS,HUAMANGA,AYACUCHO,2468,58.24788352424439,32.64522038925454,True,00003779,89.7,rural
218279,Huaihua / Huallua,0,050505,0505,05,CHUNGUI,LA MAR,AYACUCHO,3228,95.27492510060216,92.07281100412249,True,00003790,181.3,rural
214248,Lucia Pampa,0,050504,0505,05,CHILCAS,LA MAR,AYACUCHO,3245,35.15261233497913,20.717674451088733,True,00003779,244.1,rural
250244,Carhuay,0,050506,0505,05,LUIS CARRANZA,LA MAR,AYACUCHO,3382,,,False,,41.4,rural
117840,Quehuayllo,0,050505,0505,05,CHUNGUI,LA MAR,AYACUCHO,3539,110.59271103117597,104.837632612934,True,00003790,316.7,rural
242265,Sillarpo,0,050505,0505,05,CHUNGUI,LA MAR,AYACUCHO,3008,,,False,,557.2,rural
512366,Chillihua,0,050504,0505,05,CHILCAS,LA MAR,AYACUCHO,3249,35.000914929131696,20.641825748165015,True,00003779,3.9,rural
685954,San Cristobal De Parcona,0,050106,0501,05,OCROS,HUAMANGA,AYACUCHO,2770,12.510333797047084,6.255166898523542,True,00003577,141.7,rural
686426,Ñuñun Huayniyucc (Huancapuquio),0,051101,0511,05,VILCAS HUAMAN,VILCAS HUAMAN,AYACUCHO,3856,,,False,,68.3,rural
686429,Soquia,0,051103,0511,05,CARHUANCA,VILCAS HUAMAN,AYACUCHO,3733,49.957213436192234,43.04673856428366,True,00006609,54.3,rural
686430,Awames,0,051103,0511,05,CARHUANCA,VILCAS HUAMAN,AYACUCHO,3611,55.01359169499035,46.4176574034824,True,00006609,147.2,rural
692214,Huaracayocc,0,051104,0511,05,CONCEPCION,VILCAS HUAMAN,AYACUCHO,3529,57.21738978772771,45.30920645972408,True,00003577,17.9,rural
656287,Huanarpo,0,050511,0505,05,ORONCCOY,LA MAR,AYACUCHO,2125,,,False,,367.8,rural
680392,Ranrapata,0,050511,0505,05,ORONCCOY,LA MAR,AYACUCHO,3210,,,False,,75.4,rural
519548,Huayrapata,0,050511,0505,05,ORONCCOY,LA MAR,AYACUCHO,2901,,,False,,519.7,rural
623526,Tarwi,0,050511,0505,05,ORONCCOY,LA MAR,AYACUCHO,3324,,,False,,160.9,rural
621219,Condor Pata,0,050511,0505,05,ORONCCOY,LA MAR,AYACUCHO,2445,,,False,,256.3,rural
222506,Ninabamba,0,050511,0505,05,ORONCCOY,LA MAR,AYACUCHO,2586,,,False,,38.8,rural
681800,Torotoro,0,050410,0504,05,UCHURACCAY,HUANTA,AYACUCHO,3555,58.058661160924174,55.765550862277045,True,00003755,97.8,rural
246202,Acopampa,0,050405,0504,05,LURICOCHA,HUANTA,AYACUCHO,3712,13.568118870184996,13.124791476299025,True,00003663,121.3,rural
115933,Concepcion,0,050405,0504,05,LURICOCHA,HUANTA,AYACUCHO,3715,24.325487058387246,23.095465361654895,True,00003663,192.0,rural
219726,Espincuy,0,050410,0504,05,UCHURACCAY,HUANTA,AYACUCHO,3628,,,False,,73.9,rural
682711,Impao,0,050401,0504,05,HUANTA,HUANTA,AYACUCHO,2466,4.8625224009634564,2.723526677250055,True,00033788,321.0,rural
114808,Sancapata,0,050108,0501,05,QUINUA,HUAMANGA,AYACUCHO,3135,3.138107608772147,1.5702798493996206,True,00003595,444.5,rural
539101,Atoccpampa,0,050108,0501,05,QUINUA,HUAMANGA,AYACUCHO,3014,5.865047598920108,2.6638764514183895,True,00003595,67.1,rural
132357,Santiago de Pischa,0,050111,0501,05,SANTIAGO DE PISCHA,HUAMANGA,AYACUCHO,2480,8.310534292755227,8.152840955545374,True,00003606,264.5,rural
533445,Yuraccacca,0,050107,0501,05,PACAYCASA,HUAMANGA,AYACUCHO,2640,1.8503477407959918,1.4093169449058163,True,00003606,285.7,rural
111637,Quiturara,0,050403,0504,05,HUAMANGUILLA,HUANTA,AYACUCHO,3202,6.581174481578318,4.288526115346118,True,00003650,41.9,rural
212408,Machaycancha,0,050103,0501,05,ACOS VINCHOS,HUAMANGA,AYACUCHO,3997,,,False,,678.6,rural
522835,Huayhuayocc,0,050108,0501,05,QUINUA,HUAMANGA,AYACUCHO,3197,5.9285268925044114,3.991951262385064,True,00003595,172.5,rural
556593,Qayarpachi,0,050111,0501,05,SANTIAGO DE PISCHA,HUAMANGA,AYACUCHO,2567,12.214482835596169,11.920844001534126,True,00003606,261.5,rural
250531,Matara,0,050107,0501,05,PACAYCASA,HUAMANGA,AYACUCHO,2617,11.80571474398928,8.634436807194863,True,00003606,328.9,rural
614975,Nueva Esperanza,0,050108,0501,05,QUINUA,HUAMANGA,AYACUCHO,3321,1.5923255637870872,0.8654148756552013,True,00003595,1195.8,rural
231730,Pampacucho,0,050401,0504,05,HUANTA,HUANTA,AYACUCHO,4434,35.13700582446502,23.42467054964335,True,00026014,430.8,rural
113446,Patan Pampa,0,050108,0501,05,QUINUA,HUAMANGA,AYACUCHO,3322,3.5282490128331045,1.764124506416552,True,00003595,419.7,rural
110886,Ccochachin,0,050403,0504,05,HUAMANGUILLA,HUANTA,AYACUCHO,3088,3.8474034870122216,2.2494027763395237,True,00003650,627.5,rural
611930,Vista Alegre,0,050501,0505,05,SAN MIGUEL,LA MAR,AYACUCHO,3219,27.060649476390342,17.784796422261746,True,00003792,230.6,rural
239005,Sancaipata,0,050403,0504,05,HUAMANGUILLA,HUANTA,AYACUCHO,3111,6.581174481578318,4.288526115346118,True,00003650,953.3,rural
539972,Huayanay,0,050501,0505,05,SAN MIGUEL,LA MAR,AYACUCHO,2813,4.223115757600104,2.7617848372673914,True,00003792,645.9,rural
228020,Tres Esquinas,0,050405,0504,05,LURICOCHA,HUANTA,AYACUCHO,2591,2.0719015102596994,1.211340165870261,True,00003663,687.9,rural
120159,Patasucro,0,050401,0504,05,HUANTA,HUANTA,AYACUCHO,3351,14.497768825075589,7.392989647348191,True,00026014,142.3,rural
551440,Antabamba,0,050501,0505,05,SAN MIGUEL,LA MAR,AYACUCHO,2767,1.809852003997343,1.1529423348655508,True,00003792,227.9,rural
612053,Cuypampa,0,050501,0505,05,SAN MIGUEL,LA MAR,AYACUCHO,2794,3.890015203413581,2.7414024858260526,True,00003792,770.7,rural
515279,Pariac,0,050403,0504,05,HUAMANGUILLA,HUANTA,AYACUCHO,2960,5.912952337011363,3.867981527521219,True,00003650,453.1,rural
625535,Allpacorral,0,050501,0505,05,SAN MIGUEL,LA MAR,AYACUCHO,3109,22.187481278539007,14.939713202576337,True,00003792,205.1,rural
543541,Vegaccocha,0,050405,0504,05,LURICOCHA,HUANTA,AYACUCHO,2497,2.4215874449344765,1.6429654191900764,True,00003663,470.9,rural
551537,Pallcca,0,050108,0501,05,QUINUA,HUAMANGA,AYACUCHO,4030,25.914858323892027,20.848990999577918,True,00003595,922.3,rural
115078,Cora Cora,0,050404,0504,05,IGUAIN,HUANTA,AYACUCHO,3105,11.35405938150851,5.677029690754254,True,00003650,876.0,rural
622141,Ccollquepuquio,0,050501,0505,05,SAN MIGUEL,LA MAR,AYACUCHO,3247,17.730894244327782,11.968655179768854,True,00003792,177.9,rural
125671,Cangari,0,050404,0504,05,IGUAIN,HUANTA,AYACUCHO,2333,15.612486672864545,7.893481388463689,True,00028687,161.7,rural
517488,Rocchas,0,050501,0505,05,SAN MIGUEL,LA MAR,AYACUCHO,2778,10.178448932735229,5.778381454672074,True,00003792,459.6,rural
226209,Yanaspampa,0,050401,0504,05,HUANTA,HUANTA,AYACUCHO,4036,38.0754757646699,22.48650593222721,True,00026014,426.5,rural
121284,Quinrapa,0,050401,0504,05,HUANTA,HUANTA,AYACUCHO,2480,4.618161602161779,2.309080801080889,True,00036620,2875.0,urbano
621492,Vista Alegre,0,050508,0505,05,TAMBO,LA MAR,AYACUCHO,3217,16.66928233764543,13.041586305180928,True,00003792,994.7,rural
212569,Lirio Huacta,0,050401,0504,05,HUANTA,HUANTA,AYACUCHO,3774,,,False,,384.0,rural
125318,Huanta,2,050401,0504,05,HUANTA,HUANTA,AYACUCHO,2633,0.31317888789966514,0.36537536921627595,True,00029673,13580.5,urbano
551439,Uchkumarka,0,050401,0504,05,HUANTA,HUANTA,AYACUCHO,2846,2.386513578588072,1.3373620241044324,True,00026014,5458.1,urbano
614159,Santa Rosa de Jerusalen,0,050508,0505,05,TAMBO,LA MAR,AYACUCHO,2871,9.805397418435321,7.206038500560304,True,00003792,432.3,rural
116181,Fundo Ingenio,0,050405,0504,05,LURICOCHA,HUANTA,AYACUCHO,3537,24.044272345500865,23.026626867350824,True,00003663,69.6,rural
518077,Paraccay,0,050404,0504,05,IGUAIN,HUANTA,AYACUCHO,2859,9.230432013327398,7.76162975577861,True,00011446,601.8,rural
622107,Ccatumrumi,0,050501,0505,05,SAN MIGUEL,LA MAR,AYACUCHO,2735,4.789401261161174,3.083857618885046,True,00003792,215.6,rural
239784,Quispicancha,0,050404,0504,05,IGUAIN,HUANTA,AYACUCHO,2970,7.979471326262577,6.3646862787284295,True,00011446,172.2,rural
540731,Ccochcca,0,050501,0505,05,SAN MIGUEL,LA MAR,AYACUCHO,2791,15.414490820202598,8.396402398405758,True,00003792,2432.6,urbano
117977,Huayhuas,0,050404,0504,05,IGUAIN,HUANTA,AYACUCHO,2946,7.164019565438725,5.480694177638128,True,00011446,154.7,rural
523944,Mosoccllacta,0,050404,0504,05,IGUAIN,HUANTA,AYACUCHO,2992,10.33808904077795,7.152312404227498,True,00011446,65.3,rural
117426,Paquec,0,050401,0504,05,HUANTA,HUANTA,AYACUCHO,2513,9.297193584533956,4.704410222453142,True,00028687,464.5,rural
514717,Moya,0,050508,0505,05,TAMBO,LA MAR,AYACUCHO,3595,15.601894564572449,13.062526561096648,True,00003792,2574.7,urbano
221132,Corihuillca,0,050401,0504,05,HUANTA,HUANTA,AYACUCHO,4142,,,False,,153.5,rural
132457,Runsuyoc,0,050401,0504,05,HUANTA,HUANTA,AYACUCHO,2890,4.4826825052466805,4.927910236243649,True,00011446,819.2,rural
652529,Huaccachina,0,050508,0505,05,TAMBO,LA MAR,AYACUCHO,3145,15.278437508597058,12.292610232618857,True,00003792,1789.4,rural
117277,Palmayoc,0,050401,0504,05,HUANTA,HUANTA,AYACUCHO,2585,1.6381705732604133,0.8943617786036951,True,00033788,6095.4,urbano
113290,Huaychao,0,050508,0505,05,TAMBO,LA MAR,AYACUCHO,3700,,,False,,71.9,rural
612375,Cuncos,0,050403,0504,05,HUAMANGUILLA,HUANTA,AYACUCHO,3723,7.974006854105088,5.386645093853631,True,00003650,414.1,rural
120300,Maynay,0,050401,0504,05,HUANTA,HUANTA,AYACUCHO,2537,2.7926904515321116,1.5128906071067953,True,00028687,2274.3,urbano
625027,Vizcachayocc,0,050508,0505,05,TAMBO,LA MAR,AYACUCHO,3318,15.008045859968695,12.468677856492898,True,00003792,2574.2,urbano
127153,Huantachaca,0,050401,0504,05,HUANTA,HUANTA,AYACUCHO,2642,0.5210152255459175,0.3405200607364679,True,00037980,5202.9,urbano
622832,Tinyas,0,050508,0505,05,TAMBO,LA MAR,AYACUCHO,3506,,,False,,703.8,rural
116842,Luricocha,3,050405,0504,05,LURICOCHA,HUANTA,AYACUCHO,2586,0.4165966937607776,0.24718505043363515,True,00003663,282.6,rural
131499,Huayllay,0,050405,0504,05,LURICOCHA,HUANTA,AYACUCHO,3601,22.710479938109962,22.267152544223993,True,00003663,178.7,rural
119022,Urpay,0,050405,0504,05,LURICOCHA,HUANTA,AYACUCHO,3565,14.826917948354462,13.754191015383759,True,00003663,69.5,rural
533379,Allapampa,0,050508,0505,05,TAMBO,LA MAR,AYACUCHO,3573,47.096629179512185,30.636777667046164,True,00003792,258.4,rural
515456,Simpayhuasi,0,050405,0504,05,LURICOCHA,HUANTA,AYACUCHO,2673,1.4795982407516817,0.7397991203758408,True,00003663,600.6,rural
111041,Llanza,0,050405,0504,05,LURICOCHA,HUANTA,AYACUCHO,2570,2.6121211492627507,2.03513275629887,True,00003663,405.7,rural
217868,Fundo Posojoy,0,050405,0504,05,LURICOCHA,HUANTA,AYACUCHO,2297,12.425430347221399,7.802134135991263,True,00003663,285.1,rural
533343,Seccebamba / Secobamba,0,050405,0504,05,LURICOCHA,HUANTA,AYACUCHO,2570,0.7950122532235054,0.4950696906934477,True,00003663,136.8,rural
235470,Runahuañusja,0,050508,0505,05,TAMBO,LA MAR,AYACUCHO,3932,36.41379221848888,26.639386088591163,True,00003792,523.5,rural
115303,Pacchancca,0,050412,0504,05,CHACA,HUANTA,AYACUCHO,3305,37.15722596750302,36.71389857361705,True,00003663,107.9,rural
537589,Llecapampa,0,050412,0504,05,CHACA,HUANTA,AYACUCHO,3427,38.056621562271246,35.421535732229906,True,00003663,116.0,rural
229112,Jarasenja,0,050410,0504,05,UCHURACCAY,HUANTA,AYACUCHO,3717,52.638637721802176,47.70034270438205,True,00003755,24.1,rural
618552,San Luis,0,050412,0504,05,CHACA,HUANTA,AYACUCHO,3683,,,False,,248.9,rural
527051,Cangayllo / Janjayllo,0,050410,0504,05,UCHURACCAY,HUANTA,AYACUCHO,3579,,,False,,139.4,rural
528306,Pacchac,0,050412,0504,05,CHACA,HUANTA,AYACUCHO,4030,,,False,,129.9,rural
119932,Marccari,0,050406,0504,05,SANTILLANA,HUANTA,AYACUCHO,2161,88.48994816307169,66.32328443770666,True,00003663,295.7,rural
524268,Calicanto,0,050503,0505,05,AYNA,LA MAR,AYACUCHO,2026,15.866802670910037,18.343004239576928,True,00003755,484.5,rural
542717,Llacllan,0,050410,0504,05,UCHURACCAY,HUANTA,AYACUCHO,3515,50.06746261016435,49.56922524121324,True,00003755,72.4,rural
231831,Fundo Trancapampa,0,050404,0504,05,IGUAIN,HUANTA,AYACUCHO,3548,19.564542578502884,9.782271289251446,True,00003650,443.2,rural
521661,Ccancao,0,050508,0505,05,TAMBO,LA MAR,AYACUCHO,3131,21.853891985803088,11.645905322516588,True,00003792,2359.6,urbano
545986,Ccanis,0,050401,0504,05,HUANTA,HUANTA,AYACUCHO,3290,11.446907356101944,5.867558912861369,True,00026014,265.5,rural
117286,Tantaqocha,0,050508,0505,05,TAMBO,LA MAR,AYACUCHO,3585,20.69334898193773,16.14459023117501,True,00003792,638.8,rural
243352,Huancayocc,0,050401,0504,05,HUANTA,HUANTA,AYACUCHO,2885,5.101373800711363,3.3730769299890366,True,00026014,1103.6,rural
233836,Central de Fuerza Electrica,0,050401,0504,05,HUANTA,HUANTA,AYACUCHO,3005,6.508099696167793,4.338733130778529,True,00026014,825.3,rural
127946,Chula,0,050401,0504,05,HUANTA,HUANTA,AYACUCHO,3256,11.581417944802734,7.628888975039643,True,00026014,546.7,rural
548885,Chorollo,0,050508,0505,05,TAMBO,LA MAR,AYACUCHO,3767,,,False,,523.9,rural
310032,Cerro Churca,0,050508,0505,05,TAMBO,LA MAR,AYACUCHO,4328,,,False,,785.5,rural
536648,Tutumbaro,0,050407,0504,05,SIVIA,HUANTA,AYACUCHO,1738,9.907396406940109,11.280280509476963,True,00003755,816.7,rural
220420,Pucapampa,0,050406,0504,05,SANTILLANA,HUANTA,AYACUCHO,3836,,,False,,83.8,rural
233606,Tinquipampa,0,050410,0504,05,UCHURACCAY,HUANTA,AYACUCHO,4059,,,False,,599.8,rural
125661,Ccanobamba,0,050405,0504,05,LURICOCHA,HUANTA,AYACUCHO,3461,,,False,,27.3,rural
243121,Pamparayoc,0,050406,0504,05,SANTILLANA,HUANTA,AYACUCHO,3946,,,False,,191.0,rural
624195,Isto Vista Alegre,0,050406,0504,05,SANTILLANA,HUANTA,AYACUCHO,3657,42.52893005955708,35.040331245499765,True,00003676,77.3,rural
235778,Cruz Pampa,0,050412,0504,05,CHACA,HUANTA,AYACUCHO,3814,,,False,,172.0,rural
513081,Mio,0,050401,0504,05,HUANTA,HUANTA,AYACUCHO,3299,15.63958218802353,7.9638963288221625,True,00026014,452.6,rural
649780,Rodeo Tucuwillca,0,050508,0505,05,TAMBO,LA MAR,AYACUCHO,3670,34.54307057125061,23.365191309681908,True,00003792,319.5,rural
216482,Yanacocha,0,050401,0504,05,HUANTA,HUANTA,AYACUCHO,4213,35.13700582446502,23.42467054964335,True,00026014,733.8,rural
612515,Rodeopampa,0,050410,0504,05,UCHURACCAY,HUANTA,AYACUCHO,3639,71.22663573564438,45.71227353751256,True,00003792,231.3,rural
613927,Ingenio Paccri,0,050412,0504,05,CHACA,HUANTA,AYACUCHO,3700,46.78708312944482,44.73452641258618,True,00003663,290.2,rural
129501,Huayrarinja,0,050405,0504,05,LURICOCHA,HUANTA,AYACUCHO,3236,37.27876957963748,35.032609740913024,True,00003663,57.6,rural
219609,Estopampa,0,050406,0504,05,SANTILLANA,HUANTA,AYACUCHO,3666,42.57200319873802,35.061867815090224,True,00003676,94.6,rural
513200,Isccana,0,050405,0504,05,LURICOCHA,HUANTA,AYACUCHO,2341,,,False,,149.8,rural
530754,Alcomachay,0,050405,0504,05,LURICOCHA,HUANTA,AYACUCHO,2231,18.468227201028746,11.760065271235293,True,00003663,70.8,rural
613026,Ccarasencca,0,050410,0504,05,UCHURACCAY,HUANTA,AYACUCHO,3716,52.61168803342282,47.68237624546248,True,00003755,11.9,rural
127595,Fundo Ayrac,0,050412,0504,05,CHACA,HUANTA,AYACUCHO,2766,54.34369497712596,49.25015784473381,True,00003663,71.5,rural
235362,Tupin,0,050410,0504,05,UCHURACCAY,HUANTA,AYACUCHO,3641,52.61168803342282,47.68237624546248,True,00003755,93.9,rural
113401,Chuqui,0,050410,0504,05,UCHURACCAY,HUANTA,AYACUCHO,3144,41.93785957580346,40.56649060704958,True,00003755,254.0,rural
228397,Malpaso,0,050410,0504,05,UCHURACCAY,HUANTA,AYACUCHO,3974,61.48765166643917,57.06596812757834,True,00003663,264.3,rural
124001,Fundo Chico Cancha,0,050406,0504,05,SANTILLANA,HUANTA,AYACUCHO,3868,49.01744789276438,43.900799280432835,True,00003663,104.8,rural
310009,Jano,0,050503,0505,05,AYNA,LA MAR,AYACUCHO,2685,22.222473999483523,25.757954122912658,True,00003755,1197.6,rural
527071,Isca Era,0,050406,0504,05,SANTILLANA,HUANTA,AYACUCHO,2401,56.65034013845237,50.403480425397014,True,00003663,59.1,rural
228671,Uchuran,0,050410,0504,05,UCHURACCAY,HUANTA,AYACUCHO,3345,44.91135188648676,45.30194563130716,True,00003755,119.2,rural
511701,Occopecca,0,050406,0504,05,SANTILLANA,HUANTA,AYACUCHO,3262,60.06442788386429,52.11052429810297,True,00003663,77.8,rural
218859,Allpachaca,0,050406,0504,05,SANTILLANA,HUANTA,AYACUCHO,3736,49.93816799575981,49.37555168380896,True,00003663,75.7,rural
528202,Anapata,0,050406,0504,05,SANTILLANA,HUANTA,AYACUCHO,3630,49.93816799575981,49.37555168380896,True,00003663,47.0,rural
126815,Pampalca,0,050410,0504,05,UCHURACCAY,HUANTA,AYACUCHO,3392,44.51270527647049,44.79990782967959,True,00003755,118.8,rural
123990,Cullupuquio,0,050406,0504,05,SANTILLANA,HUANTA,AYACUCHO,3394,45.486602801084146,45.04327540719817,True,00003663,36.0,rural
222616,Mallao,0,050410,0504,05,UCHURACCAY,HUANTA,AYACUCHO,3848,61.71818652025312,58.65192503936455,True,00003755,89.3,rural
123541,Sanan,0,050406,0504,05,SANTILLANA,HUANTA,AYACUCHO,3401,45.486602801084146,45.04327540719817,True,00003663,57.3,rural
215551,Anacpac,0,050407,0504,05,SIVIA,HUANTA,AYACUCHO,3701,55.70014769410206,53.96948635440823,True,00003755,80.7,rural
214262,Cruzpata,0,050410,0504,05,UCHURACCAY,HUANTA,AYACUCHO,3510,54.16867927021656,53.01638511774864,True,00003755,58.3,rural
124061,Santa Cruz de Llacchuas,0,050412,0504,05,CHACA,HUANTA,AYACUCHO,3921,58.80318520122172,55.28556315411691,True,00003663,156.4,rural
230230,Mospac,0,050407,0504,05,SIVIA,HUANTA,AYACUCHO,3726,68.45227320770918,60.3455491112118,True,00003755,62.1,rural
521109,Coril,0,050406,0504,05,SANTILLANA,HUANTA,AYACUCHO,3889,63.97087256814711,61.66899480084705,True,00003663,137.2,rural
526830,Ccochaca,0,050406,0504,05,SANTILLANA,HUANTA,AYACUCHO,4055,61.1042109478567,55.90803469260649,True,00003663,63.2,rural
539795,La Peces,0,050410,0504,05,UCHURACCAY,HUANTA,AYACUCHO,3843,60.124308901049396,56.79837473233965,True,00003755,71.9,rural
219892,Llachuay,0,050410,0504,05,UCHURACCAY,HUANTA,AYACUCHO,3807,,,False,,181.5,rural
244025,Chullasachayoc,0,050407,0504,05,SIVIA,HUANTA,AYACUCHO,3991,,,False,,645.7,rural
572121,Tocas Quesera,0,050406,0504,05,SANTILLANA,HUANTA,AYACUCHO,3939,60.49937227994325,50.111756182633236,True,00003676,344.6,rural
215839,Paccha,0,050407,0504,05,SIVIA,HUANTA,AYACUCHO,3584,,,False,,161.5,rural
212804,Intanayoc,0,050407,0504,05,SIVIA,HUANTA,AYACUCHO,3857,,,False,,332.9,rural
546243,Huayanay,0,050406,0504,05,SANTILLANA,HUANTA,AYACUCHO,2532,74.51181295859581,44.76485690099819,True,00003676,362.6,rural
240543,Puculluyoc,0,050407,0504,05,SIVIA,HUANTA,AYACUCHO,4027,,,False,,61.8,rural
555661,Santa Maria,0,050110,0501,05,SAN JUAN BAUTISTA,HUAMANGA,AYACUCHO,2781,1.3008066682593413,0.7226464427133389,True,00029515,14174.2,urbano
525191,Tinyacc,0,050404,0504,05,IGUAIN,HUANTA,AYACUCHO,3120,16.413800063555215,8.206900031777609,True,00003650,163.2,rural
655750,Ñahuinpuquio,0,050104,0501,05,CARMEN ALTO,HUAMANGA,AYACUCHO,2895,2.8652048852215843,1.5249202010668044,True,00003562,10027.7,urbano
656039,Pedregal,0,050110,0501,05,SAN JUAN BAUTISTA,HUAMANGA,AYACUCHO,2906,3.3968863228321475,1.7757776931670441,True,00003562,3726.5,urbano
656040,Nueva Esperanza,0,050110,0501,05,SAN JUAN BAUTISTA,HUAMANGA,AYACUCHO,2898,3.2898542517775846,2.4095178504247063,True,00011465,3556.4,urbano
656041,San Antonio de Huatatas,0,050110,0501,05,SAN JUAN BAUTISTA,HUAMANGA,AYACUCHO,2635,2.2791708900247096,2.1932482950209913,True,00035125,13101.1,urbano
657221,Ticllas,0,050109,0501,05,SAN JOSE DE TICLLAS,HUAMANGA,AYACUCHO,3358,36.43784422348861,24.178704642394866,True,00003554,284.9,rural
657138,Occoroy,0,050107,0501,05,PACAYCASA,HUAMANGA,AYACUCHO,2456,0.33038435695908824,0.3388169669230106,True,00003606,207.5,rural
657140,Larampampa,0,050108,0501,05,QUINUA,HUAMANGA,AYACUCHO,3097,5.296671862415246,2.6937833493641428,True,00003595,172.4,rural
657142,Huacahurara,0,050108,0501,05,QUINUA,HUAMANGA,AYACUCHO,2932,10.424782954109451,5.629443635703516,True,00003595,186.7,rural
657281,Huillhuicha,0,050114,0501,05,VINCHOS,HUAMANGA,AYACUCHO,3883,66.72464953932756,49.05829168553189,True,00003590,59.2,rural
661860,Laramate Antiguo,0,050111,0501,05,SANTIAGO DE PISCHA,HUAMANGA,AYACUCHO,2644,21.015704799610774,20.97069080512744,True,00003606,307.9,rural
661863,Urpay Alto,0,050103,0501,05,ACOS VINCHOS,HUAMANGA,AYACUCHO,3027,14.669091063204199,10.355248681588296,True,00003551,84.8,rural
661864,Lorensayoc,0,050103,0501,05,ACOS VINCHOS,HUAMANGA,AYACUCHO,2834,0.2936307980163777,0.14681539900818888,True,00003551,366.7,rural
661907,Yutupuquio,0,050504,0505,05,CHILCAS,LA MAR,AYACUCHO,3009,14.142447560720447,8.048682379630595,True,00003779,248.9,rural
662000,Caucas,0,050501,0505,05,SAN MIGUEL,LA MAR,AYACUCHO,3654,31.302527067790095,17.798712519393725,True,00003792,390.5,rural
662342,Masinga Baja,0,050508,0505,05,TAMBO,LA MAR,AYACUCHO,3033,27.278334026143106,15.262200016076601,True,00003792,1313.9,rural
662345,Huaychau,0,050508,0505,05,TAMBO,LA MAR,AYACUCHO,3682,,,False,,189.5,rural
662354,Pulperio,0,050503,0505,05,AYNA,LA MAR,AYACUCHO,3633,67.8269860520592,41.15905670891463,True,00003792,708.1,rural
662373,Ccaccahuasan,0,050406,0504,05,SANTILLANA,HUANTA,AYACUCHO,3750,68.51182368991013,52.32443815184674,True,00003676,140.7,rural
662377,Huillhuecc,0,050412,0504,05,CHACA,HUANTA,AYACUCHO,4156,64.9380099521542,59.28999814612345,True,00003663,153.5,rural
662614,Patasuyo B,0,050108,0501,05,QUINUA,HUAMANGA,AYACUCHO,3098,5.747087568206246,2.8747698291166706,True,00003595,55.9,rural
662639,Galvan,0,050115,0501,05,JESUS NAZARENO,HUAMANGA,AYACUCHO,2677,3.13988879093385,3.1607195349186643,True,00025796,5045.0,urbano
662877,Vizcachayocc,0,050410,0504,05,UCHURACCAY,HUANTA,AYACUCHO,3975,,,False,,270.1,rural
662879,Union Puntina,0,050401,0504,05,HUANTA,HUANTA,AYACUCHO,3725,25.644926275362074,12.976774706724372,True,00026014,558.3,rural
662910,Ccellaycancha,0,050403,0504,05,HUAMANGUILLA,HUANTA,AYACUCHO,3332,9.556445976055276,5.776161862584597,True,00003650,565.2,rural
662915,Comunidad Huamanguilla,0,050403,0504,05,HUAMANGUILLA,HUANTA,AYACUCHO,3907,7.974006854105088,5.386645093853631,True,00003650,617.3,rural
662917,Pallcca,0,050403,0504,05,HUAMANGUILLA,HUANTA,AYACUCHO,3272,7.22478318633256,4.610330467723238,True,00003650,389.2,rural
662926,Huayramolino,0,050405,0504,05,LURICOCHA,HUANTA,AYACUCHO,2341,11.572548630481183,6.323174242132384,True,00003663,189.7,rural
545235,Anteccasa,0,050407,0504,05,SIVIA,HUANTA,AYACUCHO,2365,11.160525598823114,12.852347655475516,True,00003755,276.5,rural
668208,Antajaja,0,050111,0501,05,SANTIAGO DE PISCHA,HUAMANGA,AYACUCHO,3280,,,False,,37.2,rural
557579,Señor de La Picota,0,050101,0501,05,AYACUCHO,HUAMANGA,AYACUCHO,2869,1.6430463722356174,0.870177715596608,True,00028145,1658.0,rural
556323,Magisterial,0,050101,0501,05,AYACUCHO,HUAMANGA,AYACUCHO,2760,0.2832956281170311,0.14164781405851554,True,00008154,9024.9,urbano
560200,Acuchimay,0,050104,0501,05,CARMEN ALTO,HUAMANGA,AYACUCHO,2854,0.8269508666733231,0.4479728698586118,True,00027734,8018.8,urbano
566052,Pueblo Libre,0,050101,0501,05,AYACUCHO,HUAMANGA,AYACUCHO,2926,1.300920241464031,0.7081745200429478,True,00028145,976.0,rural
564317,Sector Publico,0,050101,0501,05,AYACUCHO,HUAMANGA,AYACUCHO,2807,0.43184132247635604,0.21592066123817802,True,00028351,6900.2,urbano
529793,Chillcapampa,0,050405,0504,05,LURICOCHA,HUANTA,AYACUCHO,3514,7.423398185418904,4.622038816912138,True,00003663,164.5,rural
569508,Alto Peru,0,050101,0501,05,AYACUCHO,HUAMANGA,AYACUCHO,2895,0.7576423070985896,0.38359659090275416,True,00028145,2749.4,urbano
568094,San Jose,0,050116,0501,05,ANDRES AVELINO CACERES DORREGARAY,HUAMANGA,AYACUCHO,2726,0.316593054599721,0.1582965272998605,True,00028840,8149.0,urbano
516688,Qoyama,0,050504,0505,05,CHILCAS,LA MAR,AYACUCHO,3019,14.142447560720447,8.048682379630595,True,00003779,232.4,rural
611389,Pampa Hermoza,0,050508,0505,05,TAMBO,LA MAR,AYACUCHO,3327,25.600540413669584,18.8939262308914,True,00003792,276.8,rural
649999,Polanco,0,050508,0505,05,TAMBO,LA MAR,AYACUCHO,3515,33.85898713697977,23.023149592546492,True,00003792,74.4,rural
620682,Antapuna,0,050114,0501,05,VINCHOS,HUAMANGA,AYACUCHO,3111,38.07385904264182,30.635696106006296,True,00003590,119.7,rural
562773,Acuchimay,0,050110,0501,05,SAN JUAN BAUTISTA,HUAMANGA,AYACUCHO,2827,1.893768873852092,0.981381873447996,True,00027734,0.0,rural
128221,Ccanobamba,0,050103,0501,05,ACOS VINCHOS,HUAMANGA,AYACUCHO,3123,21.490444197669696,17.019701525084205,True,00003551,516.7,rural
222251,Huamanccocha,0,050103,0501,05,ACOS VINCHOS,HUAMANGA,AYACUCHO,3290,28.246220090184707,23.455210546421725,True,00003551,745.2,rural
560247,Capillapata,0,050110,0501,05,SAN JUAN BAUTISTA,HUAMANGA,AYACUCHO,2750,1.088990867059456,0.6093974827997194,True,00029067,9582.1,urbano
559985,Señor de Arequipa,0,050110,0501,05,SAN JUAN BAUTISTA,HUAMANGA,AYACUCHO,2726,0.7745630085726122,0.8216211245899186,True,00032368,8914.1,urbano
653611,San Miguel de Ayacucho,0,050115,0501,05,JESUS NAZARENO,HUAMANGA,AYACUCHO,2486,0.9866057199669402,0.8082141834233993,True,00003610,805.6,rural
653840,Arhuay,0,050403,0504,05,HUAMANGUILLA,HUANTA,AYACUCHO,3081,6.69788936004891,4.152091561641905,True,00003650,422.9,rural
653913,Ccollccina,0,050508,0505,05,TAMBO,LA MAR,AYACUCHO,3346,34.75035821783754,27.372050290786657,True,00003792,497.0,rural
655337,San Felipe,0,050101,0501,05,AYACUCHO,HUAMANGA,AYACUCHO,2840,2.307943295679123,1.528730442546731,True,00031972,6961.9,urbano
219167,Oscohuilca,0,050108,0501,05,QUINUA,HUAMANGA,AYACUCHO,3519,12.42086013672852,6.279682162125919,True,00003595,402.1,rural
526541,San Jose de Viñaca,0,050101,0501,05,AYACUCHO,HUAMANGA,AYACUCHO,2446,5.459635211006021,3.6397568073373474,True,00003606,313.1,rural
227201,Macachupa,0,050407,0504,05,SIVIA,HUANTA,AYACUCHO,3570,55.70014769410206,53.96948635440823,True,00003755,29.5,rural
527265,Morococha,0,050412,0504,05,CHACA,HUANTA,AYACUCHO,4021,,,False,,103.0,rural
123587,Antapallpa,0,050406,0504,05,SANTILLANA,HUANTA,AYACUCHO,3665,80.58324066238819,69.9751788479676,True,00003663,68.9,rural
110970,Canrao,0,050407,0504,05,SIVIA,HUANTA,AYACUCHO,3914,69.78247620229448,61.62745838296219,True,00003755,95.6,rural
674156,Santa Rosa de Huaysuy,0,050401,0504,05,HUANTA,HUANTA,AYACUCHO,2401,15.026059220476762,7.600267662269797,True,00028687,345.3,rural
674159,Viscacha,0,050407,0504,05,SIVIA,HUANTA,AYACUCHO,3936,,,False,,87.3,rural
674163,Yuraccjaja,0,050410,0504,05,UCHURACCAY,HUANTA,AYACUCHO,3753,60.124308901049396,56.79837473233965,True,00003755,66.8,rural
674165,Cconocc Huaycco,0,050404,0504,05,IGUAIN,HUANTA,AYACUCHO,2895,16.4502663476914,9.893236177889763,True,00003650,273.2,rural
674666,Qechqa,0,050407,0504,05,SIVIA,HUANTA,AYACUCHO,3822,75.75306718179694,63.99594609825568,True,00003755,58.5,rural
677094,Inmaculada Concepcion,0,050115,0501,05,JESUS NAZARENO,HUAMANGA,AYACUCHO,2725,5.310267327119003,4.245908803011241,True,00025796,0.0,rural
677095,Vrae 1,0,050115,0501,05,JESUS NAZARENO,HUAMANGA,AYACUCHO,2727,5.928173279979848,4.554861779441664,True,00025796,0.0,rural
677367,Cuchipampa,0,050111,0501,05,SANTIAGO DE PISCHA,HUAMANGA,AYACUCHO,3447,38.63588454463878,24.596809880183546,True,00003606,27.7,rural
680249,San Judas,0,050111,0501,05,SANTIAGO DE PISCHA,HUAMANGA,AYACUCHO,3256,34.432683800778975,27.550943443935154,True,00003606,139.2,rural
680250,Pacaypampa,0,050111,0501,05,SANTIAGO DE PISCHA,HUAMANGA,AYACUCHO,2583,15.603275872311707,15.559796349530641,True,00003606,130.3,rural
680251,Casa Hacienda,0,050111,0501,05,SANTIAGO DE PISCHA,HUAMANGA,AYACUCHO,3414,,,False,,258.9,rural
680430,San Juan de Yucaes,0,050108,0501,05,QUINUA,HUAMANGA,AYACUCHO,2589,5.440950237267592,2.879894463882537,True,00003610,472.3,rural
654009,Lambraspata,0,050508,0505,05,TAMBO,LA MAR,AYACUCHO,3239,34.75035821783754,27.372050290786657,True,00003792,268.3,rural
654003,Putica,0,050403,0504,05,HUAMANGUILLA,HUANTA,AYACUCHO,3041,7.621826109689715,5.156267711807745,True,00003650,75.3,rural
652870,24 de Junio,0,050403,0504,05,HUAMANGUILLA,HUANTA,AYACUCHO,2956,8.204378494440585,4.665645212051646,True,00003650,405.3,rural
250101,Balbora,0,050109,0501,05,SAN JOSE DE TICLLAS,HUAMANGA,AYACUCHO,3411,53.81184970725386,37.63027122877273,True,00003554,63.7,rural
553669,Villa San Cristobal,0,050115,0501,05,JESUS NAZARENO,HUAMANGA,AYACUCHO,2728,1.3297135624497318,0.664856781224866,True,00027731,9696.0,urbano
529386,Chachaspucro,0,050406,0504,05,SANTILLANA,HUANTA,AYACUCHO,3611,45.486602801084146,45.04327540719817,True,00003663,149.6,rural
537504,Pucara,0,050410,0504,05,UCHURACCAY,HUANTA,AYACUCHO,3434,49.751541172855724,47.41932577787221,True,00003755,424.6,rural
613000,Chucllapata,0,050109,0501,05,SAN JOSE DE TICLLAS,HUAMANGA,AYACUCHO,3549,49.07346411424848,35.27539856704301,True,00003554,100.4,rural
234595,Allpachaca,0,050109,0501,05,SAN JOSE DE TICLLAS,HUAMANGA,AYACUCHO,3440,50.08347066538945,35.878379569182975,True,00003554,110.4,rural
512595,Sallan,0,050109,0501,05,SAN JOSE DE TICLLAS,HUAMANGA,AYACUCHO,3430,36.79859384463436,24.353365986537817,True,00003554,470.9,rural
241325,Hacienda Vinchos,0,050103,0501,05,ACOS VINCHOS,HUAMANGA,AYACUCHO,3103,14.164672761473314,10.103039530722855,True,00003551,350.7,rural
513829,Uvas Niyocc,0,050113,0501,05,TAMBILLO,HUAMANGA,AYACUCHO,2685,28.235548408450022,18.111847675801894,True,00003610,161.5,rural
619735,Sayhuanto,0,050109,0501,05,SAN JOSE DE TICLLAS,HUAMANGA,AYACUCHO,3279,34.330533034914396,22.80638347684961,True,00003554,365.5,rural
652490,Ccorihuillca Chico,0,050101,0501,05,AYACUCHO,HUAMANGA,AYACUCHO,2957,9.71243466348156,4.856217331740782,True,00006898,653.4,rural
111955,Huaychao,0,050410,0504,05,UCHURACCAY,HUANTA,AYACUCHO,3777,56.51949527478204,50.2875810730353,True,00003755,117.1,rural
510027,Urpay,0,050103,0501,05,ACOS VINCHOS,HUAMANGA,AYACUCHO,3027,14.854800452941099,10.448103376456748,True,00003551,339.5,rural
127101,Eraccasa / Ccorihuanca Grande,0,050101,0501,05,AYACUCHO,HUAMANGA,AYACUCHO,3028,7.019250808185065,3.509625404092534,True,00006898,582.4,rural
118160,Yaulloc / Ccolcca,0,050108,0501,05,QUINUA,HUAMANGA,AYACUCHO,2844,8.964844332829928,4.730407607358271,True,00003595,223.0,rural
227750,Tancorayocc,0,050114,0501,05,VINCHOS,HUAMANGA,AYACUCHO,4077,67.08632654450398,49.82112206129191,True,00003590,115.6,rural
616746,Ccollccabamba,0,050112,0501,05,SOCOS,HUAMANGA,AYACUCHO,3555,18.694965362421108,14.376495779256873,True,00003554,856.5,rural
512911,Pacuri,0,050112,0501,05,SOCOS,HUAMANGA,AYACUCHO,3545,15.48305302196042,10.574929037106434,True,00003554,1049.5,rural
115802,Mataraccocha / Matarcocha,0,050112,0501,05,SOCOS,HUAMANGA,AYACUCHO,3397,13.013023439607263,10.821625088680003,True,00003554,1475.4,rural
244038,Pataramocco,0,050102,0501,05,ACOCRO,HUAMANGA,AYACUCHO,3428,29.732028390389985,19.606027210314604,True,00003546,405.1,rural
560805,Fray Martin de Pucara,0,050105,0501,05,CHIARA,HUAMANGA,AYACUCHO,3141,19.409825023636913,9.980468238290316,True,00003600,351.0,rural
542331,Quishuarcancha,0,050112,0501,05,SOCOS,HUAMANGA,AYACUCHO,3534,14.089005235746429,11.939464874408154,True,00003554,234.9,rural
110227,Raymina,0,050113,0501,05,TAMBILLO,HUAMANGA,AYACUCHO,3246,18.59078309709027,14.51618976533126,True,00035125,212.8,rural
517553,Chapaspampa,0,050104,0501,05,CARMEN ALTO,HUAMANGA,AYACUCHO,3321,10.268049966590674,8.749421792702844,True,00003600,352.3,rural
128192,Osnopata,0,050114,0501,05,VINCHOS,HUAMANGA,AYACUCHO,3088,37.5270417289266,30.27115123019615,True,00003590,116.7,rural
115759,Pacchacc,0,050114,0501,05,VINCHOS,HUAMANGA,AYACUCHO,3133,37.096411460448444,30.023190176436707,True,00003590,94.9,rural
228915,Musocpampa,0,050401,0504,05,HUANTA,HUANTA,AYACUCHO,2389,13.925993760100193,7.050234932081512,True,00028687,283.3,rural
231603,Fundo Mitupata,0,050103,0501,05,ACOS VINCHOS,HUAMANGA,AYACUCHO,2900,22.362386437559508,15.445115863932093,True,00003546,216.0,rural
545440,Concepcion Cangallo,0,050114,0501,05,VINCHOS,HUAMANGA,AYACUCHO,3286,55.94577245159641,42.665002733562154,True,00003590,280.9,rural
120899,Ñaupallacta,0,050114,0501,05,VINCHOS,HUAMANGA,AYACUCHO,3253,36.42581697316873,28.035581243223852,True,00003554,218.4,rural
524608,San Cristobal de Casaorcco,0,050104,0501,05,CARMEN ALTO,HUAMANGA,AYACUCHO,3300,9.84452345920166,8.537658539008337,True,00003600,0.0,rural
210300,Pallca,0,050110,0501,05,SAN JUAN BAUTISTA,HUAMANGA,AYACUCHO,3072,11.537889550125124,8.85760643772281,True,00003600,399.1,rural
610610,Leslespampa,0,050112,0501,05,SOCOS,HUAMANGA,AYACUCHO,3547,15.649408199753337,10.072133007368185,True,00003562,515.7,rural
211078,Liriohuayjo,0,050114,0501,05,VINCHOS,HUAMANGA,AYACUCHO,3397,32.682715546774965,25.54018029229468,True,00003554,289.3,rural
125672,Chaupirara,0,050103,0501,05,ACOS VINCHOS,HUAMANGA,AYACUCHO,2859,2.3867945193359144,1.2391804005810871,True,00003551,186.4,rural
216271,San Cristobal,0,050102,0501,05,ACOCRO,HUAMANGA,AYACUCHO,3250,14.399948097503295,10.028598531228958,True,00003546,831.4,rural
615887,Leonpampa,0,050109,0501,05,SAN JOSE DE TICLLAS,HUAMANGA,AYACUCHO,2972,38.92982333918956,20.657250503356728,True,00003606,237.1,rural
110222,Yanama,0,050110,0501,05,SAN JUAN BAUTISTA,HUAMANGA,AYACUCHO,3083,6.281627559553423,3.345252514647313,True,00003562,6149.4,urbano
610559,Gomez,0,050103,0501,05,ACOS VINCHOS,HUAMANGA,AYACUCHO,2906,22.362386437559508,15.445115863932093,True,00003546,134.2,rural
520427,Condoray Grande,0,050113,0501,05,TAMBILLO,HUAMANGA,AYACUCHO,3076,,,False,,192.2,rural
518526,Weratochan / Werajochan,0,050103,0501,05,ACOS VINCHOS,HUAMANGA,AYACUCHO,3048,7.103071666112076,3.5973189739691684,True,00003551,141.8,rural
110587,Aqchapa,0,050108,0501,05,QUINUA,HUAMANGA,AYACUCHO,2573,13.109720671448864,8.632798384765724,True,00003551,328.6,rural
611278,Huamanccasa,0,050109,0501,05,SAN JOSE DE TICLLAS,HUAMANGA,AYACUCHO,3528,49.83661536972529,32.06396376357455,True,00003606,128.3,rural
221609,Ciudad de La Pacificacion Mollepata II,0,050101,0501,05,AYACUCHO,HUAMANGA,AYACUCHO,2823,3.2303625236694287,2.0726307508241297,True,00006898,427.7,rural
225175,Laranpata,0,050103,0501,05,ACOS VINCHOS,HUAMANGA,AYACUCHO,2834,3.8137742064229556,3.1052209707345924,True,00003551,559.4,rural
625316,Rumicancha,0,050108,0501,05,QUINUA,HUAMANGA,AYACUCHO,2998,5.191732914682951,3.2843667962566916,True,00003595,0.0,rural
512859,Yerbabuena,0,050111,0501,05,SANTIAGO DE PISCHA,HUAMANGA,AYACUCHO,3390,37.622953126165974,29.677789660859816,True,00003606,79.2,rural
242173,Carsala,0,050108,0501,05,QUINUA,HUAMANGA,AYACUCHO,3030,4.357373736465435,2.8586686095899116,True,00003595,59.3,rural
618066,Putica,0,050403,0504,05,HUAMANGUILLA,HUANTA,AYACUCHO,2990,7.621826109689715,5.156267711807745,True,00003650,78.6,rural
621415,San Francisco de Huaycco,0,050101,0501,05,AYACUCHO,HUAMANGA,AYACUCHO,3185,7.4221712203761685,4.254302062227918,True,00003554,399.8,rural
246214,Hacienda Ccorimanya,0,050103,0501,05,ACOS VINCHOS,HUAMANGA,AYACUCHO,3193,19.633557404256955,16.091258128377834,True,00003551,752.9,rural
117347,Condoray,0,050113,0501,05,TAMBILLO,HUAMANGA,AYACUCHO,2962,16.038513261264665,14.462448484271649,True,00035125,186.8,rural
214477,Piraspampa,0,050103,0501,05,ACOS VINCHOS,HUAMANGA,AYACUCHO,2828,26.71242043903726,16.53885027127412,True,00003546,485.0,rural
115275,Santa Barbara,0,050113,0501,05,TAMBILLO,HUAMANGA,AYACUCHO,2693,9.186428675705267,7.4715555501799775,True,00035125,601.5,rural
131486,Violeta Velasquez,0,050113,0501,05,TAMBILLO,HUAMANGA,AYACUCHO,3045,24.395055845462846,16.191601394308307,True,00003610,102.9,rural
214093,Las Americas,0,050101,0501,05,AYACUCHO,HUAMANGA,AYACUCHO,2799,0.6885963142686228,0.3442981571343114,True,00028145,8049.7,urbano
125134,Orjota,0,050112,0501,05,SOCOS,HUAMANGA,AYACUCHO,3467,15.543488544769652,12.197917870268503,True,00003554,943.5,rural
112770,Puculluyocc,0,050114,0501,05,VINCHOS,HUAMANGA,AYACUCHO,3899,68.76866764660417,49.07645033106604,True,00003590,92.0,rural
530315,Ichupata,0,050403,0504,05,HUAMANGUILLA,HUANTA,AYACUCHO,3003,5.257996650779147,3.5405036844051114,True,00003650,452.6,rural
546769,Pucanga,0,050111,0501,05,SANTIAGO DE PISCHA,HUAMANGA,AYACUCHO,3469,43.63233540513731,27.927777120515902,True,00003606,160.2,rural
228958,Hacienda Bellavista,0,050113,0501,05,TAMBILLO,HUAMANGA,AYACUCHO,2980,17.538064137023717,16.055020138046594,True,00035125,474.8,rural
550820,Micheq,0,050506,0505,05,LUIS CARRANZA,LA MAR,AYACUCHO,3424,11.196361544726606,7.148340252736596,True,00003779,65.4,rural
239878,Rumimachay,0,050102,0501,05,ACOCRO,HUAMANGA,AYACUCHO,3920,,,False,,424.9,rural
620849,Puchcas,0,050401,0504,05,HUANTA,HUANTA,AYACUCHO,3029,6.930097681127661,5.363733235482596,True,00011446,284.5,rural
131935,Gloriete,0,050116,0501,05,ANDRES AVELINO CACERES DORREGARAY,HUAMANGA,AYACUCHO,2579,6.495966930807365,3.2479834654036823,True,00028840,958.5,rural
652471,Santa Cruz de Campi,0,050109,0501,05,SAN JOSE DE TICLLAS,HUAMANGA,AYACUCHO,3358,25.582752147766204,16.97452955208415,True,00003554,1222.2,rural
533714,Lucas Pata,0,050103,0501,05,ACOS VINCHOS,HUAMANGA,AYACUCHO,3267,29.09602157943659,24.16337845413163,True,00003551,561.0,rural
130492,Rancha,0,050101,0501,05,AYACUCHO,HUAMANGA,AYACUCHO,3259,7.909185740958441,5.4453125971663034,True,00003554,621.0,rural
534511,San Juan de Culi Uhuanja,0,050114,0501,05,VINCHOS,HUAMANGA,AYACUCHO,3850,66.72464953932756,49.05829168553189,True,00003590,47.6,rural
531649,Santa Rosa de Yanamilla,0,050116,0501,05,ANDRES AVELINO CACERES DORREGARAY,HUAMANGA,AYACUCHO,2698,2.5856832040643627,1.2928416020321818,True,00028840,5173.9,urbano
310322,Llactuya,0,050404,0504,05,IGUAIN,HUANTA,AYACUCHO,3013,18.321036913464063,10.828621460776096,True,00003650,614.9,rural
228199,Fundo Mocoroyniyoc,0,050401,0504,05,HUANTA,HUANTA,AYACUCHO,2472,3.7617029411295486,2.173116947333101,True,00033788,296.6,rural
215651,Huarajoyoc,0,050401,0504,05,HUANTA,HUANTA,AYACUCHO,3862,28.20650020475464,18.804333469836426,True,00026014,517.5,rural
113346,Viscacha,0,050114,0501,05,VINCHOS,HUAMANGA,AYACUCHO,3295,63.3096808273872,48.72642690207982,True,00003606,307.5,rural
511425,Cruz Pampa,0,050114,0501,05,VINCHOS,HUAMANGA,AYACUCHO,3297,,,False,,644.1,rural
540199,Deseada,0,050113,0501,05,TAMBILLO,HUAMANGA,AYACUCHO,2737,12.376417242151595,9.07852209383676,True,00035125,345.2,rural
534034,Luyanta,0,050112,0501,05,SOCOS,HUAMANGA,AYACUCHO,3216,31.149266307261776,17.609869194932976,True,00003554,534.6,rural
243066,Huayllapata,0,050101,0501,05,AYACUCHO,HUAMANGA,AYACUCHO,3281,10.414565260274491,6.883713184268772,True,00003554,262.6,rural
569685,Pokras,0,050104,0501,05,CARMEN ALTO,HUAMANGA,AYACUCHO,2838,0.4293299448338809,0.2146649724169405,True,00027734,9492.8,urbano
521918,San Lorenzo de Cochabamba,0,050112,0501,05,SOCOS,HUAMANGA,AYACUCHO,3220,26.46914821683337,16.640619365483502,True,00003554,394.8,rural
121632,Putuccasa,0,050111,0501,05,SANTIAGO DE PISCHA,HUAMANGA,AYACUCHO,3388,38.63588454463878,24.596809880183546,True,00003606,90.7,rural
222612,Huamanhueyra,0,050116,0501,05,ANDRES AVELINO CACERES DORREGARAY,HUAMANGA,AYACUCHO,2613,3.151658848819806,2.1563212073064038,True,00035125,6413.6,urbano
119757,Sapsi,0,050112,0501,05,SOCOS,HUAMANGA,AYACUCHO,3214,32.43342450510518,18.065008999108553,True,00003554,127.4,rural
619589,Ayapata,0,050508,0505,05,TAMBO,LA MAR,AYACUCHO,3204,15.249227148816383,12.237289424297531,True,00003792,946.7,rural
117707,Ucupa,0,050107,0501,05,PACAYCASA,HUAMANGA,AYACUCHO,2542,10.10599927935985,7.6429361194943635,True,00003606,778.6,rural
121951,Tambobamba,0,050113,0501,05,TAMBILLO,HUAMANGA,AYACUCHO,3073,25.708780670436184,17.120592646906193,True,00003610,265.0,rural
227049,Chocan,0,050101,0501,05,AYACUCHO,HUAMANGA,AYACUCHO,3099,7.946247807149519,4.570169574723823,True,00003554,454.2,rural
118361,Cedro,0,050112,0501,05,SOCOS,HUAMANGA,AYACUCHO,3220,33.68290573253051,18.689749612821217,True,00003554,142.1,rural
512515,Allpaurccuna,0,050114,0501,05,VINCHOS,HUAMANGA,AYACUCHO,3367,53.81184970725386,37.63027122877273,True,00003554,74.2,rural
545360,Yesera,0,050111,0501,05,SANTIAGO DE PISCHA,HUAMANGA,AYACUCHO,3170,47.38393379370791,32.824583650610435,True,00003606,1947.5,rural
522589,Huayllapampa,0,050107,0501,05,PACAYCASA,HUAMANGA,AYACUCHO,2475,5.507365789568924,4.936350711827644,True,00003606,707.4,rural
210457,San Pedro,0,050501,0505,05,SAN MIGUEL,LA MAR,AYACUCHO,2349,1.8439253278372698,1.8439253278372698,True,00037858,361.8,rural
621331,Incaraqay,0,050501,0505,05,SAN MIGUEL,LA MAR,AYACUCHO,2434,1.5254880228950958,1.5254880228950958,True,00003795,554.9,rural
610108,Ipre,0,050108,0501,05,QUINUA,HUAMANGA,AYACUCHO,2978,5.191732914682951,3.2843667962566916,True,00003595,284.1,rural
529365,San Jose de Quichcapata,0,050101,0501,05,AYACUCHO,HUAMANGA,AYACUCHO,2440,5.4770914864712585,3.6513943243141727,True,00003606,408.1,rural
610225,Ahuaccollay,0,050108,0501,05,QUINUA,HUAMANGA,AYACUCHO,2886,8.964844332829928,4.730407607358271,True,00003595,272.2,rural
548981,Ollucopampa,0,050501,0505,05,SAN MIGUEL,LA MAR,AYACUCHO,2946,1.8439253278372698,1.8439253278372698,True,00037858,172.3,rural
130447,Simpapata,0,050101,0501,05,AYACUCHO,HUAMANGA,AYACUCHO,2425,0.0,0.0,True,00003606,882.2,rural
514585,Chuspicucho,0,050101,0501,05,AYACUCHO,HUAMANGA,AYACUCHO,2426,0.6510481922536663,0.4340321281691107,True,00003606,572.8,rural
536008,Mirto,0,050508,0505,05,TAMBO,LA MAR,AYACUCHO,4043,36.41379221848888,26.639386088591163,True,00003792,294.4,rural
238261,Hacienda Choccuiñahui,0,050111,0501,05,SANTIAGO DE PISCHA,HUAMANGA,AYACUCHO,3153,41.41490140827082,21.89978953789736,True,00003606,106.7,rural
526398,Chcceñahui / Choccehanue,0,050109,0501,05,SAN JOSE DE TICLLAS,HUAMANGA,AYACUCHO,3163,41.41490140827082,21.89978953789736,True,00003606,198.0,rural
129801,Saccsamarca,0,050101,0501,05,AYACUCHO,HUAMANGA,AYACUCHO,3007,18.571026654726573,10.961943881494811,True,00003554,345.4,rural
227837,Hacienda Uchpacato,0,050113,0501,05,TAMBILLO,HUAMANGA,AYACUCHO,2602,6.464636719721112,6.378714124717393,True,00035125,404.6,rural
520500,Accoccasa / Accopata,0,050108,0501,05,QUINUA,HUAMANGA,AYACUCHO,2610,8.396068442564586,5.216524604881405,True,00003610,465.1,rural
223411,Hacienda Liana,0,050109,0501,05,SAN JOSE DE TICLLAS,HUAMANGA,AYACUCHO,3180,29.27583798267624,19.13022951718916,True,00003554,596.6,rural
226968,Chilcapuquio,0,050101,0501,05,AYACUCHO,HUAMANGA,AYACUCHO,3104,7.007344400714725,4.3027902141506145,True,00003554,369.3,rural
233828,Ccatacorral,0,050109,0501,05,SAN JOSE DE TICLLAS,HUAMANGA,AYACUCHO,3569,43.8166942834733,29.097938015717997,True,00003554,262.8,rural
114928,Yuncapata,0,050108,0501,05,QUINUA,HUAMANGA,AYACUCHO,2818,6.964122978965593,5.730511614520124,True,00003551,583.8,rural
542911,Mollepata,0,050101,0501,05,AYACUCHO,HUAMANGA,AYACUCHO,2815,0.71625933687419,0.3926933601231151,True,00006898,3859.6,urbano
525332,Chasquipaja / Chasqui / Chasquipata,0,050103,0501,05,ACOS VINCHOS,HUAMANGA,AYACUCHO,2953,0.979877659618662,0.7332585209500178,True,00003551,738.4,rural
127539,Qaqañan,0,050113,0501,05,TAMBILLO,HUAMANGA,AYACUCHO,2528,9.94081940861384,6.627212939075893,True,00003610,339.9,rural
545568,Chaupiwayqo / Chaupillanso,0,050501,0505,05,SAN MIGUEL,LA MAR,AYACUCHO,3189,4.0773505035964615,4.052712767328207,True,00003792,171.5,rural
245922,Marcamachay,0,050501,0505,05,SAN MIGUEL,LA MAR,AYACUCHO,3856,,,False,,843.4,rural
237600,Socopara,0,050501,0505,05,SAN MIGUEL,LA MAR,AYACUCHO,3200,,,False,,404.1,rural
548872,Pariahuanca,0,050501,0505,05,SAN MIGUEL,LA MAR,AYACUCHO,3105,15.001002155326875,9.982214347137138,True,00003792,270.7,rural
232308,Orjohuasi,0,050508,0505,05,TAMBO,LA MAR,AYACUCHO,3437,40.27565110671101,31.05557888336897,True,00003792,706.6,rural
111444,Churrupampa,0,050405,0504,05,LURICOCHA,HUANTA,AYACUCHO,2191,15.858721840422454,10.174686947281959,True,00003663,123.2,rural
215131,Chucllayoc,0,050405,0504,05,LURICOCHA,HUANTA,AYACUCHO,4037,,,False,,140.7,rural
535365,Mahuayura,0,050508,0505,05,TAMBO,LA MAR,AYACUCHO,3557,40.60130605693209,32.24784015669878,True,00003792,358.3,rural
127203,Tranca,0,050405,0504,05,LURICOCHA,HUANTA,AYACUCHO,2801,5.8793899896671125,5.436062595781144,True,00003663,264.2,rural
548240,Tapuna,0,050508,0505,05,TAMBO,LA MAR,AYACUCHO,3606,45.28025451171933,34.63594273565529,True,00003792,1115.9,rural
130167,Itanayocc,0,050114,0501,05,VINCHOS,HUAMANGA,AYACUCHO,3569,31.39458580631244,24.681427131986325,True,00003554,190.9,rural
118777,Pampana,0,050103,0501,05,ACOS VINCHOS,HUAMANGA,AYACUCHO,3138,7.403393899359282,6.027555439264742,True,00003551,532.8,rural
552406,Jardin,3,050116,0501,05,ANDRES AVELINO CACERES DORREGARAY,HUAMANGA,AYACUCHO,2733,0.13181579646372468,0.06590789823186234,True,00032368,7816.8,urbano
510963,Santa Lucia,0,050101,0501,05,AYACUCHO,HUAMANGA,AYACUCHO,3071,20.174756347466463,11.763808727864756,True,00003554,209.9,rural
683792,Pilacucho,0,050101,0501,05,AYACUCHO,HUAMANGA,AYACUCHO,2825,2.0239200562811956,1.0119600281405976,True,00011426,5581.9,urbano
683793,Martires de La Paz,0,050110,0501,05,SAN JUAN BAUTISTA,HUAMANGA,AYACUCHO,2893,2.621141764001051,1.751179708139804,True,00011465,16159.8,urbano
683800,La Victoria,0,050401,0504,05,HUANTA,HUANTA,AYACUCHO,2659,1.4427653036107033,0.7213826518053518,True,00037980,6913.1,urbano
683804,Illacruz,0,050115,0501,05,JESUS NAZARENO,HUAMANGA,AYACUCHO,2734,0.9443329521553037,0.4721664760776519,True,00027731,0.0,rural
683835,Buenos Aires,0,050101,0501,05,AYACUCHO,HUAMANGA,AYACUCHO,2848,3.7822332797602507,2.2085312515248545,True,00006898,1563.4,rural
683838,Agroforestal Huaranjales,0,050116,0501,05,ANDRES AVELINO CACERES DORREGARAY,HUAMANGA,AYACUCHO,2632,4.469464171903175,2.2347320859515873,True,00028840,1011.4,rural
684044,Vista Hermoza,0,050116,0501,05,ANDRES AVELINO CACERES DORREGARAY,HUAMANGA,AYACUCHO,2703,5.213189319212173,2.662334733576055,True,00003603,7140.6,urbano
685946,Casaorqo,0,050104,0501,05,CARMEN ALTO,HUAMANGA,AYACUCHO,3300,9.819150998893033,8.497908636527555,True,00003600,290.1,rural
685959,Pacifico Vrae,0,050108,0501,05,QUINUA,HUAMANGA,AYACUCHO,2750,5.664075268778384,3.776050179185589,True,00003610,369.5,rural
685966,Huanaco Pampa,0,050111,0501,05,SANTIAGO DE PISCHA,HUAMANGA,AYACUCHO,3439,31.48638787769102,19.83047876888504,True,00003606,142.5,rural
685970,Lindipampa,0,050113,0501,05,TAMBILLO,HUAMANGA,AYACUCHO,2790,5.120979780387913,4.71662004809305,True,00035125,894.4,rural
685971,Cuituccpata I,0,050113,0501,05,TAMBILLO,HUAMANGA,AYACUCHO,2716,4.350728713031745,3.859416853377321,True,00035125,420.5,rural
685984,Pucarumi,0,050115,0501,05,JESUS NAZARENO,HUAMANGA,AYACUCHO,2463,2.9695041721591853,3.1215957109810186,True,00003610,290.2,rural
685985,Julcamarca,0,050115,0501,05,JESUS NAZARENO,HUAMANGA,AYACUCHO,2730,5.9496396444131685,4.5655949616583245,True,00025796,2443.8,urbano
685986,Nuevo Belen,0,050115,0501,05,JESUS NAZARENO,HUAMANGA,AYACUCHO,2726,5.928173279979848,4.554861779441664,True,00025796,0.0,rural
686071,Azangaro Grande,0,050401,0504,05,HUANTA,HUANTA,AYACUCHO,2378,9.252282746159644,4.626141373079822,True,00036620,449.7,rural
686072,Chancaray Baja(Iscupuquio),0,050401,0504,05,HUANTA,HUANTA,AYACUCHO,2573,2.0463559414993835,1.1705062245185456,True,00033788,1217.5,rural
686077,Intay,0,050405,0504,05,LURICOCHA,HUANTA,AYACUCHO,2514,2.4215874449344765,1.6429654191900764,True,00003663,156.8,rural
686091,Huaynacancha,0,050410,0504,05,UCHURACCAY,HUANTA,AYACUCHO,3872,62.01602972523435,57.506283176574314,True,00003663,107.0,rural
686093,Ancosocya,0,050410,0504,05,UCHURACCAY,HUANTA,AYACUCHO,3593,59.90581871049513,38.72036097198141,True,00003792,633.3,rural
686109,Parissa,0,050412,0504,05,CHACA,HUANTA,AYACUCHO,3653,41.01135892059527,39.83990955066883,True,00003663,249.3,rural
686114,Huayllaca,0,050501,0505,05,SAN MIGUEL,LA MAR,AYACUCHO,2807,2.3643871857962595,1.2629603585550058,True,00003792,1553.7,rural
686115,Saramañana,0,050501,0505,05,SAN MIGUEL,LA MAR,AYACUCHO,3009,9.575737857467235,4.797020103047202,True,00003794,23.4,rural
686116,Leonpata,0,050501,0505,05,SAN MIGUEL,LA MAR,AYACUCHO,2847,17.345336087247787,8.681819217937479,True,00003794,91.5,rural
686118,La Nueva Molina,0,050501,0505,05,SAN MIGUEL,LA MAR,AYACUCHO,2499,3.2181489549584,1.618225651792783,True,00003794,667.7,rural
692174,Michcapampa,0,050508,0505,05,TAMBO,LA MAR,AYACUCHO,3384,33.85898713697977,23.023149592546492,True,00003792,53.2,rural
549961,Canal,0,050509,0505,05,SAMUGARI,LA MAR,AYACUCHO,1095,27.465266265102276,20.489066888889695,True,00017613,315.0,rural
682868,Pampahuasi,0,050509,0505,05,SAMUGARI,LA MAR,AYACUCHO,735,20.079627755564353,19.73815337338014,True,00017613,273.8,rural
214517,Jirapata,0,050502,0505,05,ANCO,LA MAR,AYACUCHO,3735,6.6246172524661135,6.5071282450439,True,00003790,81.3,rural
226280,Patahuasi,0,050501,0505,05,SAN MIGUEL,LA MAR,AYACUCHO,3850,20.598252824797655,14.707294552541887,True,00003790,71.0,rural
127849,Cochas Baja,0,050501,0505,05,SAN MIGUEL,LA MAR,AYACUCHO,3144,16.658840005868978,12.081019339922772,True,00003790,121.2,rural
229751,Sayhuahuasi,0,050501,0505,05,SAN MIGUEL,LA MAR,AYACUCHO,3969,21.097048150937265,14.956692215611694,True,00003790,98.9,rural
545449,Cuculipampa,0,050502,0505,05,ANCO,LA MAR,AYACUCHO,1100,26.63771110420399,22.143851632855757,True,00003762,107.4,rural
539873,Coscosa,0,050501,0505,05,SAN MIGUEL,LA MAR,AYACUCHO,3192,23.11486315052175,16.385034769691288,True,00003790,60.1,rural
241966,Suyobamba,0,050510,0505,05,ANCHIHUAY,LA MAR,AYACUCHO,3694,51.17363948441956,35.09088565895648,True,00003790,201.7,rural
530788,Vista Alegre,0,050510,0505,05,ANCHIHUAY,LA MAR,AYACUCHO,1157,27.96733047620522,17.740391194011373,True,00003758,83.6,rural
239093,Palmadera,0,050501,0505,05,SAN MIGUEL,LA MAR,AYACUCHO,3704,,,False,,80.0,rural
229492,Nuñuorco,0,050510,0505,05,ANCHIHUAY,LA MAR,AYACUCHO,3708,,,False,,118.3,rural
534322,Pallca,0,050510,0505,05,ANCHIHUAY,LA MAR,AYACUCHO,3884,,,False,,115.9,rural
626157,Totora,0,050510,0505,05,ANCHIHUAY,LA MAR,AYACUCHO,3730,,,False,,109.0,rural
545677,Capirus,0,050510,0505,05,ANCHIHUAY,LA MAR,AYACUCHO,2427,38.427737921568664,37.10780849198877,True,00003762,544.7,rural
517910,Materiato,0,050510,0505,05,ANCHIHUAY,LA MAR,AYACUCHO,1824,,,False,,455.8,rural
611161,San Agustin,0,050509,0505,05,SAMUGARI,LA MAR,AYACUCHO,925,16.47847359982726,15.630271494921839,True,00003758,427.8,rural
524778,Chontabamba,0,050509,0505,05,SAMUGARI,LA MAR,AYACUCHO,975,23.30344241522575,21.846999896483627,True,00017613,137.2,rural
228037,Monterrico/rio Magdalena,0,050509,0505,05,SAMUGARI,LA MAR,AYACUCHO,667,11.03769098625632,10.304677079848517,True,00003758,242.6,rural
520049,Cehuata,0,050510,0505,05,ANCHIHUAY,LA MAR,AYACUCHO,2881,,,False,,195.1,rural
528685,Vinopampa,0,050510,0505,05,ANCHIHUAY,LA MAR,AYACUCHO,2876,,,False,,253.8,rural
573540,Nuevo Berlin,0,050502,0505,05,ANCO,LA MAR,AYACUCHO,1502,11.158454558060816,9.919770608284587,True,00003762,125.6,rural
515633,Asuncion,0,050510,0505,05,ANCHIHUAY,LA MAR,AYACUCHO,1116,17.846584511243954,12.07950494422421,True,00003758,148.3,rural
544489,Isoccasa,0,050510,0505,05,ANCHIHUAY,LA MAR,AYACUCHO,1229,18.314499719223427,12.25996591940688,True,00003758,185.7,rural
544289,Buena Gana,0,050510,0505,05,ANCHIHUAY,LA MAR,AYACUCHO,1262,22.258042683082905,14.727061042494203,True,00003758,160.6,rural
528425,Paterine,0,050502,0505,05,ANCO,LA MAR,AYACUCHO,720,5.688690686036793,5.228683285832133,True,00003762,384.5,rural
621536,Usmay,0,050508,0505,05,TAMBO,LA MAR,AYACUCHO,3879,49.33951337716217,29.174106732895158,True,00003792,573.8,rural
538152,Arhuimayo,0,050502,0505,05,ANCO,LA MAR,AYACUCHO,879,7.462835769779696,6.210905926022227,True,00003762,350.6,rural
618148,Ccatun Cochicancha,0,050509,0505,05,SAMUGARI,LA MAR,AYACUCHO,2998,,,False,,409.5,rural
547748,Pampa Aurora,0,050502,0505,05,ANCO,LA MAR,AYACUCHO,1128,12.681457947693657,9.03562196326956,True,00003762,369.0,rural
547362,San Martin,0,050502,0505,05,ANCO,LA MAR,AYACUCHO,683,0.18545391297490682,0.15454492747908904,True,00003762,653.3,rural
541341,San Agustin,0,050507,0505,05,SANTA ROSA,LA MAR,AYACUCHO,1090,10.241386013796099,9.473225817015878,True,00003754,637.9,rural
232600,Maraycancha,0,050507,0505,05,SANTA ROSA,LA MAR,AYACUCHO,3177,,,False,,1021.7,rural
620985,Yanta Yanta,0,050507,0505,05,SANTA ROSA,LA MAR,AYACUCHO,3600,,,False,,535.6,rural
620417,Chaupimayo,0,050509,0505,05,SAMUGARI,LA MAR,AYACUCHO,1248,30.274180427472764,26.79857904603055,True,00017613,344.5,rural
544051,Piriato,0,050509,0505,05,SAMUGARI,LA MAR,AYACUCHO,725,22.89170766359017,22.608060880205855,True,00017613,651.2,rural
545658,Monte Huasi,0,050507,0505,05,SANTA ROSA,LA MAR,AYACUCHO,3109,,,False,,975.7,rural
618174,San Luis,0,050507,0505,05,SANTA ROSA,LA MAR,AYACUCHO,1116,18.791490359457384,13.371026120374275,True,00017613,392.2,rural
510579,Pan de Azucar,0,050509,0505,05,SAMUGARI,LA MAR,AYACUCHO,658,14.891178411360611,14.356401017378252,True,00017613,322.9,rural
517609,Chontaccocha,0,050507,0505,05,SANTA ROSA,LA MAR,AYACUCHO,1210,12.299877184182739,8.076926984376295,True,00017613,601.0,rural
611177,Rumipata,0,050507,0505,05,SANTA ROSA,LA MAR,AYACUCHO,823,5.4758353982735715,4.293742115557523,True,00017613,884.0,rural
620553,Nueva Generacion,0,050507,0505,05,SANTA ROSA,LA MAR,AYACUCHO,1067,15.066503699721192,10.887701680550148,True,00017613,711.7,rural
622900,Ranramayo,0,050507,0505,05,SANTA ROSA,LA MAR,AYACUCHO,880,5.47705857860699,4.6738760197701,True,00017613,1040.4,rural
613655,Buena Vista,0,050507,0505,05,SANTA ROSA,LA MAR,AYACUCHO,1070,7.726197646731668,7.613190956162875,True,00017613,545.8,rural
111467,Santa Rosa,3,050507,0505,05,SANTA ROSA,LA MAR,AYACUCHO,706,0.7252763756904267,0.3813802214653526,True,00017613,2595.2,urbano
525274,Rosario,0,050503,0505,05,AYNA,LA MAR,AYACUCHO,1711,19.309609541351872,14.605225276088019,True,00003754,298.8,rural
612517,Paltaypata,0,050503,0505,05,AYNA,LA MAR,AYACUCHO,1748,4.358653430063082,2.1793267150315416,True,00003755,607.1,rural
512606,La Union,0,050507,0505,05,SANTA ROSA,LA MAR,AYACUCHO,631,5.882858094661957,3.932110794623786,True,00017613,847.7,rural
221205,Luisiana,0,050507,0505,05,SANTA ROSA,LA MAR,AYACUCHO,625,6.158376071922615,4.069869783254115,True,00017613,589.4,rural
236848,San Pedro,0,050503,0505,05,AYNA,LA MAR,AYACUCHO,1222,8.771118973914218,9.964014958060774,True,00003755,301.3,rural
612099,Ahuaruchayocc,0,050503,0505,05,AYNA,LA MAR,AYACUCHO,1158,10.062929978139612,8.349601456833199,True,00003754,386.9,rural
683058,Las Palmeras,0,050502,0505,05,ANCO,LA MAR,AYACUCHO,1350,30.217328528523996,22.62568658859337,True,00003762,464.9,rural
661868,Cotonia,0,050407,0504,05,SIVIA,HUANTA,AYACUCHO,1291,3.8474810161383655,4.320462309009977,True,00003755,372.7,rural
661890,Pampas Pata,0,050506,0505,05,LUIS CARRANZA,LA MAR,AYACUCHO,2943,21.113858886074055,13.964694368799105,True,00003779,36.7,rural
661893,Ccoscco,0,050502,0505,05,ANCO,LA MAR,AYACUCHO,1427,50.670969066726386,42.21289254168125,True,00003762,605.2,rural
661894,Huarancarqui,0,050502,0505,05,ANCO,LA MAR,AYACUCHO,1334,53.25674549732524,44.36770623384696,True,00003762,105.1,rural
661897,Rosario,0,050505,0505,05,CHUNGUI,LA MAR,AYACUCHO,807,156.06692790535956,119.70464627502136,True,00036430,225.7,rural
661902,Chuspipata,0,050505,0505,05,CHUNGUI,LA MAR,AYACUCHO,1230,69.10889871547268,55.82771879298538,True,00003762,430.3,rural
661903,Telapaccha,0,050504,0505,05,CHILCAS,LA MAR,AYACUCHO,3097,,,False,,850.1,rural
661904,Huaidor,0,050505,0505,05,CHUNGUI,LA MAR,AYACUCHO,1437,65.97629468495408,54.26141677772608,True,00003762,275.8,rural
662003,Suyubamba,0,050510,0505,05,ANCHIHUAY,LA MAR,AYACUCHO,3677,,,False,,215.7,rural
662008,Pillo,0,050501,0505,05,SAN MIGUEL,LA MAR,AYACUCHO,2983,26.17706643684377,18.426503627239303,True,00003790,110.9,rural
662340,Marayniyuq,0,050509,0505,05,SAMUGARI,LA MAR,AYACUCHO,3610,,,False,,320.2,rural
662343,Ccatun Pallcca,0,050509,0505,05,SAMUGARI,LA MAR,AYACUCHO,4043,,,False,,262.4,rural
662461,Aguas Verdes,0,050507,0505,05,SANTA ROSA,LA MAR,AYACUCHO,1232,15.241360402907052,10.860921669032813,True,00017613,468.3,rural
653217,Chontabamba,0,050502,0505,05,ANCO,LA MAR,AYACUCHO,1497,19.143995191270665,15.087765821482696,True,00003762,151.7,rural
524786,Paltaypata,0,050502,0505,05,ANCO,LA MAR,AYACUCHO,1138,15.966578156259372,12.334045243455035,True,00003762,270.9,rural
539815,Patahuasi,0,050502,0505,05,ANCO,LA MAR,AYACUCHO,1577,37.25008024981333,27.50449298698762,True,00003762,1186.6,rural
515253,Minero Pallcca,0,050502,0505,05,ANCO,LA MAR,AYACUCHO,3947,22.752038634153447,22.145427851322488,True,00003790,241.6,rural
226015,San Pedro,0,050507,0505,05,SANTA ROSA,LA MAR,AYACUCHO,1155,13.833966604732593,9.940917387972,True,00017613,185.3,rural
550646,Cañapiriato,0,050509,0505,05,SAMUGARI,LA MAR,AYACUCHO,646,24.4685883168979,23.11727537119051,True,00017613,233.9,rural
310263,Nueva Union,0,050503,0505,05,AYNA,LA MAR,AYACUCHO,1206,7.7816390828618625,8.849927097499187,True,00003755,157.4,rural
557196,Nueva Esperanza,0,050502,0505,05,ANCO,LA MAR,AYACUCHO,3023,44.63333782639902,43.50731024068365,True,00003790,3744.4,urbano
655245,Nueva Jerusalen,0,050509,0505,05,SAMUGARI,LA MAR,AYACUCHO,861,16.09205476078045,12.823830603633962,True,00003758,254.5,rural
116414,Yupanja,0,050501,0505,05,SAN MIGUEL,LA MAR,AYACUCHO,3377,13.958745808178788,10.280956541462645,True,00003790,193.8,rural
616535,Chepita,0,050503,0505,05,AYNA,LA MAR,AYACUCHO,1934,13.127838700583565,10.741140235680604,True,00003755,231.1,rural
680939,Sanabamba,0,050505,0505,05,CHUNGUI,LA MAR,AYACUCHO,1041,61.98353116638698,51.59957443201468,True,00003762,91.2,rural
534560,Esccana,0,050504,0505,05,CHILCAS,LA MAR,AYACUCHO,3193,16.02295324978964,8.778959942841542,True,00003779,175.0,rural
222043,Uspacunca,0,050501,0505,05,SAN MIGUEL,LA MAR,AYACUCHO,3386,8.758680533187409,6.814246358135058,True,00003790,82.2,rural
238801,Maucañacta,0,050504,0505,05,CHILCAS,LA MAR,AYACUCHO,3322,34.774710278405855,20.528723422802095,True,00003779,86.1,rural
536961,Chinchipata,0,050506,0505,05,LUIS CARRANZA,LA MAR,AYACUCHO,2862,22.136579798349302,11.699131228764898,True,00003779,32.0,rural
230942,Jarin,0,050505,0505,05,CHUNGUI,LA MAR,AYACUCHO,3482,103.0996582113577,93.29288483307593,True,00003790,333.8,rural
120461,Pirca,0,050505,0505,05,CHUNGUI,LA MAR,AYACUCHO,3872,95.95806557816468,88.57914595831278,True,00003790,194.1,rural
539024,Belen,0,050506,0505,05,LUIS CARRANZA,LA MAR,AYACUCHO,3048,22.959972733015526,14.926203445776054,True,00003779,20.2,rural
237567,Chilcapata,0,050502,0505,05,ANCO,LA MAR,AYACUCHO,3158,58.4958133798365,42.93147158519697,True,00003790,135.1,rural
122334,Matara,0,050501,0505,05,SAN MIGUEL,LA MAR,AYACUCHO,2806,22.908251683094942,16.247293791406747,True,00003790,86.0,rural
120690,Huachinga,0,050506,0505,05,LUIS CARRANZA,LA MAR,AYACUCHO,3240,12.047598686584447,7.920520902472701,True,00003779,38.4,rural
650043,Amaru Pampa,0,050502,0505,05,ANCO,LA MAR,AYACUCHO,1772,,,False,,675.9,rural
222877,Janone,0,050501,0505,05,SAN MIGUEL,LA MAR,AYACUCHO,2714,10.231643799154382,9.667930547892885,True,00003790,370.9,rural
517342,Cullpani,0,050502,0505,05,ANCO,LA MAR,AYACUCHO,3561,,,False,,306.3,rural
619539,Tranca,0,050504,0505,05,CHILCAS,LA MAR,AYACUCHO,3271,1.579270002380357,0.9416351130033097,True,00003779,157.4,rural
220180,Piuraico,0,050505,0505,05,CHUNGUI,LA MAR,AYACUCHO,3863,95.95806557816468,88.57914595831278,True,00003790,814.6,rural
524856,Chimchibamba,0,050502,0505,05,ANCO,LA MAR,AYACUCHO,1162,53.161630230535295,44.2544185061371,True,00003762,77.8,rural
226300,Parabambi,0,050504,0505,05,CHILCAS,LA MAR,AYACUCHO,3403,29.518503529868546,17.541880429376207,True,00003779,157.7,rural
617049,Tixibamba,0,050502,0505,05,ANCO,LA MAR,AYACUCHO,1054,27.964951876955524,23.296002682002076,True,00003762,403.0,rural
624422,Chupapampa,0,050506,0505,05,LUIS CARRANZA,LA MAR,AYACUCHO,3329,7.262915110899354,4.730731852015975,True,00003779,45.9,rural
224554,Huancaray,0,050502,0505,05,ANCO,LA MAR,AYACUCHO,3653,49.53676965977989,48.714846189281744,True,00003790,1212.7,rural
517171,Lechemayo,0,050502,0505,05,ANCO,LA MAR,AYACUCHO,720,19.535973359067054,16.233296148296077,True,00003762,415.0,rural
524571,Quillabamba,0,050502,0505,05,ANCO,LA MAR,AYACUCHO,852,26.344864515663254,21.40425143180865,True,00003762,394.5,rural
234466,Ruspanioc,0,050504,0505,05,CHILCAS,LA MAR,AYACUCHO,3220,6.380421769011024,4.167669483775884,True,00003779,136.0,rural
622565,Hatun Pallcca,0,050510,0505,05,ANCHIHUAY,LA MAR,AYACUCHO,3631,,,False,,214.7,rural
521454,Rosario Pampa,0,050502,0505,05,ANCO,LA MAR,AYACUCHO,1469,21.000065195068455,16.48084436628968,True,00003762,138.0,rural
310542,Cusay,0,050510,0505,05,ANCHIHUAY,LA MAR,AYACUCHO,3300,,,False,,275.8,rural
610034,Charquicancha,0,050504,0505,05,CHILCAS,LA MAR,AYACUCHO,3524,21.607810083318736,11.913990876480137,True,00003779,81.6,rural
119251,Rumi Rumi,0,050504,0505,05,CHILCAS,LA MAR,AYACUCHO,3314,20.46294385982192,12.106801067082104,True,00003779,392.3,rural
523650,Santa Calle,0,050504,0505,05,CHILCAS,LA MAR,AYACUCHO,3066,7.763045129251412,4.057493161333501,True,00003779,162.2,rural
619581,Llullucha,0,050501,0505,05,SAN MIGUEL,LA MAR,AYACUCHO,3474,34.46651635295155,23.952803571311154,True,00003790,175.5,rural
219839,Pacchac,0,050502,0505,05,ANCO,LA MAR,AYACUCHO,3827,21.17831366509002,19.401856207461176,True,00003790,157.5,rural
131104,Rapi,0,050502,0505,05,ANCO,LA MAR,AYACUCHO,3119,15.792145213413708,11.122792925982221,True,00003790,99.9,rural
244720,Janchisconcha,0,050502,0505,05,ANCO,LA MAR,AYACUCHO,3707,16.201408314470136,16.08391930704792,True,00003790,217.4,rural
525529,Pacobamba,0,050502,0505,05,ANCO,LA MAR,AYACUCHO,3951,23.04860636437726,22.293711716434395,True,00003790,443.4,rural
545633,Bellavista,0,050505,0505,05,CHUNGUI,LA MAR,AYACUCHO,2535,,,False,,384.2,rural
126647,Huallhuac,0,050502,0505,05,ANCO,LA MAR,AYACUCHO,3344,2.5443341185277455,2.4663338611516687,True,00003790,148.4,rural
230322,Chaqo,0,050501,0505,05,SAN MIGUEL,LA MAR,AYACUCHO,3297,3.159182741927604,3.0812478306285214,True,00003790,80.8,rural
612100,Puerto Mejorada,0,050502,0505,05,ANCO,LA MAR,AYACUCHO,1275,57.280977965030424,43.40670194978678,True,00003762,171.9,rural
619264,Yeguacancha,0,050504,0505,05,CHILCAS,LA MAR,AYACUCHO,3373,17.020301675671572,9.895057250111343,True,00003779,75.0,rural
213929,Palmapampa,3,050509,0505,05,SAMUGARI,LA MAR,AYACUCHO,746,21.03739463051961,20.689493336039135,True,00017613,898.2,rural
120423,Anyay,0,050502,0505,05,ANCO,LA MAR,AYACUCHO,3328,20.24179395016959,14.442595281684373,True,00003790,213.5,rural
541027,Ayapampa,0,050501,0505,05,SAN MIGUEL,LA MAR,AYACUCHO,2802,24.692674488381808,17.378544223014426,True,00003790,81.4,rural
533878,Iran,0,050510,0505,05,ANCHIHUAY,LA MAR,AYACUCHO,796,6.371251136747082,5.749269506801703,True,00003758,273.3,rural
686132,San Juan De La Frontera,0,050509,0505,05,SAMUGARI,LA MAR,AYACUCHO,1639,25.35642003081883,17.339034983722758,True,00003758,534.0,rural
686138,Huaccaycuna,0,050509,0505,05,SAMUGARI,LA MAR,AYACUCHO,1059,26.547595472046723,24.314189075746523,True,00017613,195.1,rural
686144,Puente Belen,0,050509,0505,05,SAMUGARI,LA MAR,AYACUCHO,752,8.153327179177124,7.531345549231744,True,00003758,149.9,rural
686147,Nogalpampa (Ranrapata),0,050510,0505,05,ANCHIHUAY,LA MAR,AYACUCHO,1321,10.136281142925464,6.939302698678553,True,00003758,333.5,rural
530543,Huarpas,0,050411,0504,05,PUCACOLPA,HUANTA,AYACUCHO,2450,126.22485376413836,67.336289937032,True,00003676,282.2,rural
622125,Paloma Alegre,0,050411,0504,05,PUCACOLPA,HUANTA,AYACUCHO,2362,194.64376748876128,158.02012579626367,True,00003663,485.3,rural
230925,Totora,0,050411,0504,05,PUCACOLPA,HUANTA,AYACUCHO,3591,,,False,,437.2,rural
662887,Rosas,0,050411,0504,05,PUCACOLPA,HUANTA,AYACUCHO,2210,194.856225377588,158.126354740677,True,00003663,286.2,rural
662904,Patacancha,0,050411,0504,05,PUCACOLPA,HUANTA,AYACUCHO,2339,194.88366006061077,158.1400720821884,True,00003663,84.8,rural
682210,Nueva Maravilla,0,050409,0504,05,CANAYRE,HUANTA,AYACUCHO,620,39.87737393856019,29.740164921809434,True,00034687,453.4,rural
682673,Santa Teresa Alta,0,050408,0504,05,LLOCHEGUA,HUANTA,AYACUCHO,1187,40.90481109887744,21.833051754643225,True,00034687,275.8,rural
528086,Matucana,0,050408,0504,05,LLOCHEGUA,HUANTA,AYACUCHO,1091,40.45184898547258,24.221585265497826,True,00034687,429.1,rural
526775,Carpete,0,050408,0504,05,LLOCHEGUA,HUANTA,AYACUCHO,1465,,,False,,1667.2,rural
211254,Chichumichi,0,050406,0504,05,SANTILLANA,HUANTA,AYACUCHO,3628,87.18326920817653,76.79565311086652,True,00003676,124.2,rural
246162,Putis,0,050406,0504,05,SANTILLANA,HUANTA,AYACUCHO,3429,87.18326920817653,76.79565311086652,True,00003676,154.9,rural
538090,Acon Mejorada,0,050407,0504,05,SIVIA,HUANTA,AYACUCHO,1346,40.99490200983494,25.146417126179976,True,00003775,289.6,rural
550042,Rosario Huanta,0,050407,0504,05,SIVIA,HUANTA,AYACUCHO,2962,,,False,,617.8,rural
110625,Huayranan,0,050402,0504,05,AYAHUANCO,HUANTA,AYACUCHO,2362,4.765023774526443,3.9016735051640086,True,00003676,947.8,rural
236934,Tejahuasi,0,050406,0504,05,SANTILLANA,HUANTA,AYACUCHO,3707,87.18326920817653,76.79565311086652,True,00003676,417.5,rural
569331,Isto,0,050402,0504,05,AYAHUANCO,HUANTA,AYACUCHO,3746,23.731344413436,19.50622489421595,True,00003676,100.0,rural
245109,Pajayjasha,0,050402,0504,05,AYAHUANCO,HUANTA,AYACUCHO,3933,,,False,,208.8,rural
219017,Rumichaca,0,050406,0504,05,SANTILLANA,HUANTA,AYACUCHO,3919,,,False,,152.0,rural
215827,Sanamarca,0,050407,0504,05,SIVIA,HUANTA,AYACUCHO,1108,33.66295063168887,17.07474402437414,True,00003770,678.5,rural
525021,Santa Tereza,0,050408,0504,05,LLOCHEGUA,HUANTA,AYACUCHO,1202,87.8155221122841,51.299680281172584,True,00034687,744.7,rural
626869,Novillo Ccasa Baja,0,050408,0504,05,LLOCHEGUA,HUANTA,AYACUCHO,1057,43.59772070769097,26.33858074869563,True,00034687,472.9,rural
652473,Choccllo,0,050402,0504,05,AYAHUANCO,HUANTA,AYACUCHO,3408,23.005329229843444,18.96376931314981,True,00003676,77.2,rural
236823,Uchuy Canrao,0,050407,0504,05,SIVIA,HUANTA,AYACUCHO,4033,,,False,,102.7,rural
234677,Cuchocorral,0,050406,0504,05,SANTILLANA,HUANTA,AYACUCHO,4025,,,False,,207.9,rural
225607,Huayrapampa,0,050406,0504,05,SANTILLANA,HUANTA,AYACUCHO,3645,,,False,,101.2,rural
545217,Yanabamba,0,050402,0504,05,AYAHUANCO,HUANTA,AYACUCHO,2607,,,False,,168.6,rural
241587,Totora,0,050402,0504,05,AYAHUANCO,HUANTA,AYACUCHO,4069,,,False,,351.7,rural
212285,Callihuasi,0,050407,0504,05,SIVIA,HUANTA,AYACUCHO,3380,,,False,,317.1,rural
239186,Marcobamba,0,050402,0504,05,AYAHUANCO,HUANTA,AYACUCHO,3593,,,False,,340.3,rural
122078,Lucmacucho/Ñahuinchacra,0,050402,0504,05,AYAHUANCO,HUANTA,AYACUCHO,2394,3.7362015636848964,2.9394587127959353,True,00003676,354.0,rural
218889,Totora,0,050402,0504,05,AYAHUANCO,HUANTA,AYACUCHO,4008,,,False,,891.2,rural
246642,Jatunllamanioc,0,050402,0504,05,AYAHUANCO,HUANTA,AYACUCHO,4088,60.64925867458126,45.74065736235153,True,00003676,618.8,rural
514671,Pulpito Alto,0,050408,0504,05,LLOCHEGUA,HUANTA,AYACUCHO,1258,38.43184793829746,22.89466556909996,True,00034687,881.1,rural
617901,Chupa Corral,0,050402,0504,05,AYAHUANCO,HUANTA,AYACUCHO,3049,,,False,,1396.2,rural
546613,Pueblo Nuevo Santa Rosa,0,050408,0504,05,LLOCHEGUA,HUANTA,AYACUCHO,592,5.233350934144412,4.906097120734979,True,00034687,384.5,rural
535146,Periavente Alta,0,050408,0504,05,LLOCHEGUA,HUANTA,AYACUCHO,574,,,False,,420.8,rural
543878,Peña Verde Alto,0,050408,0504,05,LLOCHEGUA,HUANTA,AYACUCHO,673,,,False,,391.5,rural
541483,Llactapata,0,050411,0504,05,PUCACOLPA,HUANTA,AYACUCHO,3410,95.63986185837366,52.04379398414967,True,00003676,281.4,rural
539197,Huarcatan,0,050411,0504,05,PUCACOLPA,HUANTA,AYACUCHO,3503,72.61705968217349,40.532392896049586,True,00003676,1879.4,rural
521656,Cedro,0,050411,0504,05,PUCACOLPA,HUANTA,AYACUCHO,3434,120.00353484426977,64.22563047709774,True,00003676,131.5,rural
239636,Huallhua,3,050411,0504,05,PUCACOLPA,HUANTA,AYACUCHO,3480,117.56622388423564,63.00697499708067,True,00003676,587.3,rural
533662,Leslepata,0,050411,0504,05,PUCACOLPA,HUANTA,AYACUCHO,3380,89.69907540371514,49.07340075682041,True,00003676,124.8,rural
569217,Tambopacocha,0,050411,0504,05,PUCACOLPA,HUANTA,AYACUCHO,3874,,,False,,813.7,rural
546608,Ingahuasi,0,050411,0504,05,PUCACOLPA,HUANTA,AYACUCHO,3882,,,False,,362.4,rural
535663,Junin Libertad,0,050408,0504,05,LLOCHEGUA,HUANTA,AYACUCHO,1136,34.29775923300627,20.1402922113884,True,00034687,367.0,rural
217285,Ipabamba,0,050408,0504,05,LLOCHEGUA,HUANTA,AYACUCHO,1138,34.29775923300627,20.1402922113884,True,00034687,397.5,rural
121005,Noa,0,050411,0504,05,PUCACOLPA,HUANTA,AYACUCHO,3681,,,False,,576.2,rural
215127,Rio Seco,0,050411,0504,05,PUCACOLPA,HUANTA,AYACUCHO,673,,,False,,448.2,rural
234222,Luichupata,0,050411,0504,05,PUCACOLPA,HUANTA,AYACUCHO,3837,,,False,,595.7,rural
619306,Villa Virgen Alta,0,050409,0504,05,CANAYRE,HUANTA,AYACUCHO,502,30.0270463281427,29.590870067876867,True,00034687,1429.7,rural
614018,Union Mantaro,0,050409,0504,05,CANAYRE,HUANTA,AYACUCHO,535,38.909699434353335,38.57457887451715,True,00034687,511.9,rural
228830,Orcohuasi,0,050411,0504,05,PUCACOLPA,HUANTA,AYACUCHO,796,,,False,,1787.7,rural
573294,El Pacifico,0,050409,0504,05,CANAYRE,HUANTA,AYACUCHO,506,44.43501425341114,43.98678296088322,True,00034687,274.3,rural
656854,Chiricc,0,050407,0504,05,SIVIA,HUANTA,AYACUCHO,3748,,,False,,263.0,rural
656855,Irquis,0,050407,0504,05,SIVIA,HUANTA,AYACUCHO,3627,,,False,,804.8,rural
656858,Tunkipukiu,0,050407,0504,05,SIVIA,HUANTA,AYACUCHO,1372,,,False,,452.2,rural
662474,Tambobamba Patachuya,0,050402,0504,05,AYAHUANCO,HUANTA,AYACUCHO,2259,8.670576629213183,5.406646245560078,True,00003676,105.6,rural
662370,Viscatan Pata,0,050406,0504,05,SANTILLANA,HUANTA,AYACUCHO,3740,,,False,,203.2,rural
662382,Nuevo Amanecer,0,050408,0504,05,LLOCHEGUA,HUANTA,AYACUCHO,821,24.633160894921673,13.697226652665337,True,00034687,572.9,rural
662387,Chola Baja,0,050407,0504,05,SIVIA,HUANTA,AYACUCHO,872,41.18897546210785,21.97513393625843,True,00034687,141.3,rural
662884,Utcuccasa,0,050402,0504,05,AYAHUANCO,HUANTA,AYACUCHO,3777,,,False,,920.1,rural
662888,Yanaqocha I,0,050411,0504,05,PUCACOLPA,HUANTA,AYACUCHO,3865,,,False,,245.9,rural
662897,Pallcca,0,050411,0504,05,PUCACOLPA,HUANTA,AYACUCHO,3797,,,False,,693.4,rural
662900,Cedro Pata,0,050411,0504,05,PUCACOLPA,HUANTA,AYACUCHO,3309,107.7014872027935,58.07460665635959,True,00003676,158.7,rural
662901,Ranra Puquio,0,050411,0504,05,PUCACOLPA,HUANTA,AYACUCHO,2984,108.11157070248186,58.27964840620376,True,00003676,43.6,rural
662903,Anco Quichka,0,050411,0504,05,PUCACOLPA,HUANTA,AYACUCHO,3065,108.67142631627536,58.55957621310051,True,00003676,105.6,rural
662906,Llamanniyuq,0,050402,0504,05,AYAHUANCO,HUANTA,AYACUCHO,4022,60.64925867458126,45.74065736235153,True,00003676,485.1,rural
653845,Capote,0,050407,0504,05,SIVIA,HUANTA,AYACUCHO,1179,80.54171597396711,47.6627772120141,True,00034687,173.9,rural
232702,Mama,0,050407,0504,05,SIVIA,HUANTA,AYACUCHO,3600,,,False,,73.0,rural
225230,Mayapo,0,050408,0504,05,LLOCHEGUA,HUANTA,AYACUCHO,505,14.110166095345752,13.467792493231022,True,00034687,893.1,rural
674164,Caballuyocc,0,050402,0504,05,AYAHUANCO,HUANTA,AYACUCHO,3727,,,False,,1693.6,rural
536483,Coronel Portillo,0,050409,0504,05,CANAYRE,HUANTA,AYACUCHO,606,38.5587854380753,30.841792823345887,True,00034687,360.7,rural
237583,Ramadilla,0,050409,0504,05,CANAYRE,HUANTA,AYACUCHO,990,,,False,,1393.2,rural
528361,Patapata,0,050402,0504,05,AYAHUANCO,HUANTA,AYACUCHO,3910,,,False,,207.9,rural
116142,Minasjasa,0,050407,0504,05,SIVIA,HUANTA,AYACUCHO,3501,,,False,,47.7,rural
115567,Ayahuanco,0,050402,0504,05,AYAHUANCO,HUANTA,AYACUCHO,3392,23.701415050853026,19.359657947126784,True,00003676,59.4,rural
684046,Mosobamba,0,050411,0504,05,PUCACOLPA,HUANTA,AYACUCHO,1720,,,False,,3050.1,urbano
686079,Mejorada,0,050407,0504,05,SIVIA,HUANTA,AYACUCHO,1362,40.99435883650754,25.146145539516276,True,00003775,291.1,rural
686100,Sanabamba,0,050411,0504,05,PUCACOLPA,HUANTA,AYACUCHO,1651,,,False,,1233.9,rural
692172,Santa Rosa,0,050408,0504,05,LLOCHEGUA,HUANTA,AYACUCHO,1295,51.41432134878539,31.549647842758574,True,00034687,522.8,rural
682870,Comunidad de Sanquirhuato,0,050503,0505,05,AYNA,LA MAR,AYACUCHO,780,3.777207112324229,3.0456572863740763,True,00003754,981.5,rural
610948,Nazareth Alta,0,050407,0504,05,SIVIA,HUANTA,AYACUCHO,705,11.115392814739572,10.727753224228463,True,00003770,75.6,rural
613848,Santa Cruz de Rosario,0,050503,0505,05,AYNA,LA MAR,AYACUCHO,1029,9.353238589074218,10.794356706788722,True,00017154,803.5,rural
549651,Monterrico,0,050503,0505,05,AYNA,LA MAR,AYACUCHO,1113,,,False,,229.5,rural
121341,San Francisco,3,050503,0505,05,AYNA,LA MAR,AYACUCHO,584,0.25248056471862396,0.12624028235931198,True,00026918,0.0,rural
231880,Matucana Baja,0,050407,0504,05,SIVIA,HUANTA,AYACUCHO,757,4.905506575799922,4.77568389670815,True,00003775,493.3,rural
548640,Gloria Pata,0,050407,0504,05,SIVIA,HUANTA,AYACUCHO,1183,8.83889306270119,4.721779836102927,True,00003775,423.2,rural
549563,Bella Esmeralda,0,050407,0504,05,SIVIA,HUANTA,AYACUCHO,981,3.8911863838542433,2.6769734987427602,True,00003775,575.6,rural
623953,Los Angeles,0,050503,0505,05,AYNA,LA MAR,AYACUCHO,563,18.10469974743497,14.661680650549826,True,00017154,780.6,rural
119863,Sevite Baja,0,050407,0504,05,SIVIA,HUANTA,AYACUCHO,543,7.327303486806662,7.327303486806664,True,00003770,303.0,rural
549646,San Cristobal,0,050408,0504,05,LLOCHEGUA,HUANTA,AYACUCHO,524,0.9742408167885214,0.531258460857326,True,00034687,954.2,rural
510083,Compañia Alta,0,050407,0504,05,SIVIA,HUANTA,AYACUCHO,1239,10.902010767190086,9.760048957924552,True,00003775,588.4,rural
625568,Santa Rosa Baja,0,050407,0504,05,SIVIA,HUANTA,AYACUCHO,843,8.918008057321158,8.815170335536063,True,00003770,487.8,rural
237429,Granja Sivia,0,050407,0504,05,SIVIA,HUANTA,AYACUCHO,572,9.643357796602272,7.995888753273647,True,00003770,279.3,rural
533013,Nueva Union,0,050407,0504,05,SIVIA,HUANTA,AYACUCHO,680,1.3991273119681666,1.2962895901830698,True,00003770,237.2,rural
649718,Pampa Aurora,0,050407,0504,05,SIVIA,HUANTA,AYACUCHO,548,1.375937195835932,0.9789803826618788,True,00003770,129.5,rural
246157,Mana,0,050407,0504,05,SIVIA,HUANTA,AYACUCHO,1091,27.309806359221803,15.08590065851019,True,00003770,599.7,rural
239675,Puerto Acon,0,050408,0504,05,LLOCHEGUA,HUANTA,AYACUCHO,537,5.098258834531146,4.87436700013243,True,00034687,404.4,rural
662506,Monterrico Alta el Progreso,0,050503,0505,05,AYNA,LA MAR,AYACUCHO,1209,,,False,,275.1,rural
662507,Pueblo Libre,0,050503,0505,05,AYNA,LA MAR,AYACUCHO,597,9.904341145376538,8.126380427660779,True,00003770,176.4,rural
653514,Miraflores,0,050503,0505,05,AYNA,LA MAR,AYACUCHO,613,0.4480523696825873,0.35511685965104733,True,00003754,1022.1,rural
214211,Siato,0,050503,0505,05,AYNA,LA MAR,AYACUCHO,678,2.763203213996002,2.1053845610728836,True,00017154,1566.1,rural
683795,Vista Alegre,0,050407,0504,05,SIVIA,HUANTA,AYACUCHO,632,3.214491232191025,1.8069972021019627,True,00003770,1565.5,rural
686085,Nueva Generacion,0,050407,0504,05,SIVIA,HUANTA,AYACUCHO,612,9.006453613771871,8.782561779373157,True,00034687,198.0,rural
682633,Mango Verde,0,250201,2502,25,RAIMONDI,ATALAYA,UCAYALI,783,194.95265228934485,194.0725546531165,True,00031401,213.6,rural
682345,Nuevo Amanecer Hawai,0,250201,2502,25,RAIMONDI,ATALAYA,UCAYALI,1682,206.46874735886803,193.57418827177833,True,00031401,357.2,rural
621769,Centro Selva Quirishari,0,250201,2502,25,RAIMONDI,ATALAYA,UCAYALI,1336,119.01868137825126,118.1604419847701,True,00031401,482.1,rural
691963,Buena Vista,0,250201,2502,25,RAIMONDI,ATALAYA,UCAYALI,1309,138.99575827353704,132.6518108123618,True,00031401,190.0,rural
691969,Grano De Oro,0,250201,2502,25,RAIMONDI,ATALAYA,UCAYALI,1413,,,False,,403.1,rural
691989,Union Centro Ucayali,0,250201,2502,25,RAIMONDI,ATALAYA,UCAYALI,1352,,,False,,177.5,rural
659689,Barrio Palmeras,0,250202,2502,25,SEPAHUA,ATALAYA,UCAYALI,282,,,False,,201.0,rural
244900,Dos de Mayo,0,250202,2502,25,SEPAHUA,ATALAYA,UCAYALI,284,,,False,,933.5,rural
612296,San Felipe,0,250202,2502,25,SEPAHUA,ATALAYA,UCAYALI,295,,,False,,105.0,rural
538704,Santa Elena,0,250202,2502,25,SEPAHUA,ATALAYA,UCAYALI,280,,,False,,79.5,rural
117939,Shamboyacu,0,250202,2502,25,SEPAHUA,ATALAYA,UCAYALI,298,,,False,,218.8,rural
676244,Polerja,0,250202,2502,25,SEPAHUA,ATALAYA,UCAYALI,302,,,False,,645.7,rural
216979,Mendoza,0,250202,2502,25,SEPAHUA,ATALAYA,UCAYALI,295,,,False,,229.1,rural
410028,Curva del Diablo,0,250202,2502,25,SEPAHUA,ATALAYA,UCAYALI,332,,,False,,956.2,rural
533759,San Pablo,0,250202,2502,25,SEPAHUA,ATALAYA,UCAYALI,268,,,False,,303.0,rural
619031,Nuevo Progreso,0,250202,2502,25,SEPAHUA,ATALAYA,UCAYALI,291,,,False,,7.9,rural
543923,Nueva Luz,0,250202,2502,25,SEPAHUA,ATALAYA,UCAYALI,312,,,False,,386.2,rural
551137,Sensa,0,250202,2502,25,SEPAHUA,ATALAYA,UCAYALI,314,,,False,,415.1,rural
529896,Union Miraflores Capirona,0,250202,2502,25,SEPAHUA,ATALAYA,UCAYALI,289,,,False,,245.8,rural
243193,Capirona,0,250202,2502,25,SEPAHUA,ATALAYA,UCAYALI,316,,,False,,1857.7,rural
521282,Sancha,0,250202,2502,25,SEPAHUA,ATALAYA,UCAYALI,294,,,False,,264.2,rural
655632,Nueva Orellana,0,250202,2502,25,SEPAHUA,ATALAYA,UCAYALI,288,,,False,,63.4,rural
691998,Gavilan,0,250202,2502,25,SEPAHUA,ATALAYA,UCAYALI,290,,,False,,131.3,rural
245403,Pongo Fonografo,0,250202,2502,25,SEPAHUA,ATALAYA,UCAYALI,389,,,False,,554.0,rural
237812,Sungaro,0,250202,2502,25,SEPAHUA,ATALAYA,UCAYALI,354,,,False,,501.9,rural
221526,Pongo Farol,0,250202,2502,25,SEPAHUA,ATALAYA,UCAYALI,358,,,False,,1443.9,rural
620465,Tyoni,0,250201,2502,25,RAIMONDI,ATALAYA,UCAYALI,1906,,,False,,58.4,rural
683619,Villacorta,0,250201,2502,25,RAIMONDI,ATALAYA,UCAYALI,1874,,,False,,152.7,rural
655651,Santeni,0,250201,2502,25,RAIMONDI,ATALAYA,UCAYALI,1110,,,False,,50.7,rural
655652,Matsontsorini,0,250201,2502,25,RAIMONDI,ATALAYA,UCAYALI,1289,,,False,,311.5,rural
655650,Tsimiari,0,250201,2502,25,RAIMONDI,ATALAYA,UCAYALI,1222,,,False,,137.8,rural
659682,Divina Montaña,0,250201,2502,25,RAIMONDI,ATALAYA,UCAYALI,304,,,False,,179.8,rural
659680,Nuevo Progreso,0,250201,2502,25,RAIMONDI,ATALAYA,UCAYALI,198,,,False,,166.6,rural
565965,Jose Olaya,0,250201,2502,25,RAIMONDI,ATALAYA,UCAYALI,205,,,False,,98.6,rural
117694,Mision Unini,0,250201,2502,25,RAIMONDI,ATALAYA,UCAYALI,246,39.51497731893841,39.47811808119434,True,00031401,84.9,rural
573674,Bajo Tariza,0,250201,2502,25,RAIMONDI,ATALAYA,UCAYALI,1126,,,False,,343.0,rural
653408,Vista Alegre,0,250201,2502,25,RAIMONDI,ATALAYA,UCAYALI,247,,,False,,130.5,rural
547265,Ponte Vedra,0,250201,2502,25,RAIMONDI,ATALAYA,UCAYALI,187,,,False,,368.4,rural
675515,Matzontzoreni,0,250201,2502,25,RAIMONDI,ATALAYA,UCAYALI,1208,,,False,,274.9,rural
622728,Bajo Shimpi,0,250201,2502,25,RAIMONDI,ATALAYA,UCAYALI,514,54.711728243710844,54.37490874959674,True,00031401,1449.4,rural
539595,Alto Sapani,0,250201,2502,25,RAIMONDI,ATALAYA,UCAYALI,416,,,False,,302.7,rural
410026,Anaquiari,0,250201,2502,25,RAIMONDI,ATALAYA,UCAYALI,300,,,False,,161.3,rural
524435,Alto Chipani / Santanari / Santaniari,0,250201,2502,25,RAIMONDI,ATALAYA,UCAYALI,1019,,,False,,673.0,rural
311251,Tyoni,0,250201,2502,25,RAIMONDI,ATALAYA,UCAYALI,1222,,,False,,298.7,rural
550583,Centro Selva Corintoni,0,250201,2502,25,RAIMONDI,ATALAYA,UCAYALI,1176,,,False,,103.5,rural
547413,Sheremashi,0,250201,2502,25,RAIMONDI,ATALAYA,UCAYALI,231,,,False,,50.6,rural
528967,Elchini,0,250201,2502,25,RAIMONDI,ATALAYA,UCAYALI,1494,,,False,,350.5,rural
512691,Mancoite,0,250201,2502,25,RAIMONDI,ATALAYA,UCAYALI,1839,,,False,,267.2,rural
525384,Catoteni,0,250201,2502,25,RAIMONDI,ATALAYA,UCAYALI,1051,177.95243950007884,136.31180204053453,True,00031401,180.1,rural
311444,Chequitavo,0,250201,2502,25,RAIMONDI,ATALAYA,UCAYALI,1276,204.15196229316632,149.41156343707829,True,00031401,20.0,rural
311012,Tzivetari,0,250201,2502,25,RAIMONDI,ATALAYA,UCAYALI,237,,,False,,440.7,rural
250339,Bello Horizonte,0,250201,2502,25,RAIMONDI,ATALAYA,UCAYALI,1270,204.15196229316632,149.41156343707829,True,00031401,187.6,rural
250383,Sapani Boca,0,250201,2502,25,RAIMONDI,ATALAYA,UCAYALI,999,159.20959663820614,126.94038060959824,True,00031401,286.4,rural
515447,Quechitavo,0,250201,2502,25,RAIMONDI,ATALAYA,UCAYALI,1005,161.18769010524773,127.929427343119,True,00031401,81.1,rural
527817,Bajo Chencoreni,0,250201,2502,25,RAIMONDI,ATALAYA,UCAYALI,1164,,,False,,89.2,rural
410088,Pensilvania,0,250201,2502,25,RAIMONDI,ATALAYA,UCAYALI,217,,,False,,123.8,rural
616080,Centro Selva Quipachari,0,250201,2502,25,RAIMONDI,ATALAYA,UCAYALI,1826,,,False,,501.8,rural
520408,Alto Chencoreni,0,250201,2502,25,RAIMONDI,ATALAYA,UCAYALI,1242,,,False,,217.0,rural
621520,Tsibetari,0,250201,2502,25,RAIMONDI,ATALAYA,UCAYALI,232,,,False,,67.4,rural
555913,Boca Apinihua,0,250201,2502,25,RAIMONDI,ATALAYA,UCAYALI,202,,,False,,215.5,rural
311271,Shenontiari,0,250201,2502,25,RAIMONDI,ATALAYA,UCAYALI,365,,,False,,254.9,rural
616662,Novoa,0,250201,2502,25,RAIMONDI,ATALAYA,UCAYALI,199,,,False,,55.5,rural
410079,Bellavista,0,250201,2502,25,RAIMONDI,ATALAYA,UCAYALI,214,,,False,,349.7,rural
684114,Union Selva Alto Shintivani,0,250201,2502,25,RAIMONDI,ATALAYA,UCAYALI,823,90.61943604388144,89.7611966504003,True,00031401,946.2,rural
684116,Los Cedros,0,250201,2502,25,RAIMONDI,ATALAYA,UCAYALI,1391,,,False,,274.5,rural
691951,Chengari,0,250201,2502,25,RAIMONDI,ATALAYA,UCAYALI,1163,,,False,,638.3,rural
691981,Palmeras,0,250201,2502,25,RAIMONDI,ATALAYA,UCAYALI,217,,,False,,78.2,rural
691986,Santa Rosa De Catsingari,0,250201,2502,25,RAIMONDI,ATALAYA,UCAYALI,1347,,,False,,210.8,rural
655620,Centro Sabaluyo,0,250201,2502,25,RAIMONDI,ATALAYA,UCAYALI,219,,,False,,380.7,rural
311199,Sapani,0,250201,2502,25,RAIMONDI,ATALAYA,UCAYALI,223,15.918176075904444,15.88131683816037,True,00031401,197.4,rural
311160,Aerija,0,250201,2502,25,RAIMONDI,ATALAYA,UCAYALI,233,5.50310008636784,5.092140755635066,True,00031401,803.6,rural
127625,Atalaya,2,250201,2502,25,RAIMONDI,ATALAYA,UCAYALI,219,0.4537344346004293,0.2268672173002147,True,00021495,4200.6,urbano
554912,Nueva Primavera,0,250201,2502,25,RAIMONDI,ATALAYA,UCAYALI,234,,,False,,1102.1,rural
676243,Fundo Villa Real,0,250201,2502,25,RAIMONDI,ATALAYA,UCAYALI,229,,,False,,542.0,rural
311241,Nueva Union de Chicosillo,0,250201,2502,25,RAIMONDI,ATALAYA,UCAYALI,213,,,False,,551.9,rural
529412,Cruzeiro,0,250201,2502,25,RAIMONDI,ATALAYA,UCAYALI,199,,,False,,216.6,rural
231530,Pitza,0,250201,2502,25,RAIMONDI,ATALAYA,UCAYALI,564,33.64949156949026,33.312672075376156,True,00031401,1697.2,rural
543161,Sabaluyo,0,250201,2502,25,RAIMONDI,ATALAYA,UCAYALI,225,,,False,,79.6,rural
231030,San Antonio,0,250201,2502,25,RAIMONDI,ATALAYA,UCAYALI,229,1.9953302252052727,1.8537875554559515,True,00031401,2808.4,urbano
233371,Sapani Centro,0,250201,2502,25,RAIMONDI,ATALAYA,UCAYALI,248,20.642784298690376,18.947430270845217,True,00031401,629.5,rural
311102,Serjali,0,250201,2502,25,RAIMONDI,ATALAYA,UCAYALI,232,,,False,,1031.4,rural
518516,Pampa Hermosa,0,250201,2502,25,RAIMONDI,ATALAYA,UCAYALI,232,,,False,,752.1,rural
555052,San Esteban,0,250201,2502,25,RAIMONDI,ATALAYA,UCAYALI,221,,,False,,528.4,rural
622039,Jorge Chavez,0,250201,2502,25,RAIMONDI,ATALAYA,UCAYALI,231,,,False,,642.1,rural
311013,Mapalca,0,250201,2502,25,RAIMONDI,ATALAYA,UCAYALI,240,,,False,,207.8,rural
550871,Santa Rosa de Laulate,0,250201,2502,25,RAIMONDI,ATALAYA,UCAYALI,221,11.186460580288648,11.14960134254458,True,00031401,395.8,rural
311364,Vista Alegre/Rosario,0,250201,2502,25,RAIMONDI,ATALAYA,UCAYALI,243,,,False,,779.7,rural
311140,Union San Francisco,0,250201,2502,25,RAIMONDI,ATALAYA,UCAYALI,206,,,False,,377.3,rural
525038,Centro Apinihua,0,250201,2502,25,RAIMONDI,ATALAYA,UCAYALI,209,,,False,,74.6,rural
232775,Lagarto,0,250201,2502,25,RAIMONDI,ATALAYA,UCAYALI,212,,,False,,364.2,rural
311069,Sheyamashya,0,250201,2502,25,RAIMONDI,ATALAYA,UCAYALI,211,,,False,,523.6,rural
691953,Selva Verde,0,250201,2502,25,RAIMONDI,ATALAYA,UCAYALI,257,,,False,,200.0,rural
691954,Belen De Huao,0,250201,2502,25,RAIMONDI,ATALAYA,UCAYALI,226,,,False,,791.9,rural
691955,Primavera,0,250201,2502,25,RAIMONDI,ATALAYA,UCAYALI,219,,,False,,275.8,rural
691968,Fortaleza Kena Shiri,0,250201,2502,25,RAIMONDI,ATALAYA,UCAYALI,283,,,False,,712.5,rural
221906,Capajeriato,0,250201,2502,25,RAIMONDI,ATALAYA,UCAYALI,259,,,False,,191.3,rural
683036,Nueva Aldea,0,250202,2502,25,SEPAHUA,ATALAYA,UCAYALI,302,,,False,,43.3,rural
652370,Remoque,0,250202,2502,25,SEPAHUA,ATALAYA,UCAYALI,262,,,False,,88.3,rural
219975,Piquiri,0,250202,2502,25,SEPAHUA,ATALAYA,UCAYALI,268,,,False,,239.8,rural
110038,Pinria / Piquiria,0,250202,2502,25,SEPAHUA,ATALAYA,UCAYALI,272,,,False,,130.8,rural
235517,Boca Mapuya,0,250201,2502,25,RAIMONDI,ATALAYA,UCAYALI,263,,,False,,849.4,rural
229008,San Luis de Inuya,0,250201,2502,25,RAIMONDI,ATALAYA,UCAYALI,259,,,False,,453.0,rural
132733,San Jose,0,250201,2502,25,RAIMONDI,ATALAYA,UCAYALI,295,,,False,,1551.0,rural
684057,Valle Verde,0,250202,2502,25,SEPAHUA,ATALAYA,UCAYALI,246,,,False,,139.6,rural
691970,Janavely,0,250201,2502,25,RAIMONDI,ATALAYA,UCAYALI,271,,,False,,191.4,rural
691999,Bellavista De Piquiria,0,250202,2502,25,SEPAHUA,ATALAYA,UCAYALI,266,,,False,,707.4,rural
621252,Nazaret,0,250203,2502,25,TAHUANIA,ATALAYA,UCAYALI,184,,,False,,164.6,rural
250268,Ollanta,0,250203,2502,25,TAHUANIA,ATALAYA,UCAYALI,172,,,False,,25.4,rural
614751,Samaren,0,250203,2502,25,TAHUANIA,ATALAYA,UCAYALI,180,,,False,,104.4,rural
655661,Nueva Fenicia,0,250203,2502,25,TAHUANIA,ATALAYA,UCAYALI,174,,,False,,249.1,rural
653627,Nuevo Celendin,0,250203,2502,25,TAHUANIA,ATALAYA,UCAYALI,178,,,False,,118.0,rural
616600,Shima,0,250203,2502,25,TAHUANIA,ATALAYA,UCAYALI,172,,,False,,573.5,rural
547922,Santa Ana,0,250203,2502,25,TAHUANIA,ATALAYA,UCAYALI,166,,,False,,521.8,rural
410048,San Fernando de Vainilla,0,250203,2502,25,TAHUANIA,ATALAYA,UCAYALI,170,,,False,,128.6,rural
216148,Tumbuya,0,250203,2502,25,TAHUANIA,ATALAYA,UCAYALI,166,,,False,,116.7,rural
518650,Roca Fuerte,0,250203,2502,25,TAHUANIA,ATALAYA,UCAYALI,186,,,False,,255.5,rural
518705,Tupac Amaru,0,250203,2502,25,TAHUANIA,ATALAYA,UCAYALI,172,,,False,,277.5,rural
537397,Diobamba,0,250203,2502,25,TAHUANIA,ATALAYA,UCAYALI,180,,,False,,147.0,rural
410064,Chanchamayo,0,250203,2502,25,TAHUANIA,ATALAYA,UCAYALI,185,,,False,,41.0,rural
653663,Nueva Jerusalen,0,250203,2502,25,TAHUANIA,ATALAYA,UCAYALI,180,,,False,,700.9,rural
682205,Las Brisas,0,250203,2502,25,TAHUANIA,ATALAYA,UCAYALI,179,,,False,,553.4,rural
546640,Pandishari,0,250203,2502,25,TAHUANIA,ATALAYA,UCAYALI,217,,,False,,586.8,rural
626685,Isla Cuegua Muerto,0,250203,2502,25,TAHUANIA,ATALAYA,UCAYALI,174,,,False,,170.9,rural
618372,Villa Aurora,0,250203,2502,25,TAHUANIA,ATALAYA,UCAYALI,156,,,False,,264.1,rural
617758,Isla Chumichina,0,250203,2502,25,TAHUANIA,ATALAYA,UCAYALI,192,,,False,,87.2,rural
619597,Magnolia,0,250203,2502,25,TAHUANIA,ATALAYA,UCAYALI,193,,,False,,64.1,rural
612502,Muenshua,0,250203,2502,25,TAHUANIA,ATALAYA,UCAYALI,193,,,False,,186.7,rural
250793,Mozote,0,250203,2502,25,TAHUANIA,ATALAYA,UCAYALI,171,,,False,,106.2,rural
613366,Estiron,0,250203,2502,25,TAHUANIA,ATALAYA,UCAYALI,179,,,False,,168.0,rural
612051,Laredo,0,250203,2502,25,TAHUANIA,ATALAYA,UCAYALI,178,,,False,,195.1,rural
625105,Vida Nueva,0,250203,2502,25,TAHUANIA,ATALAYA,UCAYALI,177,,,False,,127.7,rural
211230,Mencoriari,0,250201,2502,25,RAIMONDI,ATALAYA,UCAYALI,228,,,False,,550.4,rural
680699,Chorinashi,0,250201,2502,25,RAIMONDI,ATALAYA,UCAYALI,263,,,False,,767.4,rural
612176,Huicungo,0,250203,2502,25,TAHUANIA,ATALAYA,UCAYALI,239,,,False,,383.9,rural
612492,Puerto Esperanza,0,250203,2502,25,TAHUANIA,ATALAYA,UCAYALI,265,,,False,,819.9,rural
691973,Mashasha,0,250201,2502,25,RAIMONDI,ATALAYA,UCAYALI,283,,,False,,1278.0,rural
535119,San Gregorio,0,250204,2502,25,YURUA,ATALAYA,UCAYALI,323,,,False,,322.3,rural
624810,Nueva Luz de Arana,0,250204,2502,25,YURUA,ATALAYA,UCAYALI,281,,,False,,651.4,rural
524761,Yarapa,0,250103,2501,25,IPARIA,CORONEL PORTILLO,UCAYALI,322,,,False,,514.7,rural
691937,Capirushari,0,250103,2501,25,IPARIA,CORONEL PORTILLO,UCAYALI,353,,,False,,330.3,rural
653664,Nueva Bella,0,250204,2502,25,YURUA,ATALAYA,UCAYALI,272,,,False,,182.7,rural
681925,Nuevo Eden,0,250204,2502,25,YURUA,ATALAYA,UCAYALI,288,,,False,,914.4,rural
548043,Santarin,0,250401,2504,25,PURUS,PURUS,UCAYALI,299,,,False,,224.0,rural
680708,El Triunfo,0,250401,2504,25,PURUS,PURUS,UCAYALI,257,,,False,,147.8,rural
546155,Moronahua,0,250401,2504,25,PURUS,PURUS,UCAYALI,358,,,False,,676.9,rural
522084,Puerto Piquinique,0,250401,2504,25,PURUS,PURUS,UCAYALI,241,,,False,,136.3,rural
246585,Gastabala,0,250401,2504,25,PURUS,PURUS,UCAYALI,275,,,False,,86.6,rural
649729,Nueva Vida,0,250401,2504,25,PURUS,PURUS,UCAYALI,262,,,False,,117.2,rural
620303,Nueva Esperanza,0,250401,2504,25,PURUS,PURUS,UCAYALI,248,,,False,,341.1,rural
524198,Zapote,0,250401,2504,25,PURUS,PURUS,UCAYALI,238,,,False,,168.3,rural
653677,Nuevo Progreso,0,250401,2504,25,PURUS,PURUS,UCAYALI,262,,,False,,51.2,rural
531540,Sharanchu,0,250401,2504,25,PURUS,PURUS,UCAYALI,289,,,False,,167.9,rural
682120,Puerto Betel,0,250401,2504,25,PURUS,PURUS,UCAYALI,259,,,False,,24.7,rural
532887,San Pablo,0,250401,2504,25,PURUS,PURUS,UCAYALI,267,,,False,,31.6,rural
245729,Fundo Hidrolux,0,250401,2504,25,PURUS,PURUS,UCAYALI,260,,,False,,121.8,rural
692077,Progreso,0,250401,2504,25,PURUS,PURUS,UCAYALI,252,,,False,,65.4,rural
657621,Bajo Guayabal,0,250301,2503,25,PADRE ABAD,PADRE ABAD,UCAYALI,382,,,False,,896.5,rural
519316,Manajeni,0,250103,2501,25,IPARIA,CORONEL PORTILLO,UCAYALI,415,,,False,,686.6,rural
624587,Nuevo Shahuaya,0,250203,2502,25,TAHUANIA,ATALAYA,UCAYALI,184,,,False,,139.0,rural
250355,Tres unidos,0,250203,2502,25,TAHUANIA,ATALAYA,UCAYALI,161,,,False,,115.4,rural
250455,Manchari,0,250103,2501,25,IPARIA,CORONEL PORTILLO,UCAYALI,172,,,False,,455.4,rural
626080,Nuevo Olaya,0,250203,2502,25,TAHUANIA,ATALAYA,UCAYALI,182,,,False,,236.8,rural
515661,Juancito,0,250103,2501,25,IPARIA,CORONEL PORTILLO,UCAYALI,157,,,False,,467.1,rural
551105,Colonia del Caco,0,250103,2501,25,IPARIA,CORONEL PORTILLO,UCAYALI,161,,,False,,171.6,rural
534216,Edith,0,250103,2501,25,IPARIA,CORONEL PORTILLO,UCAYALI,168,,,False,,94.0,rural
512191,Cardenas,0,250103,2501,25,IPARIA,CORONEL PORTILLO,UCAYALI,172,,,False,,37.6,rural
250157,Bajo Masisea,0,250103,2501,25,IPARIA,CORONEL PORTILLO,UCAYALI,157,,,False,,86.2,rural
683023,Shamaya,0,250103,2501,25,IPARIA,CORONEL PORTILLO,UCAYALI,169,,,False,,63.3,rural
553635,Nueva Claridad de Bambu,0,250203,2502,25,TAHUANIA,ATALAYA,UCAYALI,179,,,False,,384.2,rural
410042,Ramon Castilla,0,250103,2501,25,IPARIA,CORONEL PORTILLO,UCAYALI,174,,,False,,306.4,rural
551029,Caco Macaya,0,250103,2501,25,IPARIA,CORONEL PORTILLO,UCAYALI,165,,,False,,485.0,rural
529130,Pueblo Nuevo del Caco,0,250103,2501,25,IPARIA,CORONEL PORTILLO,UCAYALI,169,,,False,,574.4,rural
233865,Nuevo Nazareth,0,250103,2501,25,IPARIA,CORONEL PORTILLO,UCAYALI,161,,,False,,81.6,rural
211608,Amaquiria,0,250103,2501,25,IPARIA,CORONEL PORTILLO,UCAYALI,159,,,False,,806.2,rural
533287,Genespatea,0,250203,2502,25,TAHUANIA,ATALAYA,UCAYALI,170,,,False,,54.8,rural
691934,Monte Sion,0,250103,2501,25,IPARIA,CORONEL PORTILLO,UCAYALI,203,,,False,,212.4,rural
691939,Tigre Yacu,0,250103,2501,25,IPARIA,CORONEL PORTILLO,UCAYALI,170,,,False,,265.1,rural
550816,Nueva Esperanza,0,250103,2501,25,IPARIA,CORONEL PORTILLO,UCAYALI,225,,,False,,979.5,rural
614617,Flor de Chengari,0,250203,2502,25,TAHUANIA,ATALAYA,UCAYALI,229,,,False,,397.6,rural
523691,Nueva Alianza de Sheshea,0,250103,2501,25,IPARIA,CORONEL PORTILLO,UCAYALI,191,,,False,,268.0,rural
232933,Parantari,0,250103,2501,25,IPARIA,CORONEL PORTILLO,UCAYALI,272,,,False,,1218.0,rural
517699,Nueva Claridad de Bambu,0,250203,2502,25,TAHUANIA,ATALAYA,UCAYALI,218,,,False,,401.8,rural
526441,Nueva Victoria,0,250204,2502,25,YURUA,ATALAYA,UCAYALI,262,,,False,,508.9,rural
617152,Bacapishtea,0,250204,2502,25,YURUA,ATALAYA,UCAYALI,275,,,False,,274.3,rural
533354,Rivera del Rio / Boca Huacapishtea,0,250204,2502,25,YURUA,ATALAYA,UCAYALI,277,,,False,,32.5,rural
619557,Km. 2,0,250204,2502,25,YURUA,ATALAYA,UCAYALI,253,,,False,,151.4,rural
524061,Tipishca,0,250204,2502,25,YURUA,ATALAYA,UCAYALI,242,,,False,,50.8,rural
544980,Puerto Breu,0,250204,2502,25,YURUA,ATALAYA,UCAYALI,249,,,False,,110.8,rural
619800,San Pablillo,0,250204,2502,25,YURUA,ATALAYA,UCAYALI,255,,,False,,218.4,rural
682118,Santana,0,250204,2502,25,YURUA,ATALAYA,UCAYALI,261,,,False,,291.3,rural
523829,Puerto Portillo,0,250204,2502,25,YURUA,ATALAYA,UCAYALI,302,,,False,,51.6,rural
540591,Deybi,0,250401,2504,25,PURUS,PURUS,UCAYALI,250,,,False,,233.4,rural
659694,Fundo San Juan,0,250401,2504,25,PURUS,PURUS,UCAYALI,225,,,False,,191.7,rural
515499,San Francisco,0,250401,2504,25,PURUS,PURUS,UCAYALI,238,,,False,,174.0,rural
565477,Flor de Mayo,0,250401,2504,25,PURUS,PURUS,UCAYALI,231,,,False,,109.0,rural
621305,San Martin de Porres,0,250401,2504,25,PURUS,PURUS,UCAYALI,241,,,False,,91.2,rural
218343,Catay,0,250401,2504,25,PURUS,PURUS,UCAYALI,236,,,False,,164.9,rural
649920,Salon de Shambuyacu,0,250401,2504,25,PURUS,PURUS,UCAYALI,220,,,False,,173.3,rural
573494,Nueva Alianza,0,250401,2504,25,PURUS,PURUS,UCAYALI,202,,,False,,123.5,rural
616960,Pankirentsi,0,250401,2504,25,PURUS,PURUS,UCAYALI,221,,,False,,109.9,rural
652383,Gran Viña de Purus,0,250401,2504,25,PURUS,PURUS,UCAYALI,249,,,False,,134.1,rural
679179,Javier,0,250401,2504,25,PURUS,PURUS,UCAYALI,232,,,False,,331.4,rural
250364,Nuevo Jardin,0,250401,2504,25,PURUS,PURUS,UCAYALI,238,,,False,,117.7,rural
692616,Jose Pardo,0,250401,2504,25,PURUS,PURUS,UCAYALI,210,,,False,,114.4,rural
531991,Nueva Palestina,0,250301,2503,25,PADRE ABAD,PADRE ABAD,UCAYALI,605,45.922917310052576,34.339656549259175,True,00036040,1558.3,rural
652375,Shambo,0,250301,2503,25,PADRE ABAD,PADRE ABAD,UCAYALI,295,45.606485084823404,30.291958487745937,True,00036040,86.3,rural
659662,Progreso de Santa Ana,0,250301,2503,25,PADRE ABAD,PADRE ABAD,UCAYALI,626,45.922917310052576,34.339656549259175,True,00036040,845.1,rural
659663,Mediacion,0,250301,2503,25,PADRE ABAD,PADRE ABAD,UCAYALI,339,,,False,,2002.0,urbano
569615,Andres Avelino Caceres,0,250301,2503,25,PADRE ABAD,PADRE ABAD,UCAYALI,291,,,False,,1195.2,rural
653679,Yamino,0,250301,2503,25,PADRE ABAD,PADRE ABAD,UCAYALI,298,46.051707675678294,30.514569783173386,True,00036040,86.3,rural
692025,Flor De Cafe,0,250301,2503,25,PADRE ABAD,PADRE ABAD,UCAYALI,1230,,,False,,1927.5,rural
692028,Manantial Nuevo Pacifico,0,250301,2503,25,PADRE ABAD,PADRE ABAD,UCAYALI,372,,,False,,575.7,rural
410059,Vista Alegre,0,250301,2503,25,PADRE ABAD,PADRE ABAD,UCAYALI,234,49.161793277490034,52.10879623064818,True,00036040,860.2,rural
532533,Nueva Chonta,0,250301,2503,25,PADRE ABAD,PADRE ABAD,UCAYALI,297,,,False,,603.9,rural
410057,Mar del Plata,0,250304,2503,25,NESHUYA,PADRE ABAD,UCAYALI,222,20.80789592171019,18.965777557898015,True,00005415,1388.1,rural
410077,Nueva Delicia,0,250301,2503,25,PADRE ABAD,PADRE ABAD,UCAYALI,266,22.879651813329584,12.32597500876397,True,00036040,481.3,rural
540024,Nueva Bellavista,0,250302,2503,25,IRAZOLA,PADRE ABAD,UCAYALI,227,13.17242287609751,13.602708617007467,True,00005396,643.3,rural
610295,Miraflores,0,250302,2503,25,IRAZOLA,PADRE ABAD,UCAYALI,259,19.400393227658903,21.256617816917935,True,00005396,481.9,rural
529894,Nuevo Horizonte,0,250302,2503,25,IRAZOLA,PADRE ABAD,UCAYALI,348,7.038689207013328,10.535841782465376,True,00005396,418.0,rural
616541,Valle Sagrado,0,250302,2503,25,IRAZOLA,PADRE ABAD,UCAYALI,218,15.28409082862128,9.949757987420133,True,00005396,616.3,rural
410030,Aguas Verdes,0,250301,2503,25,PADRE ABAD,PADRE ABAD,UCAYALI,347,23.53408111493858,33.45407787700664,True,00005396,1288.7,rural
530389,Nueva Irazola,0,250305,2503,25,ALEXANDER VON HUMBOLDT,PADRE ABAD,UCAYALI,267,19.15471536601462,23.86813783428761,True,00005396,721.6,rural
681836,Tarhuaquillo,0,250301,2503,25,PADRE ABAD,PADRE ABAD,UCAYALI,243,,,False,,220.1,rural
526151,Nueva Singa,0,250301,2503,25,PADRE ABAD,PADRE ABAD,UCAYALI,404,,,False,,527.0,rural
652805,Andres Avelino Caceres,0,250301,2503,25,PADRE ABAD,PADRE ABAD,UCAYALI,307,45.715749575153055,28.924615731072212,True,00036040,131.5,rural
652373,Primero de Mayo,0,250301,2503,25,PADRE ABAD,PADRE ABAD,UCAYALI,273,25.69291094681383,13.732604575506095,True,00036040,211.1,rural
652378,Villa el Salvador,0,250302,2503,25,IRAZOLA,PADRE ABAD,UCAYALI,295,,,False,,699.6,rural
683354,Alto Robles,0,250302,2503,25,IRAZOLA,PADRE ABAD,UCAYALI,205,36.069742043031205,18.89945830111357,True,00005396,478.5,rural
657430,Valle Pampa Hermosa,0,250302,2503,25,IRAZOLA,PADRE ABAD,UCAYALI,303,35.34793389143067,18.560116047814514,True,00036040,1230.1,rural
657434,Pandishal,0,250302,2503,25,IRAZOLA,PADRE ABAD,UCAYALI,248,29.968637211989183,35.184221019933595,True,00005396,810.7,rural
659659,Nuevo Paraiso,0,250301,2503,25,PADRE ABAD,PADRE ABAD,UCAYALI,244,80.47783117691834,43.6954400368313,True,00036040,272.8,rural
659664,Rio Negro,0,250301,2503,25,PADRE ABAD,PADRE ABAD,UCAYALI,305,,,False,,238.2,rural
659668,Bajo San Pedro,0,250301,2503,25,PADRE ABAD,PADRE ABAD,UCAYALI,279,,,False,,1295.8,rural
659670,El Porvenir,0,250302,2503,25,IRAZOLA,PADRE ABAD,UCAYALI,262,2.4061804884073448,2.7978995584780506,True,00005396,1314.9,rural
659671,Bandeja Poza,0,250302,2503,25,IRAZOLA,PADRE ABAD,UCAYALI,203,2.8485603523458685,1.4242801761729342,True,00005396,2757.1,urbano
227839,Chanantia,0,250302,2503,25,IRAZOLA,PADRE ABAD,UCAYALI,207,,,False,,767.2,rural
522336,Mariscal Caceres,0,250301,2503,25,PADRE ABAD,PADRE ABAD,UCAYALI,257,80.47783117691834,43.6954400368313,True,00036040,65.5,rural
574102,Barrio San Pedro,0,250301,2503,25,PADRE ABAD,PADRE ABAD,UCAYALI,327,3.9143846431230647,1.9571923215615328,True,00036040,7389.9,urbano
652742,Nueva Esperanza,0,250301,2503,25,PADRE ABAD,PADRE ABAD,UCAYALI,256,,,False,,388.9,rural
520209,Bellavista,0,250301,2503,25,PADRE ABAD,PADRE ABAD,UCAYALI,260,,,False,,253.1,rural
573141,Nuevo Progreso,0,250301,2503,25,PADRE ABAD,PADRE ABAD,UCAYALI,272,51.61595175075714,32.09010599891758,True,00036040,409.3,rural
410047,Mariela,0,250301,2503,25,PADRE ABAD,PADRE ABAD,UCAYALI,350,3.7316533789146598,2.7859126074546645,True,00036040,1386.0,rural
674703,Monterrey,0,250301,2503,25,PADRE ABAD,PADRE ABAD,UCAYALI,309,,,False,,305.5,rural
680693,Pueblo Libre,0,250302,2503,25,IRAZOLA,PADRE ABAD,UCAYALI,241,,,False,,515.9,rural
533903,Tangarana / Tahagarana,0,250301,2503,25,PADRE ABAD,PADRE ABAD,UCAYALI,306,,,False,,1060.3,rural
410050,Vista Alegre del Chia,0,250302,2503,25,IRAZOLA,PADRE ABAD,UCAYALI,209,27.800512745239907,15.366830247037306,True,00005396,113.3,rural
621043,El Arenal,0,250302,2503,25,IRAZOLA,PADRE ABAD,UCAYALI,197,36.069742043031205,18.89945830111357,True,00005396,75.8,rural
692018,Nuevo Jaen,0,250301,2503,25,PADRE ABAD,PADRE ABAD,UCAYALI,262,,,False,,155.5,rural
692019,Alto Zabalo,0,250301,2503,25,PADRE ABAD,PADRE ABAD,UCAYALI,292,,,False,,176.9,rural
692022,Zavalo,0,250301,2503,25,PADRE ABAD,PADRE ABAD,UCAYALI,312,36.68925857825236,36.61891800666347,True,00036040,159.0,rural
692033,Sector 6 De Marzo,0,250302,2503,25,IRAZOLA,PADRE ABAD,UCAYALI,232,36.62666605036238,19.77990689959854,True,00005396,69.9,rural
692043,Bambu,0,250302,2503,25,IRAZOLA,PADRE ABAD,UCAYALI,269,15.215266702170338,24.146376581416373,True,00005396,712.5,rural
692047,Impulso Amazonico,0,250302,2503,25,IRAZOLA,PADRE ABAD,UCAYALI,220,18.774463510453263,10.853805629643983,True,00005396,295.8,rural
692049,Katay,0,250302,2503,25,IRAZOLA,PADRE ABAD,UCAYALI,297,,,False,,1540.9,rural
692050,Las Piedras,0,250302,2503,25,IRAZOLA,PADRE ABAD,UCAYALI,247,13.169892966617281,15.72282013257698,True,00005396,686.7,rural
692054,Nueva Esperanza,0,250302,2503,25,IRAZOLA,PADRE ABAD,UCAYALI,247,,,False,,117.2,rural
692059,Santa Elenita,0,250302,2503,25,IRAZOLA,PADRE ABAD,UCAYALI,235,13.169892966617281,15.72282013257698,True,00005396,518.0,rural
692061,Union Cajamarca,0,250302,2503,25,IRAZOLA,PADRE ABAD,UCAYALI,243,46.975061926086966,24.954104837460832,True,00005396,117.1,rural
692063,Villarica,0,250302,2503,25,IRAZOLA,PADRE ABAD,UCAYALI,226,27.02904628121953,16.447014759765803,True,00005396,262.0,rural
692064,Sinchi Roca Ii,0,250302,2503,25,IRAZOLA,PADRE ABAD,UCAYALI,243,,,False,,732.9,rural
692076,Mishquiyacu,0,250305,2503,25,ALEXANDER VON HUMBOLDT,PADRE ABAD,UCAYALI,236,22.179910235807878,27.52023160249676,True,00005396,2887.4,urbano
626985,Tahuadillo,0,250103,2501,25,IPARIA,CORONEL PORTILLO,UCAYALI,250,,,False,,609.1,rural
115401,Santa Rosa,0,250103,2501,25,IPARIA,CORONEL PORTILLO,UCAYALI,164,,,False,,225.6,rural
615451,Los Angeles,0,250305,2503,25,ALEXANDER VON HUMBOLDT,PADRE ABAD,UCAYALI,217,30.290761512256136,25.740171842202034,True,00005415,313.6,rural
513577,Primavera,0,250305,2503,25,ALEXANDER VON HUMBOLDT,PADRE ABAD,UCAYALI,226,20.339930028733086,28.679954633810656,True,00005396,1485.8,rural
548174,Santa Isabelita,0,250103,2501,25,IPARIA,CORONEL PORTILLO,UCAYALI,164,,,False,,638.9,rural
535398,San Juan de Pumayacu,0,250102,2501,25,CAMPOVERDE,CORONEL PORTILLO,UCAYALI,237,33.93841317752461,24.397968666887405,True,00005415,255.9,rural
652806,Nuevo Progreso,0,250304,2503,25,NESHUYA,PADRE ABAD,UCAYALI,223,27.176872297286543,24.18322723471724,True,00005415,217.3,rural
410055,Jerusalen,0,250103,2501,25,IPARIA,CORONEL PORTILLO,UCAYALI,180,,,False,,563.6,rural
672307,Lote Cuatro Y Cinco de San Miguel De Se,0,250102,2501,25,CAMPOVERDE,CORONEL PORTILLO,UCAYALI,256,43.530794558157076,40.70874177450743,True,00005426,123.0,rural
520416,Eureca,0,250103,2501,25,IPARIA,CORONEL PORTILLO,UCAYALI,163,,,False,,73.8,rural
250226,Pumancaya,0,250103,2501,25,IPARIA,CORONEL PORTILLO,UCAYALI,158,,,False,,51.4,rural
214805,Pashaiminto / Pashaiminito,0,250104,2501,25,MASISEA,CORONEL PORTILLO,UCAYALI,156,,,False,,35.9,rural
622078,Puerto Purin,0,250104,2501,25,MASISEA,CORONEL PORTILLO,UCAYALI,156,,,False,,14.6,rural
533592,Pueblo Libre,0,250104,2501,25,MASISEA,CORONEL PORTILLO,UCAYALI,155,,,False,,219.7,rural
551306,Panuco,0,250104,2501,25,MASISEA,CORONEL PORTILLO,UCAYALI,161,,,False,,278.3,rural
514592,El Tambo,0,250104,2501,25,MASISEA,CORONEL PORTILLO,UCAYALI,156,,,False,,59.3,rural
534077,Señor de Los Milagros,0,250104,2501,25,MASISEA,CORONEL PORTILLO,UCAYALI,166,,,False,,60.3,rural
535886,Curimana,0,250104,2501,25,MASISEA,CORONEL PORTILLO,UCAYALI,158,,,False,,29.8,rural
122367,Santa Belita de Tabacoa,0,250103,2501,25,IPARIA,CORONEL PORTILLO,UCAYALI,162,,,False,,268.1,rural
653573,Puerto Libre,0,250103,2501,25,IPARIA,CORONEL PORTILLO,UCAYALI,157,,,False,,126.4,rural
659627,Nuevo Porvenir,0,250104,2501,25,MASISEA,CORONEL PORTILLO,UCAYALI,156,,,False,,464.0,rural
245278,Puerto Belen,0,250103,2501,25,IPARIA,CORONEL PORTILLO,UCAYALI,160,,,False,,607.5,rural
239295,Puerto Grau,0,250103,2501,25,IPARIA,CORONEL PORTILLO,UCAYALI,163,,,False,,15.6,rural
242568,Nueva Samaria,0,250103,2501,25,IPARIA,CORONEL PORTILLO,UCAYALI,160,,,False,,40.4,rural
539818,Antiguo Ahuaypa,0,250103,2501,25,IPARIA,CORONEL PORTILLO,UCAYALI,161,,,False,,465.8,rural
529616,Santa Martha,0,250104,2501,25,MASISEA,CORONEL PORTILLO,UCAYALI,160,,,False,,667.6,rural
241464,Caimito,0,250104,2501,25,MASISEA,CORONEL PORTILLO,UCAYALI,157,,,False,,399.2,rural
513619,Nueva Yarina,0,250104,2501,25,MASISEA,CORONEL PORTILLO,UCAYALI,160,,,False,,248.2,rural
613731,Señor de los Milagros,0,250103,2501,25,IPARIA,CORONEL PORTILLO,UCAYALI,157,,,False,,701.6,rural
532138,Union Vecinal,0,250104,2501,25,MASISEA,CORONEL PORTILLO,UCAYALI,160,,,False,,110.1,rural
621321,Nueva Islandia,0,250103,2501,25,IPARIA,CORONEL PORTILLO,UCAYALI,166,,,False,,383.5,rural
242770,San Luis de Tabacoa,0,250103,2501,25,IPARIA,CORONEL PORTILLO,UCAYALI,167,,,False,,144.3,rural
691944,Flor De Imiria,0,250104,2501,25,MASISEA,CORONEL PORTILLO,UCAYALI,155,,,False,,30.3,rural
215841,Lopez,0,250104,2501,25,MASISEA,CORONEL PORTILLO,UCAYALI,201,,,False,,95.1,rural
239188,Nohaya,0,250104,2501,25,MASISEA,CORONEL PORTILLO,UCAYALI,182,,,False,,167.7,rural
228456,Barion Poza,0,250104,2501,25,MASISEA,CORONEL PORTILLO,UCAYALI,203,,,False,,349.1,rural
549239,Platanal,0,250104,2501,25,MASISEA,CORONEL PORTILLO,UCAYALI,185,,,False,,107.3,rural
620797,Israelita,0,250104,2501,25,MASISEA,CORONEL PORTILLO,UCAYALI,165,,,False,,143.8,rural
531186,Ocaya,0,250104,2501,25,MASISEA,CORONEL PORTILLO,UCAYALI,174,,,False,,375.2,rural
619862,Nuevo Horizonte,0,250104,2501,25,MASISEA,CORONEL PORTILLO,UCAYALI,180,,,False,,593.5,rural
548991,Muillo,0,250104,2501,25,MASISEA,CORONEL PORTILLO,UCAYALI,215,,,False,,243.8,rural
691942,Nuevo Libertad,0,250104,2501,25,MASISEA,CORONEL PORTILLO,UCAYALI,162,,,False,,276.4,rural
653662,Santa Cruz de Capirona,0,250104,2501,25,MASISEA,CORONEL PORTILLO,UCAYALI,225,,,False,,532.9,rural
212169,Yucanillo,0,250104,2501,25,MASISEA,CORONEL PORTILLO,UCAYALI,206,,,False,,299.2,rural
620664,Cambio 90,0,250303,2503,25,CURIMANA,PADRE ABAD,UCAYALI,167,,,False,,496.8,rural
531754,Nueva Florida,0,250302,2503,25,IRAZOLA,PADRE ABAD,UCAYALI,189,59.91413391555743,36.074444973222846,True,00005415,404.4,rural
235564,Boca Apua,0,250301,2503,25,PADRE ABAD,PADRE ABAD,UCAYALI,233,,,False,,407.3,rural
620148,Pueblo Libre,0,250303,2503,25,CURIMANA,PADRE ABAD,UCAYALI,185,10.333057426855857,13.773450786062517,True,00005422,184.8,rural
624245,Nueva Meriba,0,250303,2503,25,CURIMANA,PADRE ABAD,UCAYALI,213,16.345769852948028,14.876146479876708,True,00005422,340.5,rural
514066,Las Mercedes,0,250303,2503,25,CURIMANA,PADRE ABAD,UCAYALI,179,,,False,,2093.2,urbano
217726,Boca San Alejandro,0,250303,2503,25,CURIMANA,PADRE ABAD,UCAYALI,178,,,False,,474.1,rural
225887,Puerto Bolivar,0,250303,2503,25,CURIMANA,PADRE ABAD,UCAYALI,169,0.255119284331443,0.2460885351804935,True,00005422,1992.7,rural
615643,16 de Noviembre,0,250303,2503,25,CURIMANA,PADRE ABAD,UCAYALI,168,14.906474297648616,12.133515673592058,True,00005422,453.2,rural
546178,Tahuapoa 90,0,250303,2503,25,CURIMANA,PADRE ABAD,UCAYALI,163,,,False,,373.9,rural
682931,Santa Rosita de Apua,0,250301,2503,25,PADRE ABAD,PADRE ABAD,UCAYALI,234,,,False,,366.8,rural
652382,Nuevo Satipo,0,250304,2503,25,NESHUYA,PADRE ABAD,UCAYALI,203,23.557673053516353,22.284432286229766,True,00005422,313.7,rural
652380,Agua Dulce,0,250303,2503,25,CURIMANA,PADRE ABAD,UCAYALI,194,,,False,,1124.9,rural
573828,Nueva Jerusalen,0,250304,2503,25,NESHUYA,PADRE ABAD,UCAYALI,193,29.133487313239787,20.684121672064016,True,00005415,322.0,rural
683047,Florida,0,250304,2503,25,NESHUYA,PADRE ABAD,UCAYALI,192,29.133487313239787,20.684121672064016,True,00005415,646.1,rural
683365,El Pedregal,0,250303,2503,25,CURIMANA,PADRE ABAD,UCAYALI,207,50.996561891408554,32.20154249910697,True,00005422,660.1,rural
659677,Los Olivos,0,250304,2503,25,NESHUYA,PADRE ABAD,UCAYALI,254,25.576069114818687,22.887287985983573,True,00005415,674.5,rural
613640,Caserio Chia,0,250302,2503,25,IRAZOLA,PADRE ABAD,UCAYALI,222,56.54221617478642,29.737681961810566,True,00005396,308.7,rural
676247,Arenalillo,0,250303,2503,25,CURIMANA,PADRE ABAD,UCAYALI,174,,,False,,726.9,rural
683657,Kokama Unida Ecologica De Curimana,0,250303,2503,25,CURIMANA,PADRE ABAD,UCAYALI,198,,,False,,695.7,rural
683923,Nueva Leticia,0,250301,2503,25,PADRE ABAD,PADRE ABAD,UCAYALI,218,,,False,,177.8,rural
692027,Libertad,0,250301,2503,25,PADRE ABAD,PADRE ABAD,UCAYALI,274,,,False,,832.4,rural
692030,Vigo,0,250301,2503,25,PADRE ABAD,PADRE ABAD,UCAYALI,246,,,False,,169.2,rural
692051,Las Vegas,0,250302,2503,25,IRAZOLA,PADRE ABAD,UCAYALI,188,59.91413391555743,36.074444973222846,True,00005415,269.8,rural
517535,El Porvenir,0,250102,2501,25,CAMPOVERDE,CORONEL PORTILLO,UCAYALI,157,12.450546681926856,10.894226122874537,True,00005426,395.2,rural
537879,Pimental,0,250102,2501,25,CAMPOVERDE,CORONEL PORTILLO,UCAYALI,207,5.158789821759531,5.943586411809957,True,00005426,379.3,rural
530758,Simon Bolivar,0,250102,2501,25,CAMPOVERDE,CORONEL PORTILLO,UCAYALI,189,15.306238328600305,12.497933767307222,True,00005426,140.3,rural
546172,Nuevo Zegor,0,250106,2501,25,NUEVA REQUENA,CORONEL PORTILLO,UCAYALI,162,,,False,,252.9,rural
547512,Yerbas Buenas / Ivita,0,250102,2501,25,CAMPOVERDE,CORONEL PORTILLO,UCAYALI,197,2.247414985033499,3.080764072732315,True,00005415,357.3,rural
536378,Miraflores,0,250101,2501,25,CALLERIA,CORONEL PORTILLO,UCAYALI,149,1.4957307780327995,0.9023730821013802,True,00031939,26746.9,urbano
410001,Victor Raul Haya de La Torre,0,250304,2503,25,NESHUYA,PADRE ABAD,UCAYALI,197,13.206561482010446,8.550263372298483,True,00005415,406.6,rural
622043,La Frontera,0,250102,2501,25,CAMPOVERDE,CORONEL PORTILLO,UCAYALI,201,1.3924772400296033,1.1875026236387454,True,00005415,401.8,rural
523645,Agua Blanca,0,250102,2501,25,CAMPOVERDE,CORONEL PORTILLO,UCAYALI,200,9.964683093229272,12.475635134904511,True,00005426,348.3,rural
410046,San Martin,0,250304,2503,25,NESHUYA,PADRE ABAD,UCAYALI,198,0.7875416739123063,1.0500555652164085,True,00005415,625.2,rural
513508,Villa Mercedes,0,250304,2503,25,NESHUYA,PADRE ABAD,UCAYALI,190,10.223592391821203,13.631456522428271,True,00005415,376.7,rural
547457,Nueva Esperanza,0,250102,2501,25,CAMPOVERDE,CORONEL PORTILLO,UCAYALI,206,13.564743753984116,17.11476060538144,True,00005426,159.4,rural
410045,Nueva Segor,0,250102,2501,25,CAMPOVERDE,CORONEL PORTILLO,UCAYALI,201,,,False,,205.9,rural
527850,Santa Rosa de Lima,0,250102,2501,25,CAMPOVERDE,CORONEL PORTILLO,UCAYALI,200,7.578027982417422,11.641284277557181,True,00005415,282.9,rural
649969,Santa Catalina,0,250102,2501,25,CAMPOVERDE,CORONEL PORTILLO,UCAYALI,198,15.085162519049016,14.419936617168743,True,00005426,227.2,rural
534774,Tupac Amaru,0,250107,2501,25,MANANTAY,CORONEL PORTILLO,UCAYALI,150,32.23108954575642,20.65582516054433,True,00005577,273.4,rural
523794,Nuevo Santa Rosa,0,250102,2501,25,CAMPOVERDE,CORONEL PORTILLO,UCAYALI,193,23.559216363433652,19.681470199127784,True,00005415,324.6,rural
210897,Jose Olaya,0,250107,2501,25,MANANTAY,CORONEL PORTILLO,UCAYALI,149,25.25914711242164,12.993967441342107,True,00005554,776.9,rural
233474,San Jorje,0,250102,2501,25,CAMPOVERDE,CORONEL PORTILLO,UCAYALI,190,2.196703498346806,2.1252924585626896,True,00005426,853.9,rural
651043,Los Angeles,0,250102,2501,25,CAMPOVERDE,CORONEL PORTILLO,UCAYALI,187,36.691894753046924,23.19076197953053,True,00005426,166.3,rural
616790,Monte Sinai,0,250303,2503,25,CURIMANA,PADRE ABAD,UCAYALI,178,15.946497168460597,18.355497961822806,True,00005422,117.0,rural
528550,Los Vencedores,0,250102,2501,25,CAMPOVERDE,CORONEL PORTILLO,UCAYALI,205,11.46975560883956,9.2657629942616,True,00005426,190.1,rural
542974,La Florida,0,250107,2501,25,MANANTAY,CORONEL PORTILLO,UCAYALI,145,19.836107542587147,10.069402042148464,True,00005577,1083.7,rural
213795,Tres Unidos,0,250101,2501,25,CALLERIA,CORONEL PORTILLO,UCAYALI,144,33.03711983035173,16.951149825736643,True,00010148,389.0,rural
310924,Agricola El Sol,0,250105,2501,25,YARINACOCHA,CORONEL PORTILLO,UCAYALI,155,,,False,,24.7,rural
524966,Tres Islas,0,250106,2501,25,NUEVA REQUENA,CORONEL PORTILLO,UCAYALI,151,,,False,,550.1,rural
246349,Ipuatia,0,250105,2501,25,YARINACOCHA,CORONEL PORTILLO,UCAYALI,143,,,False,,1159.8,rural
538528,Ishuatia,0,250105,2501,25,YARINACOCHA,CORONEL PORTILLO,UCAYALI,146,7.127694043511951,2.9206815567240163,True,00005534,2924.0,urbano
224575,Manantay,0,250107,2501,25,MANANTAY,CORONEL PORTILLO,UCAYALI,150,15.076961588596324,7.563970001386921,True,00005577,977.9,rural
545277,Victor Raul,0,250102,2501,25,CAMPOVERDE,CORONEL PORTILLO,UCAYALI,192,,,False,,157.1,rural
612602,Nuevo San Juan de Sheshea,0,250106,2501,25,NUEVA REQUENA,CORONEL PORTILLO,UCAYALI,154,41.034503336140325,25.23667557636268,True,00005443,82.3,rural
523311,Mariscal Sucre,0,250105,2501,25,YARINACOCHA,CORONEL PORTILLO,UCAYALI,147,,,False,,1379.3,rural
410011,7 de Junio,0,250105,2501,25,YARINACOCHA,CORONEL PORTILLO,UCAYALI,150,14.80323378468838,8.051729165161943,True,00005534,881.6,rural
233233,Alan Garcia Perez,0,250107,2501,25,MANANTAY,CORONEL PORTILLO,UCAYALI,149,,,False,,303.4,rural
410038,Nuevo San Martin,0,250101,2501,25,CALLERIA,CORONEL PORTILLO,UCAYALI,144,,,False,,77.0,rural
212121,Vista Alegre,0,250102,2501,25,CAMPOVERDE,CORONEL PORTILLO,UCAYALI,190,7.489400744365456,5.821807082647094,True,00005426,178.0,rural
541227,Vista Alegre,0,250101,2501,25,CALLERIA,CORONEL PORTILLO,UCAYALI,146,9.840567648521306,5.285944168695453,True,00011058,1114.7,rural
613658,2 de Mayo,0,250105,2501,25,YARINACOCHA,CORONEL PORTILLO,UCAYALI,150,25.469757290785104,13.53631454634213,True,00005534,231.4,rural
512442,Federico Basadre,0,250105,2501,25,YARINACOCHA,CORONEL PORTILLO,UCAYALI,153,4.977819822338317,3.507611034433023,True,00005577,22620.2,urbano
546779,Señor de Los Milagros,0,250102,2501,25,CAMPOVERDE,CORONEL PORTILLO,UCAYALI,159,23.53590921353408,17.104874794020667,True,00005426,163.5,rural
549916,Las Palmeras,0,250106,2501,25,NUEVA REQUENA,CORONEL PORTILLO,UCAYALI,174,,,False,,91.8,rural
117673,Puerto Callao,3,250105,2501,25,YARINACOCHA,CORONEL PORTILLO,UCAYALI,156,2.0072878264892067,1.65008540705432,True,00010148,27675.8,urbano
510795,Chelita,0,250106,2501,25,NUEVA REQUENA,CORONEL PORTILLO,UCAYALI,177,,,False,,770.8,rural
547635,Contralmirante Miguel Grau,0,250102,2501,25,CAMPOVERDE,CORONEL PORTILLO,UCAYALI,156,30.130644913762776,23.287572250989353,True,00005426,398.6,rural
514527,Bethel,0,250105,2501,25,YARINACOCHA,CORONEL PORTILLO,UCAYALI,150,17.85012247225643,10.997518517465782,True,00005577,2784.5,urbano
617856,Adventista,0,250105,2501,25,YARINACOCHA,CORONEL PORTILLO,UCAYALI,148,0.19987073559593033,0.09993536779796518,True,00005534,4109.5,urbano
547185,Cedro Isla,0,250106,2501,25,NUEVA REQUENA,CORONEL PORTILLO,UCAYALI,153,,,False,,83.7,rural
220785,La Esperanza,0,250106,2501,25,NUEVA REQUENA,CORONEL PORTILLO,UCAYALI,147,,,False,,222.7,rural
512062,Nuevo Paraiso,0,250105,2501,25,YARINACOCHA,CORONEL PORTILLO,UCAYALI,153,31.287295770293607,16.96813950058709,True,00005534,940.0,rural
626060,Nuevo Israel,0,250106,2501,25,NUEVA REQUENA,CORONEL PORTILLO,UCAYALI,167,,,False,,512.8,rural
518258,Pueblo Catolico,0,250101,2501,25,CALLERIA,CORONEL PORTILLO,UCAYALI,145,,,False,,354.4,rural
517498,Nueva Union Zapotillo,0,250105,2501,25,YARINACOCHA,CORONEL PORTILLO,UCAYALI,157,42.93073660727055,24.016653311612362,True,00005443,138.5,rural
550072,Liberal,0,250101,2501,25,CALLERIA,CORONEL PORTILLO,UCAYALI,143,,,False,,206.4,rural
131354,San Antonio Viejo,0,250101,2501,25,CALLERIA,CORONEL PORTILLO,UCAYALI,151,,,False,,312.1,rural
614402,San Pedro Bello Horizonte,0,250105,2501,25,YARINACOCHA,CORONEL PORTILLO,UCAYALI,146,,,False,,377.6,rural
615952,Monte del Inca,0,250101,2501,25,CALLERIA,CORONEL PORTILLO,UCAYALI,154,,,False,,227.7,rural
536897,Alejandria,0,250101,2501,25,CALLERIA,CORONEL PORTILLO,UCAYALI,146,,,False,,220.8,rural
531320,Miraflores,0,250106,2501,25,NUEVA REQUENA,CORONEL PORTILLO,UCAYALI,146,,,False,,118.6,rural
617140,Padre Bernardo Mercier,0,250105,2501,25,YARINACOCHA,CORONEL PORTILLO,UCAYALI,156,22.957282495703012,12.80313286329179,True,00005534,433.4,rural
529001,San Pablo De Tushmo,0,250105,2501,25,YARINACOCHA,CORONEL PORTILLO,UCAYALI,152,4.303594995705675,2.239198886374772,True,00005539,13584.3,urbano
234870,Nueva Alejandria,0,250105,2501,25,YARINACOCHA,CORONEL PORTILLO,UCAYALI,143,,,False,,548.9,rural
617216,Agricola el Sol,0,250105,2501,25,YARINACOCHA,CORONEL PORTILLO,UCAYALI,159,24.095693502796685,12.047846751398342,True,00005443,197.8,rural
228164,Boca Juanito,0,250106,2501,25,NUEVA REQUENA,CORONEL PORTILLO,UCAYALI,150,,,False,,314.7,rural
410061,Nuevo San Antonio,0,250101,2501,25,CALLERIA,CORONEL PORTILLO,UCAYALI,148,,,False,,206.3,rural
652362,Pimientacocha,0,250102,2501,25,CAMPOVERDE,CORONEL PORTILLO,UCAYALI,191,6.537832429761422,4.68433625938114,True,00005426,2234.1,urbano
652486,Pueblo Nuevo,0,250105,2501,25,YARINACOCHA,CORONEL PORTILLO,UCAYALI,149,,,False,,662.6,rural
683189,Nuevo Pucallpa,0,250101,2501,25,CALLERIA,CORONEL PORTILLO,UCAYALI,156,8.075296206967757,7.726167573389676,True,00005577,19106.3,urbano
683190,Asociacion Civil Damnificados De Ucayali,0,250101,2501,25,CALLERIA,CORONEL PORTILLO,UCAYALI,154,5.742349058232646,3.332097414975649,True,00005577,3804.9,urbano
683196,Fray Martin,0,250101,2501,25,CALLERIA,CORONEL PORTILLO,UCAYALI,148,1.607960661615089,0.9645922417401435,True,00016041,3566.1,urbano
683197,Corazon De Yarina,0,250105,2501,25,YARINACOCHA,CORONEL PORTILLO,UCAYALI,150,2.095782327279267,1.152388738810894,True,00005539,37318.9,urbano
683198,Jose Olaya,0,250101,2501,25,CALLERIA,CORONEL PORTILLO,UCAYALI,148,1.2249812396835345,0.6124906198417673,True,00005567,8920.9,urbano
683232,Mario Pezo,0,250107,2501,25,MANANTAY,CORONEL PORTILLO,UCAYALI,153,2.8050948803981726,1.7618945976202502,True,00027062,1776.0,rural
683233,Nuevo Manantay,0,250107,2501,25,MANANTAY,CORONEL PORTILLO,UCAYALI,155,4.454520228545024,2.627994462103583,True,00027062,2823.7,urbano
683235,5 De Setiembre,0,250107,2501,25,MANANTAY,CORONEL PORTILLO,UCAYALI,156,3.61429369749147,2.2514093704108964,True,00027062,2566.6,urbano
683239,Sargento Lores,0,250107,2501,25,MANANTAY,CORONEL PORTILLO,UCAYALI,156,2.1959269679961015,1.2926360880110224,True,00027062,13453.1,urbano
683240,Juan Silva Bocanegra,0,250101,2501,25,CALLERIA,CORONEL PORTILLO,UCAYALI,152,6.0678444465830665,3.8198881173251547,True,00005577,5487.9,urbano
683244,Isabel La Catolica,0,250101,2501,25,CALLERIA,CORONEL PORTILLO,UCAYALI,151,4.150891816109098,2.1009351151433076,True,00005577,11252.5,urbano
683247,San Rafael II Etapa,0,250107,2501,25,MANANTAY,CORONEL PORTILLO,UCAYALI,149,0.988066611446314,0.6758186713552298,True,00032739,34450.6,urbano
683249,Marlon Torres,0,250101,2501,25,CALLERIA,CORONEL PORTILLO,UCAYALI,153,1.3168621364745488,0.6839202753260332,True,00005577,19428.3,urbano
683276,20 De Diciembre,0,250107,2501,25,MANANTAY,CORONEL PORTILLO,UCAYALI,148,2.656200406242553,1.55651289112298,True,00027062,9009.6,urbano
655689,Ricardo Palma,0,250105,2501,25,YARINACOCHA,CORONEL PORTILLO,UCAYALI,158,31.325295937963993,17.06352609111935,True,00005443,141.1,rural
655664,Luz Divina,0,250107,2501,25,MANANTAY,CORONEL PORTILLO,UCAYALI,150,3.6784820273761674,1.8935406474387642,True,00027062,8700.6,urbano
655688,Nuevo Belen,0,250107,2501,25,MANANTAY,CORONEL PORTILLO,UCAYALI,156,26.56120651198887,17.82088364366057,True,00005577,754.0,rural
611671,Monte de los Olivos,0,250304,2503,25,NESHUYA,PADRE ABAD,UCAYALI,184,5.335048150933328,6.8946038116877535,True,00005415,722.7,rural
521020,Juventud,0,250102,2501,25,CAMPOVERDE,CORONEL PORTILLO,UCAYALI,155,39.70424552135888,24.57154666897196,True,00005443,95.6,rural
659631,Santa Elena,0,250101,2501,25,CALLERIA,CORONEL PORTILLO,UCAYALI,150,,,False,,1438.8,rural
659678,Union Centro Raya,0,250304,2503,25,NESHUYA,PADRE ABAD,UCAYALI,172,20.506935305591764,20.59658791235352,True,00005415,184.0,rural
556095,11 De Julio,0,250101,2501,25,CALLERIA,CORONEL PORTILLO,UCAYALI,155,0.22786688053168522,0.11393344026584265,True,00005552,24834.6,urbano
652028,Jorge Basadre,0,250107,2501,25,MANANTAY,CORONEL PORTILLO,UCAYALI,143,20.036446830689297,10.382617300475937,True,00005554,252.8,rural
652036,Luz Y Paz,0,250107,2501,25,MANANTAY,CORONEL PORTILLO,UCAYALI,147,17.837215848183714,9.283001809223146,True,00005554,972.8,rural
652368,San Jose de Tunuya,0,250102,2501,25,CAMPOVERDE,CORONEL PORTILLO,UCAYALI,161,34.47743484622793,21.95814133140648,True,00005443,94.8,rural
652361,20 de Mayo,0,250106,2501,25,NUEVA REQUENA,CORONEL PORTILLO,UCAYALI,181,,,False,,88.4,rural
653630,Flor del Valle,0,250303,2503,25,CURIMANA,PADRE ABAD,UCAYALI,184,18.732733197476758,16.47937296772712,True,00005422,304.1,rural
615356,Nuevo Egipto,0,250105,2501,25,YARINACOCHA,CORONEL PORTILLO,UCAYALI,152,19.12365677908269,10.886320004981625,True,00005534,174.3,rural
226462,Nueva Belgica,0,250105,2501,25,YARINACOCHA,CORONEL PORTILLO,UCAYALI,144,,,False,,327.0,rural
540527,Santa Clara de Uchunya,0,250106,2501,25,NUEVA REQUENA,CORONEL PORTILLO,UCAYALI,151,33.82426916011257,16.91213458005629,True,00005443,230.0,rural
573273,San Andres de Neshuya,0,250102,2501,25,CAMPOVERDE,CORONEL PORTILLO,UCAYALI,171,35.42284541419996,25.61328472451094,True,00005415,261.7,rural
234670,Santa Rosa,0,250105,2501,25,YARINACOCHA,CORONEL PORTILLO,UCAYALI,151,11.129828871590965,5.625643395288437,True,00005534,1986.6,rural
410080,Nuevo San Alejandro,0,250304,2503,25,NESHUYA,PADRE ABAD,UCAYALI,188,7.3408536185329485,9.787804824710598,True,00005415,395.7,rural
517907,Nueva Primavera,0,250102,2501,25,CAMPOVERDE,CORONEL PORTILLO,UCAYALI,152,23.959892111391774,19.173737049408683,True,00005426,155.1,rural
221142,San Luis,0,250105,2501,25,YARINACOCHA,CORONEL PORTILLO,UCAYALI,155,4.638485938508579,3.5852285822835634,True,00005577,14743.9,urbano
539432,Palestina,0,250105,2501,25,YARINACOCHA,CORONEL PORTILLO,UCAYALI,149,,,False,,364.3,rural
110237,Chancay,0,250101,2501,25,CALLERIA,CORONEL PORTILLO,UCAYALI,147,,,False,,189.7,rural
680684,San Martin,0,250107,2501,25,MANANTAY,CORONEL PORTILLO,UCAYALI,154,,,False,,674.6,rural
682203,La Paz,0,250105,2501,25,YARINACOCHA,CORONEL PORTILLO,UCAYALI,151,2.911462060917853,1.5455598714063001,True,00005539,27390.5,urbano
682699,Nueva Union,0,250102,2501,25,CAMPOVERDE,CORONEL PORTILLO,UCAYALI,152,14.953851989312268,14.799877253789573,True,00005426,1088.1,rural
683597,Caserio Amocao,0,250105,2501,25,YARINACOCHA,CORONEL PORTILLO,UCAYALI,152,15.724650412478347,10.937754912195867,True,00005577,4544.4,urbano
683600,5 de Agosto,0,250101,2501,25,CALLERIA,CORONEL PORTILLO,UCAYALI,144,3.2532109927751285,1.9697717708411866,True,00011058,811.6,rural
683601,Fundo Pendencia,0,250102,2501,25,CAMPOVERDE,CORONEL PORTILLO,UCAYALI,150,12.376396129491413,10.671128307812944,True,00005577,3208.8,urbano
683602,Santa Isabel,0,250102,2501,25,CAMPOVERDE,CORONEL PORTILLO,UCAYALI,152,25.62749275518367,20.285470811936616,True,00005426,95.0,rural
624928,El Triunfo,0,250304,2503,25,NESHUYA,PADRE ABAD,UCAYALI,205,2.7891981073521888,3.2656984738076766,True,00005415,505.0,rural
683920,Nuevo Belen,0,250101,2501,25,CALLERIA,CORONEL PORTILLO,UCAYALI,141,1.691014253532574,1.0909717867219402,True,00011058,1571.2,rural
684086,Los Portales,0,250105,2501,25,YARINACOCHA,CORONEL PORTILLO,UCAYALI,147,,,False,,301.3,rural
691932,Tiwinza,0,250102,2501,25,CAMPOVERDE,CORONEL PORTILLO,UCAYALI,151,24.898282839900553,17.168565328242792,True,00005443,152.5,rural
691948,Venado,0,250105,2501,25,YARINACOCHA,CORONEL PORTILLO,UCAYALI,148,38.22773725300237,21.665153634478266,True,00005443,77.2,rural
692072,Victor Raul,0,250304,2503,25,NESHUYA,PADRE ABAD,UCAYALI,207,13.397130960787518,8.64554811168702,True,00005415,282.0,rural
512687,Tahuantinsuyo,0,250101,2501,25,CALLERIA,CORONEL PORTILLO,UCAYALI,151,,,False,,1223.6,rural
121471,Masisea,3,250104,2501,25,MASISEA,CORONEL PORTILLO,UCAYALI,157,,,False,,281.4,rural
612126,Nuevo San Rafael,0,250104,2501,25,MASISEA,CORONEL PORTILLO,UCAYALI,162,,,False,,60.2,rural
241712,Tamaya,0,250104,2501,25,MASISEA,CORONEL PORTILLO,UCAYALI,152,,,False,,102.4,rural
537417,Nuevo Callao,0,250104,2501,25,MASISEA,CORONEL PORTILLO,UCAYALI,164,,,False,,129.3,rural
521534,Basazan,0,250107,2501,25,MANANTAY,CORONEL PORTILLO,UCAYALI,148,,,False,,713.0,rural
127418,Luz Linda,0,250107,2501,25,MANANTAY,CORONEL PORTILLO,UCAYALI,143,,,False,,313.3,rural
410012,Isla San Lorenzo,0,250107,2501,25,MANANTAY,CORONEL PORTILLO,UCAYALI,154,,,False,,366.2,rural
544312,Nuevo Horizonte de Moena,0,250101,2501,25,CALLERIA,CORONEL PORTILLO,UCAYALI,151,,,False,,206.7,rural
515896,3 de Mayo,0,250104,2501,25,MASISEA,CORONEL PORTILLO,UCAYALI,150,,,False,,257.3,rural
543149,Tercera Union,0,250104,2501,25,MASISEA,CORONEL PORTILLO,UCAYALI,155,,,False,,132.6,rural
410018,Miraflores,0,250101,2501,25,CALLERIA,CORONEL PORTILLO,UCAYALI,151,,,False,,160.3,rural
541180,Nuevo Obrero,0,250101,2501,25,CALLERIA,CORONEL PORTILLO,UCAYALI,150,,,False,,92.3,rural
530926,Shinllya,0,250101,2501,25,CALLERIA,CORONEL PORTILLO,UCAYALI,160,,,False,,363.6,rural
410017,San Juan de Calleria,0,250101,2501,25,CALLERIA,CORONEL PORTILLO,UCAYALI,150,,,False,,160.7,rural
210100,Santa Rosa del Alto Abujao,0,250101,2501,25,CALLERIA,CORONEL PORTILLO,UCAYALI,170,,,False,,56.7,rural
219226,Sargento Lores,0,250101,2501,25,CALLERIA,CORONEL PORTILLO,UCAYALI,165,,,False,,316.8,rural
122569,Villa Esther,0,250101,2501,25,CALLERIA,CORONEL PORTILLO,UCAYALI,151,,,False,,360.4,rural
549999,Libertad,0,250101,2501,25,CALLERIA,CORONEL PORTILLO,UCAYALI,148,,,False,,276.7,rural
529479,Nuevo Angamos,0,250101,2501,25,CALLERIA,CORONEL PORTILLO,UCAYALI,142,,,False,,1786.3,rural
519884,Pifayal,0,250101,2501,25,CALLERIA,CORONEL PORTILLO,UCAYALI,150,,,False,,244.5,rural
545902,Shanabaquia,0,250101,2501,25,CALLERIA,CORONEL PORTILLO,UCAYALI,149,,,False,,209.1,rural
515186,Pao,0,250101,2501,25,CALLERIA,CORONEL PORTILLO,UCAYALI,141,,,False,,527.0,rural
534441,Las Mercedes,0,250101,2501,25,CALLERIA,CORONEL PORTILLO,UCAYALI,221,,,False,,655.4,rural
624116,Sargento Lores Rio Abujao,0,250101,2501,25,CALLERIA,CORONEL PORTILLO,UCAYALI,164,,,False,,95.0,rural
216797,Nuevo Utuquinia,0,250101,2501,25,CALLERIA,CORONEL PORTILLO,UCAYALI,152,,,False,,208.7,rural
410044,Ramal,0,250101,2501,25,CALLERIA,CORONEL PORTILLO,UCAYALI,150,,,False,,205.1,rural
544776,Santa Sofia,0,250101,2501,25,CALLERIA,CORONEL PORTILLO,UCAYALI,150,,,False,,746.9,rural
617900,Nuevo Paraiso de Mashangay,0,250101,2501,25,CALLERIA,CORONEL PORTILLO,UCAYALI,149,,,False,,410.6,rural
544257,Santo Domingo de Mashangay,0,250101,2501,25,CALLERIA,CORONEL PORTILLO,UCAYALI,149,,,False,,1056.3,rural
652363,Monte de Los Olivos,0,250104,2501,25,MASISEA,CORONEL PORTILLO,UCAYALI,151,77.43563644406655,39.08221210716456,True,00005554,188.0,rural
513005,San Francisco de Asis,0,250101,2501,25,CALLERIA,CORONEL PORTILLO,UCAYALI,151,,,False,,517.4,rural
659604,Santa Maria,0,250104,2501,25,MASISEA,CORONEL PORTILLO,UCAYALI,156,73.72331221709861,37.22604999368058,True,00005554,610.4,rural
659625,Las Brisas,0,250104,2501,25,MASISEA,CORONEL PORTILLO,UCAYALI,167,,,False,,250.3,rural
682365,Jose Carlos Mariategui,0,250101,2501,25,CALLERIA,CORONEL PORTILLO,UCAYALI,155,,,False,,682.1,rural
547067,Nueva Vida,0,250101,2501,25,CALLERIA,CORONEL PORTILLO,UCAYALI,157,,,False,,587.9,rural
574233,Fraternidad Unida,0,250104,2501,25,MASISEA,CORONEL PORTILLO,UCAYALI,151,,,False,,58.8,rural
573096,Leoncio Prado De Mashangay,0,250101,2501,25,CALLERIA,CORONEL PORTILLO,UCAYALI,158,,,False,,583.6,rural
652357,Nuevo Bagazan,0,250107,2501,25,MANANTAY,CORONEL PORTILLO,UCAYALI,153,60.83577452565248,30.782281147957526,True,00005554,541.9,rural
520317,Preferida de Charasmana,0,250104,2501,25,MASISEA,CORONEL PORTILLO,UCAYALI,162,,,False,,107.9,rural
548662,Mario Vargas Llosa,0,250104,2501,25,MASISEA,CORONEL PORTILLO,UCAYALI,150,,,False,,111.4,rural
528858,Curimana,0,250104,2501,25,MASISEA,CORONEL PORTILLO,UCAYALI,153,,,False,,98.9,rural
515216,Nueva Luz,0,250104,2501,25,MASISEA,CORONEL PORTILLO,UCAYALI,160,,,False,,714.9,rural
518228,Santa Rosa de Tarahui,0,250101,2501,25,CALLERIA,CORONEL PORTILLO,UCAYALI,208,,,False,,323.9,rural
516950,San Mateo,0,250101,2501,25,CALLERIA,CORONEL PORTILLO,UCAYALI,201,,,False,,1401.1,rural
555947,24  de Setiembre,0,250101,2501,25,CALLERIA,CORONEL PORTILLO,UCAYALI,172,,,False,,308.7,rural
655660,Nueva Libertad,0,250101,2501,25,CALLERIA,CORONEL PORTILLO,UCAYALI,187,,,False,,379.9,rural
684097,3 de Junio,0,250101,2501,25,CALLERIA,CORONEL PORTILLO,UCAYALI,196,,,False,,357.0,rural
617422,Union Progreso,0,250106,2501,25,NUEVA REQUENA,CORONEL PORTILLO,UCAYALI,158,,,False,,296.1,rural
522773,San Miguel de Panaillo,0,250105,2501,25,YARINACOCHA,CORONEL PORTILLO,UCAYALI,155,,,False,,41.7,rural
131173,Panaillo,0,250105,2501,25,YARINACOCHA,CORONEL PORTILLO,UCAYALI,154,,,False,,479.7,rural
573956,Nuevo San Marcos,0,250105,2501,25,YARINACOCHA,CORONEL PORTILLO,UCAYALI,148,,,False,,81.4,rural
237690,Calleria,0,250101,2501,25,CALLERIA,CORONEL PORTILLO,UCAYALI,143,,,False,,636.7,rural
548541,Guacamayo,0,250101,2501,25,CALLERIA,CORONEL PORTILLO,UCAYALI,162,,,False,,915.6,rural
564132,Nueva Union,0,250101,2501,25,CALLERIA,CORONEL PORTILLO,UCAYALI,159,,,False,,371.4,rural
574210,Santa Rosa de Puhaya,0,250101,2501,25,CALLERIA,CORONEL PORTILLO,UCAYALI,164,,,False,,262.8,rural
410065,7 de Julio,0,250101,2501,25,CALLERIA,CORONEL PORTILLO,UCAYALI,164,,,False,,1557.3,rural
680714,Milagros,0,250101,2501,25,CALLERIA,CORONEL PORTILLO,UCAYALI,250,,,False,,2095.6,urbano
